Workbook

Sheet 趋势查询
A1: 作品名称： | B1: 师途
A2: 在黄色格子里输入作品名，或点右侧小箭头从列表里选；空白表示当时没有数据（未上榜）
A4: 日期 | B4: 付费榜排名 | C4: 人气日增 | D4: 收藏日增 | E4: 点赞日增
A5: 2026-10-05 | B5: =IFERROR(INDEX('付费榜每日排名'!$A$1:$N$362,MATCH($B$1,'付费榜每日排名'!$A$1:$A$362,0),MATCH($A5,'付费榜每日排名'!$A$1:$N$1,0)),NA()) | C5: =IFERROR(INDEX('人气日增'!$A$1:$M$548,MATCH($B$1,'人气日增'!$A$1:$A$548,0),MATCH($A5,'人气日增'!$A$1:$M$1,0)),NA()) | D5: =IFERROR(INDEX('收藏日增'!$A$1:$M$548,MATCH($B$1,'收藏日增'!$A$1:$A$548,0),MATCH($A5,'收藏日增'!$A$1:$M$1,0)),NA()) | E5: =IFERROR(INDEX('点赞日增'!$A$1:$M$548,MATCH($B$1,'点赞日增'!$A$1:$A$548,0),MATCH($A5,'点赞日增'!$A$1:$M$1,0)),NA())
A6: 2026-10-06 | B6: =IFERROR(INDEX('付费榜每日排名'!$A$1:$N$362,MATCH($B$1,'付费榜每日排名'!$A$1:$A$362,0),MATCH($A6,'付费榜每日排名'!$A$1:$N$1,0)),NA()) | C6: =IFERROR(INDEX('人气日增'!$A$1:$M$548,MATCH($B$1,'人气日增'!$A$1:$A$548,0),MATCH($A6,'人气日增'!$A$1:$M$1,0)),NA()) | D6: =IFERROR(INDEX('收藏日增'!$A$1:$M$548,MATCH($B$1,'收藏日增'!$A$1:$A$548,0),MATCH($A6,'收藏日增'!$A$1:$M$1,0)),NA()) | E6: =IFERROR(INDEX('点赞日增'!$A$1:$M$548,MATCH($B$1,'点赞日增'!$A$1:$A$548,0),MATCH($A6,'点赞日增'!$A$1:$M$1,0)),NA())
A7: 2026-10-07 | B7: =IFERROR(INDEX('付费榜每日排名'!$A$1:$N$362,MATCH($B$1,'付费榜每日排名'!$A$1:$A$362,0),MATCH($A7,'付费榜每日排名'!$A$1:$N$1,0)),NA()) | C7: =IFERROR(INDEX('人气日增'!$A$1:$M$548,MATCH($B$1,'人气日增'!$A$1:$A$548,0),MATCH($A7,'人气日增'!$A$1:$M$1,0)),NA()) | D7: =IFERROR(INDEX('收藏日增'!$A$1:$M$548,MATCH($B$1,'收藏日增'!$A$1:$A$548,0),MATCH($A7,'收藏日增'!$A$1:$M$1,0)),NA()) | E7: =IFERROR(INDEX('点赞日增'!$A$1:$M$548,MATCH($B$1,'点赞日增'!$A$1:$A$548,0),MATCH($A7,'点赞日增'!$A$1:$M$1,0)),NA())
A8: 2026-10-08 | B8: =IFERROR(INDEX('付费榜每日排名'!$A$1:$N$362,MATCH($B$1,'付费榜每日排名'!$A$1:$A$362,0),MATCH($A8,'付费榜每日排名'!$A$1:$N$1,0)),NA()) | C8: =IFERROR(INDEX('人气日增'!$A$1:$M$548,MATCH($B$1,'人气日增'!$A$1:$A$548,0),MATCH($A8,'人气日增'!$A$1:$M$1,0)),NA()) | D8: =IFERROR(INDEX('收藏日增'!$A$1:$M$548,MATCH($B$1,'收藏日增'!$A$1:$A$548,0),MATCH($A8,'收藏日增'!$A$1:$M$1,0)),NA()) | E8: =IFERROR(INDEX('点赞日增'!$A$1:$M$548,MATCH($B$1,'点赞日增'!$A$1:$A$548,0),MATCH($A8,'点赞日增'!$A$1:$M$1,0)),NA())
A9: 2026-10-09 | B9: =IFERROR(INDEX('付费榜每日排名'!$A$1:$N$362,MATCH($B$1,'付费榜每日排名'!$A$1:$A$362,0),MATCH($A9,'付费榜每日排名'!$A$1:$N$1,0)),NA()) | C9: =IFERROR(INDEX('人气日增'!$A$1:$M$548,MATCH($B$1,'人气日增'!$A$1:$A$548,0),MATCH($A9,'人气日增'!$A$1:$M$1,0)),NA()) | D9: =IFERROR(INDEX('收藏日增'!$A$1:$M$548,MATCH($B$1,'收藏日增'!$A$1:$A$548,0),MATCH($A9,'收藏日增'!$A$1:$M$1,0)),NA()) | E9: =IFERROR(INDEX('点赞日增'!$A$1:$M$548,MATCH($B$1,'点赞日增'!$A$1:$A$548,0),MATCH($A9,'点赞日增'!$A$1:$M$1,0)),NA())
A10: 2026-10-10 | B10: =IFERROR(INDEX('付费榜每日排名'!$A$1:$N$362,MATCH($B$1,'付费榜每日排名'!$A$1:$A$362,0),MATCH($A10,'付费榜每日排名'!$A$1:$N$1,0)),NA()) | C10: =IFERROR(INDEX('人气日增'!$A$1:$M$548,MATCH($B$1,'人气日增'!$A$1:$A$548,0),MATCH($A10,'人气日增'!$A$1:$M$1,0)),NA()) | D10: =IFERROR(INDEX('收藏日增'!$A$1:$M$548,MATCH($B$1,'收藏日增'!$A$1:$A$548,0),MATCH($A10,'收藏日增'!$A$1:$M$1,0)),NA()) | E10: =IFERROR(INDEX('点赞日增'!$A$1:$M$548,MATCH($B$1,'点赞日增'!$A$1:$A$548,0),MATCH($A10,'点赞日增'!$A$1:$M$1,0)),NA())
A11: 2026-10-11 | B11: =IFERROR(INDEX('付费榜每日排名'!$A$1:$N$362,MATCH($B$1,'付费榜每日排名'!$A$1:$A$362,0),MATCH($A11,'付费榜每日排名'!$A$1:$N$1,0)),NA()) | C11: =IFERROR(INDEX('人气日增'!$A$1:$M$548,MATCH($B$1,'人气日增'!$A$1:$A$548,0),MATCH($A11,'人气日增'!$A$1:$M$1,0)),NA()) | D11: =IFERROR(INDEX('收藏日增'!$A$1:$M$548,MATCH($B$1,'收藏日增'!$A$1:$A$548,0),MATCH($A11,'收藏日增'!$A$1:$M$1,0)),NA()) | E11: =IFERROR(INDEX('点赞日增'!$A$1:$M$548,MATCH($B$1,'点赞日增'!$A$1:$A$548,0),MATCH($A11,'点赞日增'!$A$1:$M$1,0)),NA())
A12: 2026-10-12 | B12: =IFERROR(INDEX('付费榜每日排名'!$A$1:$N$362,MATCH($B$1,'付费榜每日排名'!$A$1:$A$362,0),MATCH($A12,'付费榜每日排名'!$A$1:$N$1,0)),NA()) | C12: =IFERROR(INDEX('人气日增'!$A$1:$M$548,MATCH($B$1,'人气日增'!$A$1:$A$548,0),MATCH($A12,'人气日增'!$A$1:$M$1,0)),NA()) | D12: =IFERROR(INDEX('收藏日增'!$A$1:$M$548,MATCH($B$1,'收藏日增'!$A$1:$A$548,0),MATCH($A12,'收藏日增'!$A$1:$M$1,0)),NA()) | E12: =IFERROR(INDEX('点赞日增'!$A$1:$M$548,MATCH($B$1,'点赞日增'!$A$1:$A$548,0),MATCH($A12,'点赞日增'!$A$1:$M$1,0)),NA())
A13: 2026-10-13 | B13: =IFERROR(INDEX('付费榜每日排名'!$A$1:$N$362,MATCH($B$1,'付费榜每日排名'!$A$1:$A$362,0),MATCH($A13,'付费榜每日排名'!$A$1:$N$1,0)),NA()) | C13: =IFERROR(INDEX('人气日增'!$A$1:$M$548,MATCH($B$1,'人气日增'!$A$1:$A$548,0),MATCH($A13,'人气日增'!$A$1:$M$1,0)),NA()) | D13: =IFERROR(INDEX('收藏日增'!$A$1:$M$548,MATCH($B$1,'收藏日增'!$A$1:$A$548,0),MATCH($A13,'收藏日增'!$A$1:$M$1,0)),NA()) | E13: =IFERROR(INDEX('点赞日增'!$A$1:$M$548,MATCH($B$1,'点赞日增'!$A$1:$A$548,0),MATCH($A13,'点赞日增'!$A$1:$M$1,0)),NA())
A14: 2026-10-14 | B14: =IFERROR(INDEX('付费榜每日排名'!$A$1:$N$362,MATCH($B$1,'付费榜每日排名'!$A$1:$A$362,0),MATCH($A14,'付费榜每日排名'!$A$1:$N$1,0)),NA()) | C14: =IFERROR(INDEX('人气日增'!$A$1:$M$548,MATCH($B$1,'人气日增'!$A$1:$A$548,0),MATCH($A14,'人气日增'!$A$1:$M$1,0)),NA()) | D14: =IFERROR(INDEX('收藏日增'!$A$1:$M$548,MATCH($B$1,'收藏日增'!$A$1:$A$548,0),MATCH($A14,'收藏日增'!$A$1:$M$1,0)),NA()) | E14: =IFERROR(INDEX('点赞日增'!$A$1:$M$548,MATCH($B$1,'点赞日增'!$A$1:$A$548,0),MATCH($A14,'点赞日增'!$A$1:$M$1,0)),NA())
A15: 2026-10-15 | B15: =IFERROR(INDEX('付费榜每日排名'!$A$1:$N$362,MATCH($B$1,'付费榜每日排名'!$A$1:$A$362,0),MATCH($A15,'付费榜每日排名'!$A$1:$N$1,0)),NA()) | C15: =IFERROR(INDEX('人气日增'!$A$1:$M$548,MATCH($B$1,'人气日增'!$A$1:$A$548,0),MATCH($A15,'人气日增'!$A$1:$M$1,0)),NA()) | D15: =IFERROR(INDEX('收藏日增'!$A$1:$M$548,MATCH($B$1,'收藏日增'!$A$1:$A$548,0),MATCH($A15,'收藏日增'!$A$1:$M$1,0)),NA()) | E15: =IFERROR(INDEX('点赞日增'!$A$1:$M$548,MATCH($B$1,'点赞日增'!$A$1:$A$548,0),MATCH($A15,'点赞日增'!$A$1:$M$1,0)),NA())
A16: 2026-10-16 | B16: =IFERROR(INDEX('付费榜每日排名'!$A$1:$N$362,MATCH($B$1,'付费榜每日排名'!$A$1:$A$362,0),MATCH($A16,'付费榜每日排名'!$A$1:$N$1,0)),NA()) | C16: =IFERROR(INDEX('人气日增'!$A$1:$M$548,MATCH($B$1,'人气日增'!$A$1:$A$548,0),MATCH($A16,'人气日增'!$A$1:$M$1,0)),NA()) | D16: =IFERROR(INDEX('收藏日增'!$A$1:$M$548,MATCH($B$1,'收藏日增'!$A$1:$A$548,0),MATCH($A16,'收藏日增'!$A$1:$M$1,0)),NA()) | E16: =IFERROR(INDEX('点赞日增'!$A$1:$M$548,MATCH($B$1,'点赞日增'!$A$1:$A$548,0),MATCH($A16,'点赞日增'!$A$1:$M$1,0)),NA())
A17: 2026-10-17 | B17: =IFERROR(INDEX('付费榜每日排名'!$A$1:$N$362,MATCH($B$1,'付费榜每日排名'!$A$1:$A$362,0),MATCH($A17,'付费榜每日排名'!$A$1:$N$1,0)),NA()) | C17: =IFERROR(INDEX('人气日增'!$A$1:$M$548,MATCH($B$1,'人气日增'!$A$1:$A$548,0),MATCH($A17,'人气日增'!$A$1:$M$1,0)),NA()) | D17: =IFERROR(INDEX('收藏日增'!$A$1:$M$548,MATCH($B$1,'收藏日增'!$A$1:$A$548,0),MATCH($A17,'收藏日增'!$A$1:$M$1,0)),NA()) | E17: =IFERROR(INDEX('点赞日增'!$A$1:$M$548,MATCH($B$1,'点赞日增'!$A$1:$A$548,0),MATCH($A17,'点赞日增'!$A$1:$M$1,0)),NA())

Sheet 付费榜每日排名
A1: 作品名 | B1: 2026-10-05 | C1: 2026-10-06 | D1: 2026-10-07 | E1: 2026-10-08 | F1: 2026-10-09 | G1: 2026-10-10 | H1: 2026-10-11 | I1: 2026-10-12 | J1: 2026-10-13 | K1: 2026-10-14 | L1: 2026-10-15 | M1: 2026-10-16 | N1: 2026-10-17
A2: 师途 | B2: 1 | C2: 1 | D2: 1 | E2: 1 | F2: 1 | G2: 1 | H2: 1 | I2: 1 | J2: 2 | K2: 1 | L2: 1 | M2: 2 | N2: 1
A3: 临帝阙 | B3: 3 | C3: 4 | D3: 6 | E3: 5 | F3: 2 | G3: 2 | H3: 2 | I3: 3 | J3: 3 | K3: 2 | L3: 6 | M3: 3 | N3: 2
A4: 江山千秋万代 | B4: 11 | C4: 10 | D4: 10 | E4: 3 | F4: 4 | G4: 3 | H4: 3 | I4: 8 | J4: 7 | K4: 6 | L4: 3 | M4: 6 | N4: 3
A5: 宫妃 | B5: 6 | C5: 11 | D5: 12 | E5: 9 | F5: 10 | G5: 5 | H5: 4 | I5: 2 | J5: 4 | K5: 5 | L5: 2 | M5: 4 | N5: 4
A6: 星期天不上头条 | B6: 9 | C6: 8 | D6: 7 | E6: 11 | F6: 5 | G6: 6 | H6: 6 | I6: 4 | J6: 1 | K6: 7 | L6: 8 | M6: 1 | N6: 5
A7: 三界衔 | B7: 2 | C7: 3 | D7: 3 | E7: 4 | F7: 3 | G7: 4 | H7: 5 | I7: 5 | J7: 8 | K7: 8 | L7: 7 | M7: 8 | N7: 6
A8: 怪我过分美丽 | B8: 7 | C8: 9 | D8: 8 | E8: 8 | F8: 7 | G8: 7 | H8: 7 | I8: 9 | J8: 6 | K8: 3 | L8: 4 | M8: 5 | N8: 7
A9: 我在京城上头条 | B9: 174 | E9: 134 | G9: 88 | H9: 82 | J9: 83 | L9: 192 | M9: 108 | N9: 8
A10: 仙路漫漫 | B10: 10 | C10: 6 | D10: 9 | E10: 6 | F10: 11 | G10: 9 | H10: 10 | I10: 6 | J10: 5 | K10: 4 | L10: 5 | M10: 7 | N10: 9
A11: 恶女模拟器 | B11: 33 | C11: 30 | D11: 29 | E11: 19 | F11: 16 | G11: 23 | H11: 20 | I11: 18 | J11: 14 | K11: 12 | L11: 10 | M11: 9 | N11: 10
A12: 勿扰修仙中 | B12: 5 | C12: 2 | D12: 2 | E12: 10 | F12: 6 | G12: 11 | H12: 11 | I12: 12 | J12: 10 | K12: 9 | L12: 15 | M12: 10 | N12: 11
A13: 风华临安 | B13: 4 | C13: 5 | D13: 5 | E13: 2 | F13: 9 | G13: 8 | H13: 9 | I13: 7 | J13: 9 | K13: 10 | L13: 11 | M13: 12 | N13: 12
A14: AMNESIA 失忆症 | B14: 12 | C14: 12 | D14: 14 | E14: 14 | F14: 12 | G14: 12 | H14: 8 | I14: 13 | J14: 13 | K14: 13 | L14: 13 | M14: 11 | N14: 13
A15: 朕被迫上位 | B15: 98 | C15: 94 | D15: 115 | E15: 69 | F15: 49 | G15: 48 | H15: 45 | I15: 25 | J15: 18 | K15: 41 | L15: 44 | M15: 18 | N15: 14
A16: 京中叙 | B16: 18 | C16: 15 | D16: 11 | E16: 22 | F16: 19 | G16: 17 | H16: 13 | I16: 22 | J16: 20 | K16: 18 | L16: 24 | M16: 22 | N16: 15
A17: 娱乐圈|热搜预定 | B17: 24 | C17: 20 | D17: 23 | E17: 20 | F17: 20 | G17: 13 | H17: 15 | I17: 17 | J17: 16 | K17: 14 | L17: 18 | M17: 15 | N17: 16
A18: 神也梦春秋 | B18: 8 | C18: 7 | D18: 4 | E18: 12 | F18: 13 | G18: 16 | H18: 14 | I18: 15 | J18: 12 | K18: 11 | L18: 12 | M18: 16 | N18: 17
A19: 古代主母风华录 | B19: 25 | C19: 21 | D19: 28 | E19: 17 | F19: 18 | G19: 20 | H19: 18 | I19: 21 | J19: 21 | K19: 17 | L19: 19 | M19: 20 | N19: 18
A20: 后宫升职手札 | B20: 29 | C20: 38 | D20: 47 | E20: 37 | F20: 22 | G20: 21 | H20: 23 | I20: 31 | J20: 23 | K20: 21 | L20: 26 | M20: 21 | N20: 19
A21: 世家主母日常 | B21: 43 | C21: 44 | D21: 59 | E21: 32 | F21: 25 | G21: 22 | H21: 26 | I21: 27 | J21: 22 | K21: 27 | L21: 21 | M21: 23 | N21: 20
... A24: 替兄嫁了公主后 | B24: 37 | C24: 29 | D24: 44 | E24: 35 | F24: 34 | G24: 29 | H24: 24 | I24: 20 | J24: 33 | K24: 34 | L24: 28 | M24: 31 | N24: 23
A25: 成为团播TOP之后 | D25: 15 | E25: 7 | F25: 8 | G25: 10 | H25: 12 | I25: 11 | J25: 11 | K25: 15 | L25: 16 | M25: 14 | N25: 24
A26: 山河长憾 | B26: 28 | C26: 19 | D26: 21 | E26: 72 | F26: 39 | G26: 42 | H26: 52 | I26: 63 | J26: 63 | K26: 64 | L26: 45 | M26: 57 | N26: 25
A27: 妄情债 | B27: 22 | C27: 25 | D27: 35 | E27: 18 | F27: 33 | G27: 31 | H27: 31 | I27: 38 | J27: 35 | K27: 47 | L27: 30 | M27: 32 | N27: 26
A28: 虔诚之花的晚钟 | B28: 42 | C28: 37 | D28: 54 | E28: 40 | F28: 29 | G28: 24 | H28: 29 | I28: 43 | J28: 32 | K28: 42 | L28: 23 | M28: 30 | N28: 27
A29: 帝宴千秋 | B29: 13 | C29: 16 | D29: 22 | E29: 16 | F29: 15 | G29: 14 | H29: 34 | I29: 28 | J29: 17 | K29: 24 | L29: 31 | M29: 34 | N29: 28
A30: 凭什么我是反派 | B30: 52 | C30: 27 | D30: 39 | E30: 28 | F30: 23 | G30: 15 | H30: 21 | I30: 34 | J30: 28 | K30: 36 | L30: 37 | M30: 40 | N30: 29
A31: 并不是一般穿游 | B31: 39 | C31: 26 | D31: 51 | E31: 21 | F31: 31 | G31: 41 | H31: 39 | I31: 41 | J31: 27 | K31: 20 | L31: 22 | M31: 27 | N31: 30
A32: 天纵 | B32: 35 | C32: 24 | D32: 26 | E32: 36 | F32: 24 | G32: 37 | H32: 28 | I32: 23 | J32: 30 | K32: 35 | L32: 27 | M32: 25 | N32: 31
A33: 你的私有玩物们 | B33: 64 | C33: 62 | D33: 106 | E33: 65 | F33: 46 | G33: 62 | H33: 57 | I33: 70 | J33: 59 | K33: 63 | L33: 51 | M33: 35 | N33: 32
A34: 纵神欢 | B34: 66 | C34: 51 | D34: 57 | E34: 23 | F34: 59 | G34: 40 | H34: 50 | I34: 37 | J34: 44 | K34: 48 | L34: 42 | M34: 36 | N34: 33
A35: 国际女团出道战 | B35: 67 | C35: 112 | D35: 78 | E35: 57 | F35: 48 | G35: 25 | H35: 19 | I35: 80 | J35: 43 | K35: 67 | L35: 60 | M35: 42 | N35: 34
A36: 从寒门开始 | B36: 108 | C36: 98 | D36: 141 | E36: 93 | F36: 105 | G36: 82 | H36: 53 | I36: 72 | J36: 47 | K36: 91 | L36: 84 | N36: 35
A37: 赴韶光 | B37: 27 | C37: 23 | D37: 16 | E37: 15 | F37: 17 | G37: 19 | H37: 30 | I37: 30 | J37: 24 | K37: 37 | L37: 29 | M37: 28 | N37: 36
A38: 闪耀48区 | B38: 93 | C38: 84 | D38: 77 | E38: 159 | F38: 80 | G38: 68 | H38: 87 | I38: 79 | J38: 48 | K38: 40 | L38: 53 | M38: 46 | N38: 37
A39: 仙履奇谈 | B39: 32 | C39: 45 | D39: 38 | E39: 24 | F39: 54 | G39: 66 | H39: 17 | I39: 48 | J39: 68 | K39: 52 | L39: 52 | M39: 105 | N39: 38
A40: 后宫群妃录 | B40: 110 | C40: 107 | D40: 36 | E40: 48 | F40: 52 | G40: 50 | H40: 77 | I40: 40 | J40: 15 | K40: 22 | L40: 34 | M40: 26 | N40: 39
A41: 暗卫他又跑 | B41: 38 | C41: 41 | D41: 37 | E41: 53 | F41: 57 | G41: 75 | H41: 36 | I41: 53 | J41: 42 | K41: 29 | L41: 48 | M41: 41 | N41: 40
A42: 青宫赋 | B42: 36 | C42: 64 | D42: 53 | E42: 44 | F42: 26 | G42: 38 | H42: 42 | I42: 58 | J42: 45 | K42: 31 | L42: 41 | M42: 45 | N42: 41
A43: 第六视角 | M43: 29 | N43: 42
A44: 金珠遗梦 | B44: 61 | C44: 68 | D44: 50 | E44: 41 | F44: 86 | G44: 91 | H44: 78 | I44: 54 | J44: 53 | K44: 98 | L44: 96 | M44: 53 | N44: 43
A45: 美女进化论 | B45: 41 | C45: 46 | D45: 42 | E45: 29 | F45: 21 | G45: 27 | H45: 25 | I45: 39 | J45: 39 | K45: 25 | L45: 39 | M45: 50 | N45: 44
A46: 在下凤三离 | C46: 124 | D46: 17 | E46: 30 | F46: 45 | G46: 71 | H46: 22 | I46: 96 | L46: 14 | M46: 37 | N46: 45
A47: 无情笺 | B47: 16 | C47: 14 | D47: 13 | E47: 26 | F47: 41 | G47: 26 | H47: 27 | I47: 35 | J47: 26 | K47: 44 | L47: 33 | M47: 44 | N47: 46
A48: 废土之王Ⅰ：起源 | B48: 82 | C48: 78 | D48: 89 | E48: 38 | F48: 60 | G48: 51 | H48: 47 | I48: 44 | J48: 67 | K48: 23 | L48: 43 | M48: 54 | N48: 47
A49: 后妃成长录 | B49: 116 | C49: 122 | D49: 107 | E49: 85 | F49: 42 | G49: 46 | H49: 43 | I49: 50 | J49: 34 | K49: 49 | L49: 40 | M49: 43 | N49: 48
A50: 昭昭宫廷 | B50: 176 | F50: 187 | H50: 71 | I50: 45 | J50: 41 | K50: 59 | L50: 32 | M50: 48 | N50: 49
A51: 明月照千山 | B51: 46 | C51: 34 | D51: 31 | E51: 33 | F51: 36 | G51: 95 | H51: 94 | I51: 56 | J51: 123 | K51: 118 | L51: 186 | M51: 175 | N51: 50
A52: 寡夫房里是非多 | B52: 73 | C52: 72 | D52: 72 | E52: 49 | F52: 28 | G52: 58 | H52: 38 | I52: 46 | J52: 51 | K52: 51 | L52: 50 | M52: 52 | N52: 51
A53: 朕真不想造反啊 | B53: 53 | C53: 86 | D53: 68 | E53: 59 | F53: 67 | G53: 56 | H53: 67 | I53: 89 | J53: 112 | K53: 69 | L53: 73 | M53: 67 | N53: 52
A54: 末日之基地建设 | B54: 56 | C54: 53 | D54: 52 | E54: 25 | F54: 32 | G54: 103 | H54: 132 | I54: 85 | J54: 76 | K54: 39 | L54: 62 | M54: 70 | N54: 53
A55: 无限求生：房车囤货组队 | B55: 60 | C55: 114 | D55: 55 | E55: 31 | F55: 43 | G55: 36 | H55: 72 | I55: 62 | J55: 46 | K55: 26 | L55: 38 | M55: 51 | N55: 54
A56: 古代富婆模拟器 | B56: 40 | C56: 43 | D56: 43 | E56: 58 | F56: 37 | G56: 30 | H56: 59 | I56: 49 | J56: 36 | K56: 83 | L56: 47 | M56: 49 | N56: 55
A57: 诱君多采撷 | B57: 63 | C57: 58 | D57: 45 | E57: 64 | F57: 82 | G57: 87 | H57: 61 | I57: 77 | J57: 72 | K57: 61 | L57: 78 | M57: 63 | N57: 56
A58: 我在古代当首富￥ | B58: 15 | C58: 13 | D58: 46 | E58: 42 | F58: 30 | G58: 35 | H58: 33 | I58: 16 | J58: 25 | K58: 46 | L58: 25 | M58: 38 | N58: 57
A59: 修仙模拟器：我靠氪金打遍修仙界 | B59: 121 | C59: 81 | D59: 32 | E59: 50 | F59: 134 | G59: 34 | H59: 37 | I59: 32 | J59: 60 | K59: 30 | L59: 56 | M59: 83 | N59: 58
A60: 大道风月史 | B60: 105 | C60: 75 | D60: 98 | E60: 77 | F60: 104 | G60: 112 | H60: 90 | I60: 98 | J60: 50 | K60: 38 | L60: 97 | M60: 117 | N60: 59
A61: 山月随人归 | B61: 127 | C61: 181 | D61: 148 | E61: 115 | F61: 153 | H61: 196 | I61: 10 | J61: 71 | K61: 28 | L61: 46 | M61: 56 | N61: 60
A62: 古代人生模拟器 | B62: 122 | C62: 95 | D62: 175 | E62: 158 | F62: 81 | G62: 77 | H62: 114 | I62: 66 | J62: 82 | K62: 84 | L62: 66 | M62: 84 | N62: 61
A63: 欲望使徒 | D63: 174 | N63: 62
A64: 家族模拟器：主君在上 | B64: 146 | C64: 185 | D64: 118 | E64: 105 | F64: 88 | G64: 44 | H64: 89 | I64: 59 | J64: 62 | K64: 57 | L64: 74 | M64: 87 | N64: 63
A65: 吾凰·在上 | B65: 83 | C65: 73 | D65: 104 | E65: 79 | F65: 87 | G65: 90 | H65: 80 | I65: 92 | J65: 61 | K65: 45 | L65: 61 | M65: 86 | N65: 64
A66: 世系长歌 | B66: 51 | C66: 67 | D66: 70 | E66: 56 | F66: 75 | G66: 59 | H66: 60 | I66: 68 | J66: 54 | K66: 71 | L66: 91 | M66: 58 | N66: 65
A67: 校园进化论 | B67: 166 | C67: 163 | F67: 122 | G67: 69 | H67: 108 | I67: 97 | J67: 57 | K67: 79 | L67: 54 | M67: 77 | N67: 66
A68: 都想攻略女魔头 | B68: 23 | C68: 22 | D68: 20 | E68: 63 | F68: 47 | G68: 53 | H68: 46 | I68: 121 | J68: 78 | K68: 60 | L68: 75 | M68: 39 | N68: 67
A69: 残霜烬 | B69: 84 | C69: 148 | D69: 139 | F69: 115 | G69: 153 | H69: 92 | I69: 162 | J69: 111 | K69: 136 | L69: 89 | M69: 78 | N69: 68
A70: 渡前缘 | B70: 45 | C70: 32 | D70: 27 | E70: 46 | F70: 64 | G70: 55 | H70: 49 | I70: 82 | J70: 113 | K70: 53 | L70: 79 | M70: 85 | N70: 69
A71: 问道缥缈 | B71: 100 | C71: 90 | D71: 109 | E71: 88 | F71: 44 | G71: 74 | H71: 56 | I71: 93 | J71: 94 | K71: 82 | L71: 65 | M71: 68 | N71: 70
A72: 被迫成为战五渣后 | B72: 96 | C72: 87 | D72: 84 | E72: 87 | F72: 127 | G72: 83 | H72: 76 | I72: 83 | J72: 81 | K72: 78 | L72: 100 | M72: 102 | N72: 71
A73: 皇后是只狐狸精 | B73: 49 | C73: 77 | D73: 85 | E73: 101 | F73: 117 | G73: 84 | H73: 112 | I73: 61 | J73: 105 | K73: 66 | L73: 98 | M73: 74 | N73: 72
A74: 恶名远扬 | B74: 113 | C74: 33 | D74: 49 | E74: 39 | F74: 61 | G74: 49 | H74: 35 | I74: 99 | J74: 97 | K74: 32 | L74: 111 | M74: 72 | N74: 73
A75: 殿下能有什么坏心思 | B75: 175 | C75: 131 | D75: 137 | E75: 80 | F75: 73 | G75: 141 | H75: 110 | I75: 73 | J75: 75 | K75: 74 | L75: 57 | M75: 60 | N75: 74
A76: 这宫斗没法继续了 | B76: 30 | C76: 39 | D76: 30 | E76: 27 | F76: 27 | G76: 32 | H76: 32 | I76: 29 | J76: 49 | K76: 33 | L76: 58 | M76: 13 | N76: 75
A77: 模拟豪门人生 | B77: 89 | C77: 103 | D77: 131 | E77: 118 | F77: 97 | G77: 73 | H77: 66 | I77: 75 | J77: 52 | K77: 77 | L77: 102 | M77: 99 | N77: 76
A78: 请拒绝罪犯们的疯狂示爱 | C78: 150 | D78: 172 | I78: 156 | J78: 120 | K78: 128 | L78: 86 | M78: 73 | N78: 77
A79: 缠梦症 | B79: 114 | C79: 102 | D79: 102 | E79: 125 | F79: 131 | G79: 125 | H79: 135 | I79: 140 | J79: 176 | K79: 123 | L79: 64 | M79: 69 | N79: 78
A80: 揽仙途 | B80: 59 | C80: 47 | D80: 48 | E80: 34 | F80: 99 | G80: 70 | H80: 68 | I80: 47 | J80: 70 | K80: 54 | L80: 87 | M80: 101 | N80: 79
A81: 千秋百代：帝王一小时 | B81: 48 | C81: 57 | D81: 96 | E81: 82 | F81: 55 | G81: 60 | H81: 51 | I81: 71 | J81: 86 | K81: 68 | L81: 129 | M81: 92 | N81: 80
A82: 杏林志 | B82: 68 | C82: 54 | D82: 69 | E82: 81 | F82: 70 | G82: 57 | H82: 103 | I82: 78 | J82: 55 | K82: 50 | L82: 36 | M82: 55 | N82: 81
A83: 造星梦工厂96 | B83: 54 | C83: 76 | D83: 58 | E83: 55 | F83: 40 | G83: 43 | H83: 55 | I83: 60 | J83: 87 | K83: 58 | L83: 67 | M83: 59 | N83: 82
A84: 我没有在争娱女一呀 | B84: 102 | C84: 115 | D84: 153 | E84: 141 | F84: 98 | G84: 92 | H84: 140 | I84: 104 | J84: 91 | K84: 81 | L84: 49 | M84: 65 | N84: 83
A85: 溯世书⁡ | B85: 26 | C85: 31 | D85: 33 | E85: 54 | F85: 50 | G85: 80 | H85: 95 | I85: 127 | J85: 102 | K85: 56 | L85: 93 | M85: 112 | N85: 84
A86: 恋春深 | B86: 168 | C86: 178 | E86: 181 | F86: 151 | H86: 171 | I86: 150 | J86: 89 | K86: 104 | L86: 71 | M86: 79 | N86: 85
A87: 向我臣服 | B87: 92 | C87: 88 | D87: 80 | E87: 140 | F87: 114 | G87: 123 | H87: 101 | I87: 90 | J87: 98 | K87: 108 | L87: 105 | M87: 81 | N87: 86
A88: 开生门 | B88: 126 | C88: 63 | D88: 144 | E88: 92 | F88: 116 | G88: 128 | H88: 99 | I88: 125 | J88: 101 | K88: 117 | L88: 121 | M88: 111 | N88: 87
A89: 冒犯哥哥对不起了 | B89: 78 | C89: 109 | D89: 88 | E89: 98 | F89: 78 | G89: 121 | H89: 88 | I89: 65 | J89: 64 | K89: 94 | L89: 83 | M89: 100 | N89: 88
A90: 宫妃风华录 | B90: 34 | C90: 36 | D90: 24 | E90: 75 | F90: 65 | G90: 28 | H90: 41 | I90: 33 | J90: 40 | K90: 96 | L90: 35 | M90: 47 | N90: 89
A91: 社恐勇闯恋综 | B91: 80 | C91: 89 | D91: 61 | E91: 112 | F91: 103 | G91: 54 | H91: 70 | I91: 91 | J91: 77 | K91: 70 | L91: 137 | M91: 64 | N91: 90
A92: 谋仙渡 | B92: 31 | C92: 35 | D92: 18 | E92: 66 | F92: 76 | G92: 114 | H92: 64 | I92: 105 | J92: 119 | K92: 140 | L92: 134 | M92: 132 | N92: 91
A93: 无情道在逃毕业生 | B93: 103 | C93: 113 | D93: 121 | E93: 107 | F93: 102 | G93: 102 | H93: 96 | I93: 118 | J93: 188 | K93: 90 | L93: 114 | M93: 104 | N93: 92
A94: 捉鬼师后日谈 | B94: 120 | C94: 136 | D94: 145 | E94: 126 | F94: 138 | G94: 52 | H94: 111 | I94: 36 | J94: 38 | K94: 130 | L94: 20 | M94: 19 | N94: 93
A95: 入罗帷 | B95: 125 | C95: 97 | D95: 100 | E95: 84 | F95: 84 | G95: 94 | H95: 91 | I95: 151 | J95: 74 | K95: 85 | L95: 69 | M95: 120 | N95: 94
A96: 偏执大佬的金丝雀 | B96: 87 | C96: 56 | D96: 41 | E96: 94 | F96: 83 | G96: 108 | H96: 44 | I96: 55 | J96: 85 | K96: 100 | L96: 112 | M96: 97 | N96: 95
A97: 反派师尊孕期出逃 | B97: 118 | C97: 108 | D97: 138 | E97: 100 | F97: 118 | G97: 111 | H97: 109 | I97: 142 | J97: 95 | K97: 125 | L97: 120 | M97: 166 | N97: 96
A98: 反派格局要打开 | I98: 137 | N98: 97
A99: 古代渣女模拟器 | B99: 138 | C99: 93 | E99: 154 | F99: 166 | G99: 163 | H99: 154 | I99: 185 | J99: 107 | K99: 133 | L99: 190 | M99: 127 | N99: 98
A100: 宫斗这件小事新版 | B100: 79 | C100: 104 | D100: 111 | E100: 70 | F100: 77 | G100: 93 | H100: 48 | I100: 76 | J100: 80 | K100: 73 | L100: 90 | M100: 88 | N100: 99
A101: 渣皇本色 | B101: 88 | C101: 82 | D101: 116 | E101: 90 | F101: 69 | G101: 47 | H101: 73 | I101: 69 | J101: 84 | K101: 62 | L101: 76 | M101: 76 | N101: 100
A102: 折灵 | B102: 151 | C102: 111 | D102: 127 | E102: 97 | F102: 167 | G102: 109 | H102: 58 | I102: 112 | J102: 73 | K102: 88 | L102: 133 | M102: 109 | N102: 101
...

Sheet 人气日增
A1: 作品名 | B1: 2026-10-06 | C1: 2026-10-07 | D1: 2026-10-08 | E1: 2026-10-09 | F1: 2026-10-10 | G1: 2026-10-11 | H1: 2026-10-12 | I1: 2026-10-13 | J1: 2026-10-14 | K1: 2026-10-15 | L1: 2026-10-16 | M1: 2026-10-17
A2: 临帝阙 | B2: 103193 | C2: 94977 | D2: 64808 | E2: 71285 | F2: 75280 | G2: 81087 | H2: 55901 | I2: 52193 | J2: 47717 | K2: 46533 | L2: 63834 | M2: 116905
A3: 江山千秋万代 | B3: 48022 | C3: 53639 | D3: 56539 | E3: 49756 | F3: 39461 | G3: 58116 | H3: 40284 | I3: 36673 | J3: 44904 | K3: 54590 | L3: 46133 | M3: 56646
A4: 师途 | B4: 76181 | C4: 53921 | D4: 45453 | E4: 39073 | F4: 38814 | G4: 48516 | H4: 37392 | I4: 35329 | J4: 33642 | K4: 32512 | L4: 32179 | M4: 53682
A5: 怪我过分美丽 | B5: 39772 | C5: 29506 | D5: 27353 | E5: 35435 | F5: 24561 | G5: 30147 | H5: 44314 | I5: 41789 | J5: 37470 | K5: 37053 | L5: 36300 | M5: 43209
A6: 捉鬼师后日谈 | B6: 53815 | C6: 39853 | D6: 22703 | E6: 19426 | F6: 21808 | G6: 36764 | H6: 21425 | I6: 20546 | J6: 14304 | K6: 21129 | L6: 19897 | M6: 42443
A7: 三界衔 | B7: 74410 | C7: 55994 | D7: 30894 | E7: 34405 | F7: 32543 | G7: 42446 | H7: 30359 | I7: 22539 | J7: 20203 | K7: 22216 | L7: 25862 | M7: 35151
A8: 勿扰修仙中 | B8: 48669 | C8: 37484 | D8: 32441 | E8: 22460 | F8: 20984 | G8: 24472 | H8: 18250 | I8: 16826 | J8: 12807 | K8: 16864 | L8: 19544 | M8: 34353
A9: 星期天不上头条 | B9: 43755 | C9: 30616 | D9: 28075 | E9: 32313 | F9: 31964 | G9: 41356 | H9: 31825 | I9: 34139 | J9: 26654 | K9: 28958 | L9: 23273 | M9: 33433
A10: 京中叙 | B10: 41622 | C10: 38275 | D10: 12922 | E10: 21147 | F10: 14200 | G10: 38682 | H10: 15794 | I10: 11951 | J10: 18237 | K10: 15371 | L10: 17133 | M10: 30307
A11: 风华临安 | B11: 53313 | C11: 42032 | D11: 28571 | E11: 27532 | F11: 26191 | G11: 34463 | H11: 20718 | I11: 21319 | J11: 19198 | K11: 18172 | L11: 21325 | M11: 26294
A12: 娱乐圈|热搜预定 | B12: 43797 | C12: 30162 | D12: 28815 | E12: 28633 | F12: 23899 | G12: 37226 | H12: 30114 | I12: 23176 | J12: 17685 | K12: 24549 | L12: 28430 | M12: 25390
A13: 世家主母日常 | B13: 14481 | C13: 10357 | D13: 9364 | E13: 8900 | F13: 17677 | G13: 14884 | H13: 10344 | I13: 9519 | J13: 8631 | K13: 8272 | L13: 8803 | M13: 25101
... A19: 并不是一般穿游 | B19: 26536 | C19: 17205 | D19: 12405 | E19: 11408 | F19: 13402 | G19: 17405 | H19: 13066 | I19: 28373 | J19: 13031 | K19: 16223 | L19: 13195 | M19: 20857
A20: 第六视角 | M20: 20736
A21: 山河长憾 | B21: 16883 | C21: 20923 | D21: 10029 | E21: 12069 | F21: 10839 | G21: 14336 | H21: 6628 | I21: 7271 | J21: 10049 | K21: 6978 | L21: 11640 | M21: 20498
A22: 仙路漫漫 | B22: 31194 | C22: 19315 | D22: 16054 | E22: 13047 | F22: 12819 | G22: 15911 | H22: 16946 | I22: 16249 | J22: 13827 | K22: 13571 | L22: 13587 | M22: 20200
A23: AMNESIA 失忆症 | B23: 24293 | C23: 17939 | D23: 12459 | E23: 10700 | F23: 11660 | G23: 18200 | H23: 10820 | I23: 10128 | J23: 8629 | K23: 9236 | L23: 10102 | M23: 19171
A24: 妄情债 | B24: 22344 | C24: 18317 | D24: 12690 | E24: 9124 | F24: 8847 | G24: 16368 | H24: 10395 | I24: 8371 | J24: 8095 | K24: 10915 | L24: 14442 | M24: 15824
A25: 凭什么我是反派 | B25: 10924 | C25: 8099 | D25: 6520 | E25: 5564 | F25: 9429 | G25: 12856 | H25: 7106 | I25: 6173 | J25: 4239 | K25: 5846 | L25: 6256 | M25: 15460
A26: 金珠遗梦 | B26: 13309 | C26: 16760 | D26: 9337 | E26: 10685 | F26: 7907 | G26: 9421 | H26: 12024 | I26: 8412 | J26: 6540 | K26: 5589 | L26: 7543 | M26: 15206
A27: 成为团播TOP之后 | D27: 19204 | E27: 18095 | F27: 19616 | G27: 23630 | H27: 12481 | I27: 12978 | J27: 10785 | K27: 9037 | L27: 15249 | M27: 14654
A28: 宫妃 | B28: 12347 | C28: 8465 | D28: 8289 | E28: 7664 | F28: 7874 | G28: 10438 | H28: 9972 | I28: 9761 | J28: 8822 | K28: 8331 | L28: 8552 | M28: 14206
A29: 世系长歌 | B29: 17724 | C29: 12556 | D29: 7972 | E29: 11147 | F29: 11023 | G29: 11503 | H29: 7436 | I29: 10096 | J29: 7607 | K29: 7820 | L29: 9714 | M29: 14055
A30: 入罗帷 | B30: 16859 | C30: 15230 | D30: 10430 | E30: 9433 | F30: 11047 | G30: 13998 | H30: 7359 | I30: 8631 | J30: 6942 | K30: 5468 | L30: 10076 | M30: 13813
A31: 由我改君命 | B31: 25950 | C31: 18876 | D31: 6550 | E31: 5833 | F31: 6562 | G31: 12789 | H31: 5038 | I31: 5384 | J31: 5045 | K31: 4557 | L31: 6140 | M31: 12493
A32: 帝宴千秋 | B32: 26108 | C32: 17298 | D32: 13857 | E32: 12402 | F32: 13602 | G32: 15004 | H32: 11663 | I32: 10398 | J32: 10399 | K32: 7213 | L32: 7923 | M32: 12392
A33: 后妃成长录 | B33: 12597 | C33: 11703 | D33: 10587 | E33: 10248 | F33: 7650 | G33: 11607 | H33: 9068 | I33: 10819 | J33: 6600 | K33: 8407 | L33: 7425 | M33: 11567
A34: 残霜烬 | B34: 14313 | C34: 9264 | D34: 4355 | E34: 4783 | F34: 5791 | G34: 10935 | H34: 4914 | I34: 4883 | J34: 4467 | K34: 4530 | L34: 6366 | M34: 11514
A35: 古代主母风华录 | B35: 12630 | C35: 8946 | D35: 13303 | E35: 8371 | F35: 11230 | G35: 9977 | H35: 7375 | I35: 10988 | J35: 6542 | K35: 7665 | L35: 6680 | M35: 10950
A36: 谋仙渡 | B36: 26327 | C36: 18563 | D36: 10868 | E36: 7104 | F36: 6365 | G36: 14202 | H36: 6743 | I36: 5363 | J36: 6231 | K36: 6049 | L36: 7146 | M36: 10639
A37: 恐游病娇boss爱的追逐战 | B37: 13466 | C37: 9380 | D37: 5852 | E37: 5015 | F37: 5507 | G37: 10033 | H37: 6200 | I37: 5511 | J37: 4136 | K37: 6051 | L37: 4974 | M37: 10477
A38: 朕被迫上位 | B38: 10424 | C38: 6828 | D38: 4927 | E38: 7212 | F38: 7051 | G38: 8785 | H38: 6035 | I38: 7118 | J38: 7700 | K38: 4903 | L38: 6269 | M38: 10346
A39: 青宫赋 | B39: 22210 | C39: 17945 | D39: 9709 | E39: 11038 | F39: 7684 | G39: 13134 | H39: 5379 | I39: 5747 | J39: 8305 | K39: 6297 | L39: 8582 | M39: 10261
... A56: 恋春深 | B56: 3193 | C56: 2096 | D56: 1429 | E56: 1425 | F56: 1634 | G56: 2343 | H56: 2600 | I56: 4326 | J56: 4119 | K56: 4202 | L56: 5170 | M56: 7836
A57: 娱乐圈·逐梦星光 | G57: 29986 | H57: 9801 | I57: 6368 | J57: 5214 | K57: 4103 | L57: 5270 | M57: 7722
A58: 夏日相悖论 | B58: 14551 | C58: 10835 | D58: 5321 | E58: 4911 | F58: 4759 | G58: 8599 | H58: 3734 | I58: 3622 | J58: 3488 | K58: 3206 | L58: 4330 | M58: 7483
A59: 替兄嫁了公主后 | B59: 13186 | C59: 12132 | D59: 5650 | E59: 5235 | F59: 5354 | G59: 6967 | H59: 7321 | I59: 6387 | J59: 4457 | K59: 3766 | L59: 4800 | M59: 7459
A60: 我在古代当首富￥ | B60: 18850 | C60: 14853 | D60: 8710 | E60: 7211 | F60: 7058 | G60: 12252 | H60: 9396 | I60: 8307 | J60: 9509 | K60: 8259 | L60: 7603 | M60: 7390
A61: 我竟然是个女魔头 | B61: 4317 | C61: 3540 | D61: 4135 | E61: 2744 | F61: 2372 | G61: 2912 | H61: 5769 | I61: 5898 | J61: 4104 | K61: 6969 | L61: 4801 | M61: 7227
A62: 兄长大人请赐教 | M62: 7209
A63: 都想攻略女魔头 | B63: 10138 | C63: 7038 | D63: 5557 | E63: 7224 | F63: 7683 | G63: 6590 | H63: 6374 | I63: 4951 | J63: 7197 | K63: 4395 | L63: 4243 | M63: 7193
A64: 渡前缘 | B64: 17999 | C64: 17499 | D64: 12350 | E64: 7440 | F64: 7104 | G64: 10548 | H64: 8345 | I64: 5051 | J64: 5191 | K64: 4687 | L64: 5792 | M64: 7096
A65: 宫妃风华录 | B65: 8660 | C65: 8543 | D65: 6119 | E65: 3923 | F65: 4455 | G65: 4923 | H65: 5579 | I65: 5500 | J65: 3677 | K65: 3416 | L65: 5263 | M65: 6987
A66: 这宫斗没法继续了 | B66: 10739 | C66: 7179 | D66: 6485 | E66: 7015 | F66: 5585 | G66: 6751 | H66: 7680 | I66: 5450 | J66: 4132 | K66: 4631 | L66: 4912 | M66: 6867
A67: 古代富婆模拟器 | B67: 13447 | C67: 10031 | D67: 6363 | E67: 8097 | F67: 7854 | G67: 6597 | H67: 6265 | I67: 4501 | J67: 4073 | K67: 3575 | L67: 5200 | M67: 6835
A68: 聚光灯后 | B68: 4481 | C68: 3426 | D68: 6578 | E68: 4502 | F68: 4534 | G68: 5284 | H68: 4237 | I68: 4393 | J68: 3308 | K68: 7011 | L68: 5149 | M68: 6815
A69: 折灵 | B69: 4778 | C69: 6174 | D69: 3457 | E69: 2868 | F69: 5134 | G69: 7169 | H69: 4877 | I69: 4183 | J69: 4637 | K69: 4263 | L69: 5405 | M69: 6809
A70: 请拒绝罪犯们的疯狂示爱 | B70: 6040 | C70: 4576 | D70: 3076 | E70: 2391 | F70: 2452 | G70: 3681 | H70: 4462 | I70: 3990 | J70: 2433 | K70: 3174 | L70: 3229 | M70: 6678
A71: 你的私有玩物们 | B71: 7050 | C71: 4810 | D71: 2855 | E71: 4294 | F71: 3923 | G71: 5641 | H71: 2830 | I71: 2792 | J71: 2677 | K71: 2572 | L71: 6145 | M71: 6611
A72: 社恐勇闯恋综 | B72: 6818 | C72: 7639 | D72: 4277 | E72: 4840 | F72: 4822 | G72: 7975 | H72: 4331 | I72: 3192 | J72: 4918 | K72: 3744 | L72: 5365 | M72: 6575
A73: 凰途似锦 | B73: 5081 | C73: 4288 | D73: 2895 | E73: 2606 | F73: 4519 | G73: 5042 | H73: 3142 | I73: 3081 | J73: 2310 | K73: 3031 | L73: 3361 | M73: 6550
A74: 朝暮谣 | B74: 10275 | C74: 8261 | D74: 4162 | E74: 3605 | F74: 3424 | G74: 6896 | H74: 4571 | I74: 4441 | J74: 3405 | K74: 2744 | L74: 3468 | M74: 6466
... A100: 模拟豪门人生 | B100: 6157 | C100: 3693 | D100: 2490 | E100: 5297 | F100: 4242 | G100: 4192 | H100: 3214 | I100: 5902 | J100: 3854 | K100: 3418 | L100: 3895 | M100: 5163
A101: 不问长生 | E101: 1453 | F101: 1342 | G101: 2870 | H101: 2506 | I101: 2487 | J101: 2760 | K101: 2500 | L101: 3935 | M101: 5110
A102: 阴渡阳关 | B102: 5914 | C102: 3310 | D102: 2583 | E102: 2899 | F102: 157 | G102: 6170 | H102: 2652 | I102: 1928 | J102: 1927 | K102: 1862 | L102: 1838 | M102: 5078
A103: 我被主角包围了 | B103: 32225 | C103: 15022 | D103: 7410 | E103: 5725 | F103: 5358 | G103: 9750 | H103: 4154 | I103: 3091 | J103: 2469 | K103: 1280 | L103: 3021 | M103: 4928
A104: 缠梦症 | B104: 7495 | C104: 5613 | D104: 3073 | E104: 3613 | F104: 3477 | G104: 4922 | H104: 2688 | I104: 1647 | J104: 1769 | K104: 2188 | L104: 3139 | M104: 4842
A105: 邻居是个阴湿男 | B105: 6626 | C105: 5217 | D105: 3316 | E105: 2341 | F105: 2012 | G105: 4583 | H105: 1733 | I105: 1702 | J105: 1702 | K105: 1531 | L105: 2029 | M105: 4823
A106: 吾凰·在上 | B106: 6103 | C106: 3974 | D106: 2602 | E106: 2604 | F106: 2613 | G106: 4412 | H106: 3120 | I106: 2338 | J106: 2426 | K106: 2794 | L106: 2839 | M106: 4689
A107: 非玄录 | B107: 6991 | C107: 5498 | D107: 3561 | E107: 3379 | F107: 3681 | G107: 7403 | H107: 2614 | I107: 2122 | J107: 1894 | K107: 936 | L107: 2801 | M107: 4596
A108: 姐姐请带我回家 | B108: 4695 | C108: 3419 | D108: 1881 | E108: 2113 | F108: 2161 | G108: 2214 | H108: 1286 | I108: 1374 | J108: 1190 | K108: 1971 | L108: 2422 | M108: 4571
A109: 溯世书⁡ | B109: 7137 | C109: 7184 | D109: 4151 | E109: 3618 | F109: 5471 | G109: 5377 | H109: 4883 | I109: 3636 | J109: 4178 | K109: 4507 | L109: 4701 | M109: 4568
A110: 统治者们 | B110: 2894 | C110: 2030 | D110: 1395 | E110: 663 | F110: 1711 | G110: 2581 | H110: 2426 | I110: 2659 | J110: 1670 | K110: 2485 | L110: 2136 | M110: 4546
A111: 杏林志 | B111: 8716 | C111: 5120 | D111: 4125 | E111: 3968 | F111: 5083 | G111: 4843 | H111: 3382 | I111: 3482 | J111: 4943 | K111: 3191 | L111: 6506 | M111: 4513
A112: 被顶级猎人围捕了 | B112: 5134 | C112: 4733 | D112: 2316 | E112: 951 | F112: 3659 | G112: 1832 | H112: 1698 | I112: 2012 | J112: 1541 | K112: 1495 | L112: 807 | M112: 4470
A113: 顶流降临 | B113: 3756 | C113: 2743 | D113: 1811 | E113: 1920 | F113: 1841 | G113: 3486 | H113: 4661 | I113: 2419 | J113: 2055 | K113: 2992 | L113: 4649 | M113: 4455
... A119: 黑月光师尊拿命洗白 | B119: 5027 | C119: 3488 | D119: 2639 | E119: 2049 | F119: 1919 | G119: 3047 | H119: 2652 | I119: 4995 | J119: 2575 | K119: 2860 | L119: 2542 | M119: 4313
A120: 家族模拟：玉蕴昆冈录 | F120: 1169 | G120: 720 | H120: 3490 | I120: 2942 | J120: 3108 | K120: 2954 | L120: 3726 | M120: 4310
A121: 恶名远扬 | B121: 5320 | C121: 6286 | D121: 4219 | E121: 3692 | F121: 3280 | G121: 6352 | H121: 2555 | I121: 1419 | J121: 2424 | K121: 1802 | L121: 2083 | M121: 4272
A122: 仙门第一纨绔 | C122: 1341 | D122: 1319 | E122: 1144 | F122: 1085 | I122: 3155 | J122: 3101 | K122: 2604 | L122: 2608 | M122: 4260
A123: 仙凡百味人生 | B123: 3751 | C123: 2681 | D123: 1657 | E123: 2106 | F123: 1974 | G123: 2361 | H123: 1884 | I123: 1509 | J123: 1516 | K123: 2627 | L123: 4682 | M123: 4255
A124: 逢尊 | B124: 5205 | C124: 3485 | D124: 3596 | E124: 2879 | F124: 2998 | G124: 3551 | H124: 2919 | I124: 2988 | J124: 2658 | K124: 2624 | L124: 2593 | M124: 4219
A125: 三国攻略手札 | B125: 5490 | C125: 3829 | D125: 4787 | E125: 2434 | F125: 2339 | G125: 3236 | H125: 2093 | I125: 1920 | J125: 1998 | K125: 3000 | L125: 2816 | M125: 4202
A126: 呼叫请按铃 | B126: 4867 | C126: 4130 | D126: 1139 | E126: 1701 | F126: 2167 | G126: 1224 | H126: 2964 | I126: 140 | J126: 1374 | M126: 4169
A127: .帝王风月录. | B127: 2786 | C127: 2196 | D127: 1614 | E127: 1818 | F127: 3809 | G127: 2763 | H127: 2021 | I127: 1806 | J127: 1649 | K127: 1405 | L127: 2478 | M127: 4166
A128: 半荀来袭 | B128: 4966 | C128: 5046 | D128: 4023 | E128: 3517 | F128: 3223 | G128: 4131 | H128: 3053 | I128: 3774 | J128: 3091 | K128: 3033 | L128: 3077 | M128: 4150
A129: 我在盛世种田养家 | H129: 2498 | I129: 3309 | J129: 2248 | K129: 3237 | L129: 2642 | M129: 4133
A130: 玩转娱圈 | B130: 4823 | C130: 3243 | D130: 3043 | E130: 2820 | F130: 2825 | G130: 3610 | H130: 3003 | I130: 3127 | J130: 2541 | K130: 3473 | L130: 2954 | M130: 4093
A131: 闪耀48区 | B131: 4368 | C131: 3117 | D131: 2286 | E131: 2124 | F131: 2487 | G131: 4480 | H131: 3045 | I131: 3699 | J131: 2549 | K131: 3240 | L131: 3261 | M131: 4082
A132: 九韶 | C132: 1750 | D132: 1859 | E132: 1316 | F132: 1936 | G132: 1609 | H132: 2523 | I132: 2838 | J132: 2022 | K132: 2899 | L132: 2608 | M132: 4040
A133: 开生门 | B133: 4208 | C133: 3418 | D133: 2358 | E133: 2101 | F133: 2149 | G133: 2625 | H133: 2108 | I133: 1684 | J133: 1908 | K133: 1849 | L133: 4427 | M133: 4005
A134: 殿下能有什么坏心思 | B134: 2082 | C134: 1528 | D134: 2233 | E134: 1240 | F134: 1302 | G134: 1708 | H134: 2077 | I134: 2621 | J134: 1916 | K134: 3129 | L134: 2451 | M134: 4004
A135: 中宫辞 | B135: 4116 | C135: 3359 | D135: 2129 | E135: 1933 | F135: 2080 | G135: 2886 | H135: 2082 | I135: 1743 | J135: 1747 | K135: 2320 | L135: 4503 | M135: 3973
A136: 驯养系恋爱 | B136: 4093 | C136: 2333 | D136: 1151 | E136: 1347 | F136: 1373 | G136: 3099 | H136: 1082 | I136: 1084 | J136: 1087 | K136: 977 | L136: 1348 | M136: 3941
A137: 后宫乱芳时 | B137: 4448 | C137: 3053 | D137: 2905 | E137: 2827 | F137: 2632 | G137: 3434 | H137: 2919 | I137: 2768 | J137: 2561 | K137: 2418 | L137: 2271 | M137: 3940
A138: 渣皇本色 | B138: 8270 | C138: 5392 | D138: 4571 | E138: 3812 | F138: 3676 | G138: 4657 | H138: 3196 | I138: 2614 | J138: 2337 | K138: 2231 | L138: 2208 | M138: 3932
A139: 反派师尊孕期出逃 | B139: 6245 | C139: 4055 | D139: 2106 | E139: 2353 | F139: 2322 | G139: 3305 | H139: 2025 | I139: 2817 | J139: 2356 | K139: 2090 | L139: 2375 | M139: 3855
A140: 玉台旧事 | B140: 15552 | C140: 7240 | D140: 3851 | E140: 3322 | F140: 4927 | G140: 7191 | H140: 3408 | I140: 2886 | J140: 2377 | K140: 2239 | L140: 1609 | M140: 3845
A141: 登顶之战 | B141: 3373 | E141: 2267 | F141: 1996 | G141: 4826 | H141: 1878 | I141: 2360 | J141: 1656 | K141: 1476 | L141: 1958 | M141: 3781
A142: 反派格局要打开 | E142: 841 | F142: 1014 | G142: 2631 | H142: 2168 | I142: 1505 | J142: 2078 | K142: 2332 | L142: 2418 | M142: 3751
A143: 璀璨都市物语 | B143: 4566 | C143: 3395 | D143: 2682 | E143: 2637 | F143: 3027 | G143: 3393 | H143: 2208 | I143: 1549 | J143: 1640 | K143: 1552 | L143: 3724 | M143: 3735
A144: 我没有在争娱女一呀 | B144: 4217 | C144: 3060 | D144: 1928 | E144: 3572 | F144: 2816 | G144: 4313 | H144: 2329 | I144: 2707 | J144: 3049 | K144: 4306 | L144: 4762 | M144: 3725
A145: 问天·神显 | B145: 5210 | C145: 4309 | D145: 3175 | E145: 2889 | F145: 2798 | G145: 4249 | H145: 3542 | I145: 2115 | J145: 2161 | K145: 2121 | L145: 2775 | M145: 3682
A146: 狩猎龙傲天 | B146: 1438 | E146: 1789 | F146: 1965 | G146: 3697 | H146: 2638 | I146: 2715 | J146: 1678 | K146: 1962 | L146: 2351 | M146: 3676
A147: 腐烂之前，先吻我 | B147: 5405 | C147: 3852 | D147: 1617 | E147: 1857 | F147: 1815 | G147: 2988 | H147: 1599 | I147: 1036 | J147: 1497 | K147: 1315 | L147: 1922 | M147: 3642
A148: 封面女王 | B148: 629 | C148: 6560 | D148: 2197 | E148: 2809 | F148: 1305 | G148: 3497 | H148: 2527 | I148: 2003 | J148: 2431 | K148: 1869 | L148: 1452 | M148: 3540
A149: 反派师妹自救攻略 | B149: 2800 | C149: 3062 | D149: 950 | E149: 1857 | F149: 2399 | G149: 3379 | H149: 1312 | I149: 1372 | J149: 1441 | K149: 2201 | L149: 1891 | M149: 3508
A150: 偏执大佬的金丝雀 | B150: 4396 | C150: 3685 | D150: 2990 | E150: 2363 | F150: 2389 | G150: 5529 | H150: 4811 | I150: 2684 | J150: 1817 | K150: 2291 | L150: 1976 | M150: 3468
A151: 观云川 | L151: 4638 | M151: 3461
...

Sheet 收藏日增
A1: 作品名 | B1: 2026-10-06 | C1: 2026-10-07 | D1: 2026-10-08 | E1: 2026-10-09 | F1: 2026-10-10 | G1: 2026-10-11 | H1: 2026-10-12 | I1: 2026-10-13 | J1: 2026-10-14 | K1: 2026-10-15 | L1: 2026-10-16 | M1: 2026-10-17
A2: 我在京城上头条 | B2: 0 | C2: 47 | D2: 59 | E2: 23 | F2: 74 | G2: 43 | H2: 42 | I2: 41 | J2: 24 | K2: 48 | L2: 54 | M2: 1360
A3: 呼叫请按铃 | B3: 443 | C3: 511 | D3: 106 | E3: 209 | F3: 416 | G3: 103 | H3: 419 | I3: 11 | J3: 145 | M3: 1266
A4: AMNESIA 失忆症 | B4: 1423 | C4: 1170 | D4: 699 | E4: 642 | F4: 858 | G4: 1129 | H4: 549 | I4: 501 | J4: 457 | K4: 531 | L4: 745 | M4: 1204
A5: 我和我哥哥 | B5: 407 | C5: 582 | D5: 608 | E5: 377 | F5: 707 | G5: 876 | H5: 309 | I5: 296 | J5: 215 | K5: 332 | L5: 537 | M5: 1052
A6: 捉鬼师后日谈 | B6: 1244 | C6: 943 | D6: 491 | E6: 417 | F6: 540 | G6: 782 | H6: 486 | I6: 348 | J6: 362 | K6: 442 | L6: 494 | M6: 1051
A7: 恶女模拟器 | B7: 196 | C7: 204 | D7: 167 | E7: 167 | F7: 138 | G7: 164 | H7: 187 | I7: 335 | J7: 363 | K7: 452 | L7: 632 | M7: 834
A8: 御妖名单 | C8: 19 | I8: 349 | J8: 196 | K8: 355 | L8: 616 | M8: 741
A9: 京中叙 | B9: 691 | C9: 513 | D9: 290 | E9: 348 | F9: 336 | G9: 515 | H9: 233 | I9: 254 | J9: 247 | K9: 195 | L9: 317 | M9: 739
A10: 统治者们 | B10: 76 | C10: 103 | D10: 63 | E10: 27 | F10: 105 | G10: 156 | H10: 313 | I10: 327 | J10: 358 | K10: 355 | L10: 447 | M10: 699
A11: 灰日告白 | B11: 705 | C11: 641 | D11: 237 | E11: 186 | F11: 267 | G11: 368 | H11: 318 | I11: 161 | J11: 156 | K11: 342 | L11: 390 | M11: 665
A12: Time,Ordinary | B12: 674 | C12: 680 | D12: 286 | E12: 273 | F12: 352 | G12: 501 | H12: 207 | I12: 196 | J12: 189 | K12: 169 | L12: 256 | M12: 658
A13: 临帝阙 | B13: 738 | C13: 551 | D13: 344 | E13: 362 | F13: 409 | G13: 527 | H13: 318 | I13: 298 | J13: 290 | K13: 286 | L13: 362 | M13: 647
A14: 可视化收容所 | M14: 603
A15: 邻居是个阴湿男 | B15: 315 | C15: 307 | D15: 296 | E15: 164 | F15: 133 | G15: 202 | H15: 96 | I15: 89 | J15: 94 | K15: 105 | L15: 129 | M15: 594
A16: 江山千秋万代 | B16: 491 | C16: 402 | D16: 471 | E16: 363 | F16: 500 | G16: 594 | H16: 292 | I16: 294 | J16: 317 | K16: 307 | L16: 291 | M16: 563
A17: 姐姐请带我回家 | B17: 417 | C17: 365 | D17: 192 | E17: 293 | F17: 146 | G17: 105 | H17: 139 | I17: 138 | J17: 124 | K17: 233 | L17: 252 | M17: 540
A18: 虔诚之花的晚钟 | B18: 544 | C18: 443 | D18: 302 | E18: 287 | F18: 385 | G18: 530 | H18: 271 | I18: 222 | J18: 228 | K18: 264 | L18: 332 | M18: 538
A19: 成为团播TOP之后 | D19: 491 | E19: 607 | F19: 840 | G19: 736 | H19: 499 | I19: 452 | J19: 347 | K19: 455 | L19: 399 | M19: 531
A20: 风华临安 | B20: 898 | C20: 690 | D20: 456 | E20: 471 | F20: 497 | G20: 567 | H20: 411 | I20: 331 | J20: 356 | K20: 398 | L20: 359 | M20: 519
A21: 由我改君命 | B21: 691 | C21: 572 | D21: 241 | E21: 224 | F21: 312 | G21: 446 | H21: 229 | I21: 312 | J21: 218 | K21: 205 | L21: 300 | M21: 511
A22: 宫妃 | B22: 242 | C22: 186 | D22: 176 | E22: 227 | F22: 276 | G22: 373 | H22: 299 | I22: 313 | J22: 300 | K22: 282 | L22: 371 | M22: 506
A23: 兄长大人请赐教 | M23: 503
A24: 师途 | B24: 504 | C24: 465 | D24: 288 | E24: 270 | F24: 349 | G24: 428 | H24: 249 | I24: 229 | J24: 214 | K24: 257 | L24: 261 | M24: 483
A25: 异常代码 | C25: 175 | D25: 115 | E25: 163 | F25: 178 | G25: 387 | H25: 29 | I25: 233 | J25: 36 | K25: 94 | L25: 113 | M25: 480
A26: 恋春深 | B26: 153 | C26: 86 | D26: 67 | E26: 81 | F26: 106 | G26: 98 | H26: 198 | I26: 207 | J26: 221 | K26: 247 | L26: 290 | M26: 479
A27: 朕被迫上位 | B27: 285 | C27: 223 | D27: 202 | E27: 174 | F27: 243 | G27: 331 | H27: 302 | I27: 313 | J27: 179 | K27: 143 | L27: 297 | M27: 472
A28: 恶役大小姐养成计划 | H28: 222 | I28: 237 | J28: 255 | K28: 222 | L28: 326 | M28: 463
A29: 勿扰修仙中 | B29: 714 | C29: 575 | D29: 374 | E29: 272 | F29: 383 | G29: 323 | H29: 229 | I29: 189 | J29: 156 | K29: 163 | L29: 241 | M29: 451
A30: 吞噬：Swallow | B30: 459 | C30: 302 | D30: 179 | E30: 145 | F30: 221 | G30: 338 | H30: 193 | I30: 156 | J30: 123 | K30: 182 | L30: 177 | M30: 439
A31: 缠梦症 | B31: 398 | C31: 314 | D31: 193 | E31: 238 | F31: 246 | G31: 403 | H31: 139 | I31: 107 | J31: 152 | K31: 181 | L31: 300 | M31: 431
A32: 你的私有玩物们 | B32: 295 | C32: 222 | D32: 135 | E32: 204 | F32: 230 | G32: 259 | H32: 156 | I32: 162 | J32: 142 | K32: 208 | L32: 356 | M32: 429
A33: 我亲爱的跟踪狂 | B33: 535 | C33: 305 | D33: 111 | E33: 95 | F33: 287 | G33: 401 | H33: 162 | I33: 166 | J33: 114 | K33: 129 | L33: 191 | M33: 407
A34: 临江二中学生论坛 | B34: 445 | C34: 175 | D34: 112 | E34: 213 | F34: 224 | G34: 302 | H34: 175 | I34: 141 | J34: 165 | K34: 218 | L34: 218 | M34: 404
A35: 囚她欢 | I35: 119 | J35: 172 | K35: 176 | L35: 163 | M35: 401
A36: 非正常异能恋爱指南 | B36: 472 | C36: 372 | D36: 168 | E36: 157 | F36: 250 | G36: 305 | H36: 157 | I36: 180 | J36: 130 | K36: 181 | L36: 198 | M36: 385
A37: 被反派驯养的三十天 | I37: 192 | J37: 171 | K37: 199 | L37: 255 | M37: 378
A38: 妄情债 | B38: 505 | C38: 462 | D38: 230 | E38: 162 | F38: 221 | G38: 367 | H38: 181 | I38: 157 | J38: 204 | K38: 222 | L38: 244 | M38: 377
A39: 夏日相悖论 | B39: 334 | C39: 337 | D39: 215 | E39: 160 | F39: 257 | G39: 304 | H39: 152 | I39: 151 | J39: 147 | K39: 193 | L39: 239 | M39: 370
A40: 残霜烬 | B40: 84 | C40: 64 | D40: 19 | E40: 5 | F40: 102 | G40: 100 | H40: 39 | I40: 44 | J40: 62 | K40: 85 | L40: 223 | M40: 366
A41: 恐游病娇boss爱的追逐战 | B41: 424 | C41: 300 | D41: 193 | E41: 160 | F41: 213 | G41: 513 | H41: 251 | I41: 169 | J41: 179 | K41: 211 | L41: 183 | M41: 358
A42: 不问长生 | E42: 23 | F42: 28 | G42: 58 | H42: 178 | I42: 180 | J42: 161 | K42: 168 | L42: 223 | M42: 342
A43: 冒犯哥哥对不起了 | B43: 515 | C43: 383 | D43: 286 | E43: 214 | F43: 233 | G43: 334 | H43: 193 | I43: 167 | J43: 147 | K43: 146 | L43: 172 | M43: 336
A44: 我周围全是变态！ | B44: 399 | C44: 257 | D44: 189 | E44: 162 | F44: 230 | G44: 511 | H44: 260 | I44: 244 | J44: 131 | K44: 121 | L44: 152 | M44: 336
A45: 我亲爱的Demon | B45: 313 | C45: 243 | D45: 114 | E45: 125 | F45: 191 | G45: 240 | H45: 150 | I45: 132 | J45: 146 | K45: 131 | L45: 201 | M45: 330
A46: 驯养系恋爱 | B46: 278 | C46: 187 | D46: 100 | E46: 129 | F46: 144 | G46: 250 | H46: 68 | I46: 96 | J46: 115 | K46: 98 | L46: 123 | M46: 322
A47: 后宫升职手札 | B47: 205 | C47: 161 | D47: 94 | E47: 115 | F47: 189 | G47: 213 | H47: 152 | I47: 120 | J47: 133 | K47: 162 | L47: 194 | M47: 314
A48: 究竟是谁玩弄谁 | E48: 107 | F48: 106 | G48: 244 | H48: 157 | I48: 164 | J48: 122 | K48: 128 | L48: 163 | M48: 312
A49: 昭昭宫廷 | B49: 52 | C49: 35 | D49: 27 | E49: 11 | F49: 30 | G49: 165 | H49: 246 | I49: 167 | J49: 126 | K49: 174 | L49: 241 | M49: 310
A50: 山月随人归 | B50: 122 | C50: 97 | D50: 64 | E50: 58 | F50: 29 | G50: 65 | H50: 245 | I50: 236 | J50: 201 | K50: 245 | L50: 255 | M50: 306
A51: 校园进化论 | B51: 41 | C51: 41 | D51: 31 | E51: 21 | F51: 47 | G51: 111 | H51: 154 | I51: 146 | J51: 125 | K51: 156 | L51: 185 | M51: 305
A52: 替兄嫁了公主后 | B52: 203 | C52: 230 | D52: 137 | E52: 106 | F52: 149 | G52: 178 | H52: 208 | I52: 179 | J52: 99 | K52: 111 | L52: 176 | M52: 305
A53: 社畜异界生存指南 | B53: 1 | K53: 175 | L53: 379 | M53: 301
A54: 星期天不上头条 | B54: 286 | C54: 254 | D54: 164 | E54: 223 | F54: 232 | G54: 286 | H54: 208 | I54: 274 | J54: 194 | K54: 174 | L54: 172 | M54: 299
A55: 无情道在逃毕业生 | B55: 147 | C55: 134 | D55: 82 | E55: 77 | F55: 93 | G55: 106 | H55: 153 | I55: 149 | J55: 153 | K55: 169 | L55: 171 | M55: 296
A56: 哥哥的私有物 | B56: 282 | C56: 130 | D56: 90 | E56: 12 | M56: 287
A57: 折灵 | B57: 109 | C57: 92 | D57: 82 | E57: 71 | F57: 91 | G57: 81 | H57: 187 | I57: 143 | J57: 166 | K57: 179 | L57: 183 | M57: 285
A58: 纵神欢 | B58: 160 | C58: 117 | D58: 104 | E58: 95 | F58: 144 | G58: 160 | H58: 132 | I58: 72 | J58: 93 | K58: 140 | L58: 164 | M58: 284
A59: 太阳依旧升起 | B59: 361 | C59: 267 | D59: 190 | E59: 139 | F59: 145 | G59: 202 | H59: 145 | I59: 126 | J59: 106 | K59: 146 | L59: 184 | M59: 281
A60: 娱乐圈|热搜预定 | B60: 401 | C60: 242 | D60: 172 | E60: 176 | F60: 267 | G60: 386 | H60: 209 | I60: 188 | J60: 158 | K60: 181 | L60: 180 | M60: 275
A61: 请只注视我 | B61: 155 | C61: 74 | D61: 81 | E61: 82 | F61: 153 | G61: 208 | H61: 115 | I61: 126 | J61: 88 | K61: 104 | L61: 110 | M61: 267
A62: 朕真不想造反啊 | B62: 314 | C62: 273 | D62: 162 | E62: 152 | F62: 161 | G62: 255 | H62: 118 | I62: 114 | J62: 154 | K62: 137 | L62: 171 | M62: 261
A63: 吾凰·在上 | B63: 237 | C63: 181 | D63: 116 | E63: 110 | F63: 139 | G63: 203 | H63: 152 | I63: 79 | J63: 130 | K63: 140 | L63: 165 | M63: 261
A64: 向我臣服 | B64: 167 | C64: 190 | D64: 114 | E64: 109 | F64: 197 | G64: 201 | H64: 134 | I64: 97 | J64: 77 | K64: 108 | L64: 167 | M64: 256
A65: 暗卫他又跑 | B65: 194 | C65: 248 | D65: 146 | E65: 131 | F65: 123 | G65: 265 | H65: 155 | I65: 153 | J65: 112 | K65: 115 | L65: 205 | M65: 255
A66: 青宫赋 | B66: 111 | C66: 235 | D66: 104 | E66: 160 | F66: 133 | G66: 265 | H66: 96 | I66: 159 | J66: 187 | K66: 182 | L66: 140 | M66: 254
A67: 被迫成为战五渣后 | B67: 91 | C67: 100 | D67: 51 | E67: 66 | F67: 84 | G67: 94 | H67: 170 | I67: 142 | J67: 138 | K67: 150 | L67: 172 | M67: 249
A68: 我在盛世种田养家 | H68: 144 | I68: 156 | J68: 166 | K68: 160 | L68: 189 | M68: 247
A69: 妖师惑徒录 | B69: 26 | C69: 43 | D69: 27 | E69: 9 | F69: 56 | G69: 54 | H69: 107 | I69: 118 | J69: 143 | K69: 139 | L69: 173 | M69: 246
A70: 无限副本：禁区恋人 | C70: 71 | I70: 89 | J70: 22 | K70: 80 | L70: 66 | M70: 244
A71: 龙傲天自制手册 | B71: 297 | C71: 258 | D71: 137 | E71: 112 | F71: 126 | G71: 230 | H71: 84 | I71: 7 | J71: 85 | K71: 112 | L71: 167 | M71: 243
A72: 休戚与共. | B72: 358 | C72: 300 | D72: 153 | E72: 132 | F72: 174 | G72: 251 | H72: 88 | I72: 98 | J72: 88 | K72: 65 | L72: 146 | M72: 242
A73: 家族模拟：玉蕴昆冈录 | F73: 12 | G73: 2 | H73: 150 | I73: 147 | J73: 145 | K73: 170 | L73: 155 | M73: 241
A74: 年少不知哥哥坏 | E74: 95 | F74: 73 | G74: 295 | H74: 112 | I74: 45 | J74: 93 | K74: 166 | L74: 152 | M74: 238
A75: 天纵 | B75: 285 | C75: 222 | D75: 118 | E75: 116 | F75: 148 | G75: 213 | H75: 112 | I75: 104 | J75: 101 | K75: 117 | L75: 155 | M75: 231
A76: 三界衔 | B76: 27 | C76: 80 | D76: 163 | E76: 281 | F76: 408 | G76: 259 | H76: 200 | I76: 171 | J76: 161 | K76: 191 | L76: 133 | M76: 230
A77: 千秋百代：帝王一小时 | B77: 296 | C77: 198 | D77: 123 | E77: 183 | F77: 204 | G77: 249 | H77: 135 | I77: 105 | J77: 111 | K77: 111 | L77: 131 | M77: 228
A78: 仙路漫漫 | B78: 196 | C78: 136 | D78: 70 | E78: 99 | F78: 101 | G78: 111 | H78: 175 | I78: 186 | J78: 177 | K78: 165 | L78: 160 | M78: 227
A79: 不可名状之爱 | B79: 220 | C79: 165 | D79: 102 | E79: 105 | F79: 126 | G79: 153 | H79: 89 | I79: 91 | J79: 58 | K79: 87 | L79: 105 | M79: 225
A80: 吵闹的104号房间 | B80: 319 | C80: 224 | D80: 172 | E80: 191 | F80: 279 | G80: 297 | H80: 112 | I80: 74 | J80: 60 | K80: 60 | L80: 85 | M80: 224
A81: 诱君多采撷 | B81: 126 | C81: 146 | D81: 95 | E81: 74 | F81: 122 | G81: 169 | H81: 87 | I81: 53 | J81: 99 | K81: 101 | L81: 109 | M81: 223
A82: 吉时未到 | D82: 52 | E82: 119 | H82: 160 | I82: 162 | J82: 103 | K82: 163 | L82: 60 | M82: 219
A83: 家族模拟器：主君在上 | B83: 89 | C83: 162 | D83: 73 | E83: 120 | F83: 136 | G83: 104 | H83: 134 | I83: 108 | J83: 103 | K83: 117 | L83: 115 | M83: 214
A84: 照夜行 | B84: 249 | C84: 196 | D84: 95 | E84: 117 | F84: 128 | G84: 163 | H84: 20 | I84: 44 | J84: 2 | M84: 214
A85: 怪我过分美丽 | B85: 268 | C85: 221 | D85: 143 | E85: 133 | F85: 187 | G85: 249 | H85: 198 | I85: 129 | J85: 145 | K85: 151 | L85: 137 | M85: 210
A86: 青梅折枝意 | B86: 116 | C86: 128 | D86: 129 | E86: 47 | F86: 95 | G86: 98 | H86: 117 | I86: 120 | J86: 101 | K86: 144 | L86: 149 | M86: 208
A87: 寡夫房里是非多 | B87: 54 | C87: 73 | D87: 77 | E87: 140 | F87: 206 | G87: 217 | H87: 90 | I87: 59 | J87: 64 | K87: 124 | L87: 132 | M87: 203
A88: 合欢宗主死遁后只想躺平 | B88: 71 | C88: 156 | D88: 81 | E88: 85 | F88: 86 | I88: 92 | J88: 0 | K88: 52 | L88: 69 | M88: 199
A89: 乌山四中狐狸食人事件 | B89: 378 | C89: 300 | D89: 235 | E89: 220 | F89: 338 | G89: 333 | H89: 82 | I89: 88 | J89: 90 | K89: 48 | L89: 112 | M89: 198
A90: 病理性诱捕 | B90: 120 | C90: 140 | D90: 32 | E90: 150 | F90: 97 | G90: 113 | H90: 53 | I90: 58 | J90: 70 | K90: 52 | L90: 69 | M90: 196
A91: 金珠遗梦 | B91: 155 | C91: 158 | D91: 83 | E91: 96 | F91: 85 | G91: 112 | H91: 91 | I91: 82 | J91: 89 | K91: 75 | L91: 84 | M91: 194
A92: 帝尊风月史 | B92: 214 | C92: 140 | D92: 116 | E92: 144 | F92: 149 | G92: 161 | H92: 101 | I92: 99 | J92: 109 | K92: 182 | L92: 127 | M92: 188
A93: 共感标本 | C93: 188 | F93: 94 | G93: 125 | H93: 164 | I93: 118 | J93: 81 | K93: 33 | L93: 181 | M93: 184
A94: 世家主母日常 | B94: 118 | C94: 106 | D94: 86 | E94: 90 | F94: 126 | G94: 107 | H94: 67 | I94: 93 | J94: 110 | K94: 101 | L94: 132 | M94: 184
A95: 仙门第一纨绔 | C95: -5 | D95: 0 | E95: -4 | F95: 0 | I95: 129 | J95: 107 | K95: 86 | L95: 113 | M95: 177
A96: 窃月欢 | C96: 68 | D96: 66 | E96: 65 | F96: 105 | G96: 130 | H96: 78 | I96: 49 | J96: 98 | K96: 23 | L96: 78 | M96: 177
A97: 恶名远扬 | B97: 163 | C97: 150 | D97: 113 | E97: 127 | F97: 205 | G97: 256 | H97: 84 | I97: 62 | J97: 63 | K97: 39 | L97: 77 | M97: 177
A98: 明月倾我怀 | J98: 161 | K98: 160 | L98: 119 | M98: 175
A99: 凯尔布兰恩的誓言 ~The Calebranns Pledge~ | B99: 311 | C99: 340 | D99: 216 | E99: 123 | F99: 181 | G99: 185 | H99: 89 | I99: 62 | J99: 53 | K99: 147 | L99: 79 | M99: 170
A100: 入罗帷 | B100: 155 | C100: 134 | D100: 96 | E100: 75 | F100: 81 | G100: 84 | H100: 81 | I100: 87 | J100: 43 | K100: 62 | L100: 77 | M100: 169
...

Sheet 点赞日增
A1: 作品名 | B1: 2026-10-06 | C1: 2026-10-07 | D1: 2026-10-08 | E1: 2026-10-09 | F1: 2026-10-10 | G1: 2026-10-11 | H1: 2026-10-12 | I1: 2026-10-13 | J1: 2026-10-14 | K1: 2026-10-15 | L1: 2026-10-16 | M1: 2026-10-17
A2: 捉鬼师后日谈 | B2: 422 | C2: 347 | D2: 136 | E2: 155 | F2: 162 | G2: 276 | H2: 157 | I2: 136 | J2: 145 | K2: 140 | L2: 164 | M2: 379
A3: AMNESIA 失忆症 | B3: 326 | C3: 269 | D3: 148 | E3: 125 | F3: 190 | G3: 253 | H3: 114 | I3: 102 | J3: 112 | K3: 108 | L3: 156 | M3: 280
A4: 呼叫请按铃 | B4: 101 | C4: 97 | D4: 20 | E4: 33 | F4: 66 | G4: 10 | H4: 77 | I4: 1 | J4: 20 | M4: 224
A5: 临帝阙 | B5: 196 | C5: 151 | D5: 94 | E5: 96 | F5: 114 | G5: 160 | H5: 77 | I5: 92 | J5: 84 | K5: 69 | L5: 125 | M5: 202
A6: 我在京城上头条 | B6: 0 | C6: 12 | D6: 5 | E6: 3 | F6: 5 | G6: 6 | H6: 1 | I6: 6 | J6: 2 | K6: 5 | L6: 9 | M6: 165
A7: 由我改君命 | B7: 164 | C7: 135 | D7: 52 | E7: 60 | F7: 73 | G7: 117 | H7: 48 | I7: 61 | J7: 53 | K7: 41 | L7: 65 | M7: 156
A8: 我和我哥哥 | B8: 61 | C8: 74 | D8: 84 | E8: 50 | F8: 83 | G8: 117 | H8: 44 | I8: 52 | J8: 35 | K8: 48 | L8: 69 | M8: 153
A9: 第六视角 | M9: 138
A10: 京中叙 | B10: 149 | C10: 63 | D10: 57 | E10: 67 | F10: 61 | G10: 110 | H10: 41 | I10: 44 | J10: 38 | K10: 49 | L10: 51 | M10: 135
A11: 灰日告白 | B11: 154 | C11: 138 | D11: 42 | E11: 36 | F11: 46 | G11: 90 | H11: 47 | I11: 33 | J11: 46 | K11: 66 | L11: 68 | M11: 133
A12: 风华临安 | B12: 258 | C12: 197 | D12: 150 | E12: 105 | F12: 113 | G12: 162 | H12: 90 | I12: 89 | J12: 91 | K12: 94 | L12: 100 | M12: 123
A13: 邻居是个阴湿男 | B13: 75 | C13: 77 | D13: 67 | E13: 29 | F13: 36 | G13: 56 | H13: 24 | I13: 25 | J13: 21 | K13: 18 | L13: 27 | M13: 120
A14: 可视化收容所 | M14: 120
A15: 师途 | B15: 137 | C15: 112 | D15: 86 | E15: 69 | F15: 84 | G15: 108 | H15: 62 | I15: 72 | J15: 58 | K15: 61 | L15: 74 | M15: 119
A16: 恶女模拟器 | B16: 39 | C16: 40 | D16: 19 | E16: 25 | F16: 16 | G16: 31 | H16: 18 | I16: 40 | J16: 53 | K16: 62 | L16: 80 | M16: 111
A17: 江山千秋万代 | B17: 93 | C17: 52 | D17: 64 | E17: 49 | F17: 92 | G17: 108 | H17: 47 | I17: 42 | J17: 53 | K17: 35 | L17: 62 | M17: 111
A18: Time,Ordinary | B18: 137 | C18: 161 | D18: 49 | E18: 41 | F18: 62 | G18: 116 | H18: 38 | I18: 33 | J18: 25 | K18: 36 | L18: 58 | M18: 111
A19: 三界衔 | B19: 141 | C19: 121 | D19: 80 | E19: 88 | F19: 112 | G19: 108 | H19: 60 | I19: 56 | J19: 51 | K19: 52 | L19: 56 | M19: 111
A20: 兄长大人请赐教 | M20: 100
A21: 恐游病娇boss爱的追逐战 | B21: 98 | C21: 60 | D21: 51 | E21: 31 | F21: 47 | G21: 113 | H21: 49 | I21: 45 | J21: 35 | K21: 41 | L21: 45 | M21: 98
A22: 残霜烬 | B22: 47 | C22: 37 | D22: 19 | E22: 15 | F22: 23 | G22: 42 | H22: 10 | I22: 8 | J22: 21 | K22: 29 | L22: 37 | M22: 97
A23: 非正常异能恋爱指南 | B23: 135 | C23: 87 | D23: 54 | E23: 49 | F23: 56 | G23: 87 | H23: 35 | I23: 33 | J23: 27 | K23: 42 | L23: 46 | M23: 96
A24: 统治者们 | B24: 21 | C24: 21 | D24: 10 | E24: 2 | F24: 7 | G24: 21 | H24: 45 | I24: 41 | J24: 47 | K24: 38 | L24: 46 | M24: 92
A25: 御妖名单 | C25: 5 | I25: 39 | J25: 17 | K25: 50 | L25: 89 | M25: 89
A26: 妄情债 | B26: 80 | C26: 81 | D26: 50 | E26: 39 | F26: 36 | G26: 73 | H26: 27 | I26: 35 | J26: 36 | K26: 32 | L26: 55 | M26: 88
A27: 吞噬：Swallow | B27: 115 | C27: 60 | D27: 37 | E27: 21 | F27: 52 | G27: 81 | H27: 26 | I27: 33 | J27: 26 | K27: 31 | L27: 38 | M27: 86
A28: 虔诚之花的晚钟 | B28: 99 | C28: 71 | D28: 61 | E28: 41 | F28: 54 | G28: 88 | H28: 50 | I28: 43 | J28: 46 | K28: 35 | L28: 54 | M28: 85
A29: 临江二中学生论坛 | B29: 114 | C29: 46 | D29: 12 | E29: 42 | F29: 47 | G29: 56 | H29: 21 | I29: 20 | J29: 38 | K29: 35 | L29: 38 | M29: 85
A30: 我亲爱的跟踪狂 | B30: 106 | C30: 66 | D30: 22 | E30: 20 | F30: 52 | G30: 87 | H30: 32 | I30: 30 | J30: 27 | K30: 21 | L30: 35 | M30: 81
A31: 姐姐请带我回家 | B31: 58 | C31: 47 | D31: 27 | E31: 57 | F31: 18 | G31: 15 | H31: 31 | I31: 18 | J31: 16 | K31: 36 | L31: 27 | M31: 81
A32: 宫妃 | B32: 28 | C32: 22 | D32: 16 | E32: 15 | F32: 40 | G32: 36 | H32: 45 | I32: 36 | J32: 44 | K32: 27 | L32: 49 | M32: 79
A33: 成为团播TOP之后 | D33: 100 | E33: 65 | F33: 119 | G33: 104 | H33: 55 | I33: 61 | J33: 57 | K33: 50 | L33: 59 | M33: 78
A34: 夏日相悖论 | B34: 101 | C34: 49 | D34: 48 | E34: 25 | F34: 46 | G34: 65 | H34: 30 | I34: 19 | J34: 29 | K34: 38 | L34: 40 | M34: 76
A35: 异常代码 | C35: 31 | D35: 15 | E35: 22 | F35: 20 | G35: 42 | H35: 1 | I35: 28 | J35: 5 | K35: 6 | L35: 12 | M35: 72
A36: 纵神欢 | B36: 24 | C36: 25 | D36: 15 | E36: 13 | F36: 33 | G36: 29 | H36: 22 | I36: 13 | J36: 21 | K36: 19 | L36: 34 | M36: 69
A37: 囚她欢 | I37: 17 | J37: 17 | K37: 30 | L37: 21 | M37: 69
A38: 勿扰修仙中 | B38: 114 | C38: 106 | D38: 74 | E38: 49 | F38: 57 | G38: 72 | H38: 46 | I38: 36 | J38: 25 | K38: 28 | L38: 43 | M38: 67
A39: 冒犯哥哥对不起了 | B39: 121 | C39: 72 | D39: 43 | E39: 39 | F39: 35 | G39: 63 | H39: 41 | I39: 41 | J39: 34 | K39: 40 | L39: 34 | M39: 66
A40: 缠梦症 | B40: 75 | C40: 41 | D40: 33 | E40: 35 | F40: 33 | G40: 59 | H40: 25 | I40: 10 | J40: 27 | K40: 32 | L40: 47 | M40: 62
A41: 恶役大小姐养成计划 | H41: 31 | I41: 25 | J41: 25 | K41: 23 | L41: 30 | M41: 61
A42: 朕被迫上位 | B42: 32 | C42: 30 | D42: 20 | E42: 19 | F42: 25 | G42: 47 | H42: 20 | I42: 34 | J42: 16 | K42: 24 | L42: 31 | M42: 60
A43: 娱乐圈·逐梦星光 | G43: 374 | H43: 105 | I43: 46 | J43: 29 | K43: 46 | L43: 60 | M43: 56
A44: 驯养系恋爱 | B44: 41 | C44: 28 | D44: 14 | E44: 15 | F44: 22 | G44: 27 | H44: 11 | I44: 15 | J44: 11 | K44: 16 | L44: 15 | M44: 56
A45: 怪我过分美丽 | B45: 48 | C45: 48 | D45: 31 | E45: 28 | F45: 30 | G45: 44 | H45: 48 | I45: 28 | J45: 40 | K45: 30 | L45: 52 | M45: 54
A46: 太阳依旧升起 | B46: 76 | C46: 61 | D46: 40 | E46: 32 | F46: 27 | G46: 38 | H46: 34 | I46: 17 | J46: 18 | K46: 34 | L46: 44 | M46: 54
A47: 娱乐圈|热搜预定 | B47: 81 | C47: 46 | D47: 41 | E47: 40 | F47: 57 | G47: 59 | H47: 43 | I47: 38 | J47: 27 | K47: 37 | L47: 38 | M47: 52
A48: 后宫升职手札 | B48: 41 | C48: 36 | D48: 21 | E48: 29 | F48: 21 | G48: 30 | H48: 19 | I48: 22 | J48: 17 | K48: 15 | L48: 25 | M48: 52
A49: 不可名状之爱 | B49: 53 | C49: 35 | D49: 17 | E49: 18 | F49: 24 | G49: 31 | H49: 18 | I49: 13 | J49: 16 | K49: 16 | L49: 13 | M49: 51
A50: 暗卫他又跑 | B50: 54 | C50: 55 | D50: 24 | E50: 23 | F50: 25 | G50: 47 | H50: 30 | I50: 26 | J50: 17 | K50: 28 | L50: 44 | M50: 50
A51: 我亲爱的Demon | B51: 58 | C51: 46 | D51: 19 | E51: 12 | F51: 35 | G51: 48 | H51: 27 | I51: 18 | J51: 29 | K51: 28 | L51: 25 | M51: 49
A52: 龙傲天自制手册 | B52: 59 | C52: 62 | D52: 23 | E52: 13 | F52: 25 | G52: 32 | H52: 19 | I52: 2 | J52: 14 | K52: 16 | L52: 32 | M52: 48
A53: 休戚与共. | B53: 55 | C53: 53 | D53: 28 | E53: 24 | F53: 24 | G53: 38 | H53: 16 | I53: 15 | J53: 21 | K53: 14 | L53: 28 | M53: 48
A54: 我周围全是变态！ | B54: 52 | C54: 38 | D54: 20 | E54: 24 | F54: 31 | G54: 82 | H54: 37 | I54: 38 | J54: 21 | K54: 17 | L54: 15 | M54: 48
A55: 你的私有玩物们 | B55: 37 | C55: 28 | D55: 17 | E55: 19 | F55: 26 | G55: 25 | H55: 14 | I55: 18 | J55: 19 | K55: 21 | L55: 39 | M55: 46
... A62: 昭昭宫廷 | B62: 11 | C62: 12 | D62: 3 | E62: 4 | F62: 1 | G62: 20 | H62: 30 | I62: 15 | J62: 13 | K62: 21 | L62: 28 | M62: 44
A63: 被反派驯养的三十天 | I63: 24 | J63: 15 | K63: 20 | L63: 24 | M63: 44
A64: 凭什么我是反派 | B64: 40 | C64: 28 | D64: 14 | E64: 10 | F64: 25 | G64: 29 | H64: 15 | I64: 12 | J64: 13 | K64: 12 | L64: 15 | M64: 44
A65: 山月随人归 | B65: 16 | C65: 14 | D65: 8 | E65: 5 | F65: 3 | G65: 10 | H65: 41 | I65: 22 | J65: 29 | K65: 29 | L65: 29 | M65: 43
A66: 校园进化论 | B66: 14 | C66: 7 | D66: 5 | E66: 9 | F66: 11 | G66: 21 | H66: 17 | I66: 24 | J66: 14 | K66: 22 | L66: 14 | M66: 43
A67: 吵闹的104号房间 | B67: 54 | C67: 48 | D67: 39 | E67: 38 | F67: 45 | G67: 51 | H67: 24 | I67: 12 | J67: 9 | K67: 13 | L67: 12 | M67: 43
A68: 全是同的世界与恐同的我 | B68: 40 | C68: 26 | D68: 19 | E68: 22 | F68: 30 | G68: 35 | H68: 34 | I68: 18 | J68: 17 | K68: 19 | L68: 26 | M68: 42
A69: 请拒绝罪犯们的疯狂示爱 | B69: 29 | C69: 27 | D69: 14 | E69: 8 | F69: 18 | G69: 29 | H69: 9 | I69: 10 | J69: 6 | K69: 11 | L69: 19 | M69: 42
A70: 哥哥的私有物 | B70: 29 | C70: 20 | D70: 14 | E70: 1 | M70: 42
A71: 无情笺 | B71: 81 | C71: 64 | D71: 38 | E71: 27 | F71: 52 | G71: 70 | H71: 25 | I71: 28 | J71: 28 | K71: 28 | L71: 33 | M71: 40
A72: 向我臣服 | B72: 26 | C72: 27 | D72: 12 | E72: 18 | F72: 26 | G72: 38 | H72: 23 | I72: 19 | J72: 9 | K72: 21 | L72: 27 | M72: 40
A73: 吾凰·在上 | B73: 36 | C73: 30 | D73: 19 | E73: 16 | F73: 21 | G73: 26 | H73: 17 | I73: 11 | J73: 24 | K73: 14 | L73: 21 | M73: 40
A74: 千秋百代：帝王一小时 | B74: 35 | C74: 43 | D74: 10 | E74: 24 | F74: 19 | G74: 35 | H74: 21 | I74: 15 | J74: 5 | K74: 18 | L74: 20 | M74: 40
A75: 照夜行 | B75: 47 | C75: 30 | D75: 17 | E75: 16 | F75: 14 | G75: 19 | H75: 1 | I75: 14 | J75: 0 | M75: 40
A76: 年少不知哥哥坏 | E76: 12 | F76: 8 | G76: 39 | H76: 16 | I76: 6 | J76: 13 | K76: 24 | L76: 23 | M76: 39
A77: 究竟是谁玩弄谁 | E77: 15 | F77: 16 | G77: 33 | H77: 23 | I77: 20 | J77: 13 | K77: 22 | L77: 23 | M77: 39
A78: 阴湿后桌死了都要爱 | B78: 44 | C78: 25 | F78: 13 | G78: 38 | H78: 6 | I78: 16 | L78: 16 | M78: 39
A79: 反派师尊孕期出逃 | B79: 37 | C79: 29 | D79: 12 | E79: 15 | F79: 26 | G79: 34 | H79: 14 | I79: 16 | J79: 24 | K79: 12 | L79: 15 | M79: 39
A80: 天纵 | B80: 58 | C80: 45 | D80: 23 | E80: 29 | F80: 29 | G80: 50 | H80: 23 | I80: 17 | J80: 19 | K80: 21 | L80: 24 | M80: 38
A81: 折灵 | B81: 11 | C81: 15 | D81: 11 | E81: 9 | F81: 11 | G81: 15 | H81: 22 | I81: 23 | J81: 24 | K81: 19 | L81: 14 | M81: 38
A82: 合欢宗主死遁后只想躺平 | B82: 18 | C82: 21 | D82: 9 | E82: 13 | F82: 17 | I82: 12 | J82: 0 | K82: 11 | L82: 7 | M82: 38
A83: 不问长生 | E83: 8 | F83: 5 | G83: 15 | H83: 18 | I83: 18 | J83: 22 | K83: 27 | L83: 24 | M83: 37
A84: 帝宴千秋 | B84: 64 | C84: 32 | D84: 43 | E84: 33 | F84: 39 | G84: 40 | H84: 29 | I84: 32 | J84: 26 | K84: 22 | L84: 21 | M84: 37
A85: 从寒门开始 | B85: 14 | C85: 1 | D85: 3 | E85: 5 | F85: 1 | G85: 7 | H85: 5 | I85: 3 | J85: 2 | K85: 3 | L85: 0 | M85: 37
A86: 妖师惑徒录 | B86: 5 | C86: 11 | D86: 4 | E86: 1 | F86: 10 | G86: 11 | H86: 17 | I86: 10 | J86: 12 | K86: 14 | L86: 18 | M86: 36
A87: 寡夫房里是非多 | B87: 23 | C87: 21 | D87: 19 | E87: 22 | F87: 30 | G87: 32 | H87: 14 | I87: 11 | J87: 16 | K87: 32 | L87: 17 | M87: 36
A88: 并不是一般穿游 | B88: 38 | C88: 25 | D88: 19 | E88: 21 | F88: 14 | G88: 30 | H88: 18 | I88: 23 | J88: 21 | K88: 16 | L88: 17 | M88: 36
A89: 吉时未到 | D89: 7 | E89: 15 | H89: 28 | I89: 21 | J89: 15 | K89: 22 | L89: 5 | M89: 36
A90: 金珠遗梦 | B90: 29 | C90: 32 | D90: 23 | E90: 12 | F90: 11 | G90: 17 | H90: 20 | I90: 16 | J90: 17 | K90: 11 | L90: 4 | M90: 36
A91: 替兄嫁了公主后 | B91: 27 | C91: 34 | D91: 23 | E91: 15 | F91: 20 | G91: 31 | H91: 32 | I91: 26 | J91: 14 | K91: 16 | L91: 25 | M91: 35
A92: 我在古代当首富￥ | B92: 59 | C92: 36 | D92: 31 | E92: 15 | F92: 18 | G92: 22 | H92: 19 | I92: 15 | J92: 33 | K92: 28 | L92: 18 | M92: 35
A93: 渡皇朝 | B93: 165 | C93: 82 | D93: 22 | E93: 23 | F93: 46 | G93: 72 | H93: 22 | I93: 15 | J93: 18 | K93: 12 | L93: 11 | M93: 35
A94: 星期天不上头条 | B94: 55 | C94: 45 | D94: 23 | E94: 34 | F94: 47 | G94: 48 | H94: 27 | I94: 35 | J94: 26 | K94: 34 | L94: 36 | M94: 34
A95: 仙路漫漫 | B95: 39 | C95: 28 | D95: 18 | E95: 17 | F95: 22 | G95: 18 | H95: 33 | I95: 26 | J95: 27 | K95: 15 | L95: 32 | M95: 34
A96: 被迫成为战五渣后 | B96: 24 | C96: 16 | D96: 14 | E96: 10 | F96: 8 | G96: 21 | H96: 24 | I96: 20 | J96: 15 | K96: 20 | L96: 20 | M96: 34
A97: 我在盛世种田养家 | H97: 13 | I97: 10 | J97: 15 | K97: 23 | L97: 15 | M97: 34
A98: 揽仙途 | B98: 57 | C98: 29 | D98: 21 | E98: 37 | F98: 22 | G98: 30 | H98: 16 | I98: 18 | J98: 21 | K98: 19 | L98: 13 | M98: 34
A99: 山河长憾 | B99: 41 | C99: 38 | D99: 14 | E99: 24 | F99: 19 | G99: 31 | H99: 13 | I99: 7 | J99: 23 | K99: 23 | L99: 26 | M99: 33
A100: 帝尊风月史 | B100: 36 | C100: 21 | D100: 20 | E100: 17 | F100: 14 | G100: 19 | H100: 14 | I100: 24 | J100: 28 | K100: 26 | L100: 25 | M100: 32
A101: 腐烂之前，先吻我 | B101: 36 | C101: 27 | D101: 13 | E101: 25 | F101: 9 | G101: 37 | H101: 5 | I101: -2 | J101: 8 | K101: 13 | L101: 7 | M101: 32
A102: 被顶级猎人围捕了 | B102: 22 | C102: 34 | D102: 13 | E102: 3 | F102: 25 | G102: 10 | H102: 12 | I102: 21 | J102: 6 | K102: 10 | L102: 5 | M102: 32
A103: 社畜异界生存指南 | B103: 0 | K103: 21 | L103: 37 | M103: 31
A104: 入罗帷 | B104: 34 | C104: 28 | D104: 14 | E104: 14 | F104: 20 | G104: 8 | H104: 7 | I104: 13 | J104: 11 | K104: 11 | L104: 26 | M104: 31
A105: 病态迷恋gl | B105: 17 | C105: 13 | D105: 3 | E105: 8 | F105: 15 | G105: 14 | H105: 15 | I105: 7 | J105: 11 | K105: 3 | L105: 20 | M105: 31
A106: 病理性诱捕 | B106: 32 | C106: 22 | D106: 2 | E106: 19 | F106: 16 | G106: 22 | H106: 7 | I106: 14 | J106: 12 | K106: 8 | L106: 15 | M106: 31
...

Sheet 每日数据
A1: 每天的数值取当天最后一次抓取；日增 = 当天 − 前一天（前一天没数据则为空）
A3: 日期 | B3: 作品名 | C3: 作品ID | D3: 人气 | E3: 人气日增 | F3: 收藏 | G3: 收藏日增 | H3: 点赞 | I3: 点赞日增
A4: 2026-10-05 | B4: AMNESIA 失忆症 | C4: 3862 | D4: 9142820 | F4: 494062 | H4: 105088
A5: 2026-10-05 | B5: 宫妃 | C5: 8075 | D5: 38218500 | F5: 493452 | H5: 105917
A6: 2026-10-05 | B6: 宫斗这件小事新版 | C6: 18216 | D6: 83816412 | F6: 1051871 | H6: 236000
A7: 2026-10-05 | B7: 师途 | C7: 32351 | D7: 158628511 | F7: 1694848 | H7: 440829
A8: 2026-10-05 | B8: 仙路漫漫 | C8: 35066 | D8: 92905076 | F8: 908260 | H8: 219956
A9: 2026-10-05 | B9: 这届宫斗玩不起 | C9: 36214 | D9: 13309937 | F9: 191500 | H9: 34749
A10: 2026-10-05 | B10: 恶役大小姐养成计划 | C10: 40929 | D10: 4709103 | F10: 124664 | H10: 26157
A11: 2026-10-05 | B11: 虔诚之花的晚钟 | C11: 44385 | D11: 5994218 | F11: 316349 | H11: 54281
A12: 2026-10-05 | B12: 田园深处【完结】 | C12: 47293 | D12: 8500558 | F12: 120093 | H12: 17385
A13: 2026-10-05 | B13: 三国攻略手札 | C13: 61744 | D13: 11563909 | F13: 229719 | H13: 42953
A14: 2026-10-05 | B14: 宫妃风华录 | C14: 66777 | D14: 25307784 | F14: 473636 | H14: 67991
A15: 2026-10-05 | B15: 半荀来袭 | C15: 78606 | D15: 4737615 | F15: 143145 | H15: 21690
... A305: 2026-10-05 | B305: 我和我哥哥 | C305: 2423982 | D305: 1834 | F305: 2799 | H305: 54
A306: 2026-10-06 | B306: 临帝阙 | C306: 178176 | D306: 140532387 | E306: 103193 | F306: 1633052 | G306: 738 | H306: 330113 | I306: 196
A307: 2026-10-06 | B307: 师途 | C307: 32351 | D307: 158704692 | E307: 76181 | F307: 1695352 | G307: 504 | H307: 440966 | I307: 137
A308: 2026-10-06 | B308: 三界衔 | C308: 1561773 | D308: 2203609 | E308: 74410 | F308: 361189 | G308: 27 | H308: 18580 | I308: 141
A309: 2026-10-06 | B309: 渡皇朝 | C309: 2201939 | D309: 484089 | E309: 60582 | F309: 210572 | G309: -443 | H309: 4179 | I309: 165
A310: 2026-10-06 | B310: 捉鬼师后日谈 | C310: 436436 | D310: 29660372 | E310: 53815 | F310: 853291 | G310: 1244 | H310: 244041 | I310: 422
A311: 2026-10-06 | B311: 梦人间 | C311: 437355 | D311: 152120064 | E311: 53327 | F311: 2175222 | G311: 587 | H311: 590688 | I311: 163
A312: 2026-10-06 | B312: 风华临安 | C312: 1644173 | D312: 5414342 | E312: 53313 | F312: 209193 | G312: 898 | H312: 30347 | I312: 258
A313: 2026-10-06 | B313: 勿扰修仙中 | C313: 397723 | D313: 15019782 | E313: 48669 | F313: 321485 | G313: 714 | H313: 44473 | I313: 114
A314: 2026-10-06 | B314: 江山千秋万代 | C314: 368816 | D314: 36887615 | E314: 48022 | F314: 461283 | G314: 491 | H314: 60873 | I314: 93
A315: 2026-10-06 | B315: 娱乐圈|热搜预定 | C315: 802492 | D315: 15500338 | E315: 43797 | F315: 312331 | G315: 401 | H315: 40476 | I315: 81
A316: 2026-10-06 | B316: 星期天不上头条 | C316: 468214 | D316: 8018571 | E316: 43755 | F316: 188301 | G316: 286 | H316: 16268 | I316: 55
A317: 2026-10-06 | B317: 京中叙 | C317: 1544579 | D317: 5905327 | E317: 41622 | F317: 335430 | G317: 691 | H317: 28996 | I317: 149
... A589: 2026-10-06 | B589: 我在京城上头条 | C589: 992127 | D589: 1167194 | E589: 0 | F589: 107733 | G589: 0 | H589: 6039 | I589: 0
A590: 2026-10-06 | B590: Clock Zero 终焉之一秒 | C590: 3863 | D590: 3034373 | F590: 156661 | H590: 27177
A591: 2026-10-06 | B591: 御妖名单 | C591: 19681 | D591: 1294211 | F591: 62270 | H591: 10041
A592: 2026-10-06 | B592: 九韶 | C592: 35092 | D592: 10559944 | F592: 113475 | H592: 22595
A593: 2026-10-06 | B593: 江月迭年 | C593: 45243 | D593: 5915066 | F593: 81101 | H593: 14506
A594: 2026-10-06 | B594: 震惊！主上有病？ | C594: 47142 | D594: 6946053 | F594: 179702 | H594: 34667
A595: 2026-10-06 | B595: 仙门第一纨绔 | C595: 49957 | D595: 15623236 | F595: 405662 | H595: 64844
A596: 2026-10-06 | B596: 万人迷翻车后努力求生 | C596: 93236 | D596: 4400147 | F596: 126657 | H596: 19659
A597: 2026-10-06 | B597: 随身仙府记 | C597: 97387 | D597: 5686269 | F597: 145241 | H597: 20694
A598: 2026-10-06 | B598: 反派教你做人 | C598: 108050 | D598: 2851130 | F598: 80563 | H598: 12207
A599: 2026-10-06 | B599: 宫墙柳下 | C599: 112300 | D599: 4710505 | F599: 135598 | H599: 15251
A600: 2026-10-06 | B600: 少女英雄主义 | C600: 137321 | D600: 16856550 | F600: 281003 | H600: 59986
A601: 2026-10-06 | B601: 闲庭梦落花 | C601: 157924 | D601: 3835748 | F601: 121787 | H601: 19477
... A683: 2026-10-06 | B683: 疯批的诱惑 | C683: 2389941 | D683: 12228 | F683: 8607 | H683: 139
A684: 2026-10-07 | B684: 临帝阙 | C684: 178176 | D684: 140627364 | E684: 94977 | F684: 1633603 | G684: 551 | H684: 330264 | I684: 151
A685: 2026-10-07 | B685: 三界衔 | C685: 1561773 | D685: 2259603 | E685: 55994 | F685: 361269 | G685: 80 | H685: 18701 | I685: 121
A686: 2026-10-07 | B686: 师途 | C686: 32351 | D686: 158758613 | E686: 53921 | F686: 1695817 | G686: 465 | H686: 441078 | I686: 112
A687: 2026-10-07 | B687: 江山千秋万代 | C687: 368816 | D687: 36941254 | E687: 53639 | F687: 461685 | G687: 402 | H687: 60925 | I687: 52
A688: 2026-10-07 | B688: 风华临安 | C688: 1644173 | D688: 5456374 | E688: 42032 | F688: 209883 | G688: 690 | H688: 30544 | I688: 197
A689: 2026-10-07 | B689: 捉鬼师后日谈 | C689: 436436 | D689: 29700225 | E689: 39853 | F689: 854234 | G689: 943 | H689: 244388 | I689: 347
A690: 2026-10-07 | B690: 京中叙 | C690: 1544579 | D690: 5943602 | E690: 38275 | F690: 335943 | G690: 513 | H690: 29059 | I690: 63
A691: 2026-10-07 | B691: 勿扰修仙中 | C691: 397723 | D691: 15057266 | E691: 37484 | F691: 322060 | G691: 575 | H691: 44579 | I691: 106
A692: 2026-10-07 | B692: 星期天不上头条 | C692: 468214 | D692: 8049187 | E692: 30616 | F692: 188555 | G692: 254 | H692: 16313 | I692: 45
A693: 2026-10-07 | B693: 娱乐圈|热搜预定 | C693: 802492 | D693: 15530500 | E693: 30162 | F693: 312573 | G693: 242 | H693: 40522 | I693: 46
A694: 2026-10-07 | B694: 怪我过分美丽 | C694: 103593 | D694: 62355847 | E694: 29506 | F694: 714047 | G694: 221 | H694: 123142 | I694: 48
A695: 2026-10-07 | B695: 赴韶光 | C695: 1070596 | D695: 5963439 | E695: 28352 | F695: 387334 | G695: 434 | H695: 27551 | I695: 62
... A1013: 2026-10-07 | B1013: 昭情调 | C1013: 2270521 | D1013: 60125 | E1013: 0 | F1013: 29011 | G1013: -3 | H1013: 469 | I1013: 1
A1014: 2026-10-07 | B1014: 京城第一经纪人 | C1014: 33125 | D1014: 11339625 | F1014: 193617 | H1014: 35661
A1015: 2026-10-07 | B1015: 从此再无天人书-阅世篇 | C1015: 55502 | D1015: 7195038 | F1015: 54464 | H1015: 12656
A1016: 2026-10-07 | B1016: 欲望使徒 | C1016: 60908 | D1016: 5456596 | F1016: 127686 | H1016: 25709
A1017: 2026-10-07 | B1017: 女帝后宫·朝凰 | C1017: 89097 | D1017: 22723939 | F1017: 395759 | H1017: 65499
A1018: 2026-10-07 | B1018: 今晚别出声 | C1018: 89356 | D1018: 4487512 | F1018: 106585 | H1018: 18100
A1019: 2026-10-07 | B1019: 本宫已上线 | C1019: 95439 | D1019: 35452164 | F1019: 613696 | H1019: 106331
A1020: 2026-10-07 | B1020: 京城恶少不好当 | C1020: 98044 | D1020: 2474994 | F1020: 86944 | H1020: 13947
A1021: 2026-10-07 | B1021: 信息素诱惑 | C1021: 101553 | D1021: 14889667 | F1021: 282687 | H1021: 60936
A1022: 2026-10-07 | B1022: 囚情 | C1022: 107220 | D1022: 3666642 | F1022: 112281 | H1022: 15420
A1023: 2026-10-07 | B1023: 继母准则 | C1023: 127772 | D1023: 6471606 | F1023: 175166 | H1023: 24181
A1024: 2026-10-07 | B1024: 我当昏君那几年 | C1024: 130938 | D1024: 7094548 | F1024: 186498 | H1024: 29211
A1025: 2026-10-07 | B1025: 步摇赋 | C1025: 136951 | D1025: 29545677 | F1025: 330025 | H1025: 61729
... A1108: 2026-10-07 | B1108: 暴君总想攻略我 | C1108: 2384556 | D1108: 10184 | F1108: 19888 | H1108: 326
A1109: 2026-10-08 | B1109: 临帝阙 | C1109: 178176 | D1109: 140692172 | E1109: 64808 | F1109: 1633947 | G1109: 344 | H1109: 330358 | I1109: 94
A1110: 2026-10-08 | B1110: 江山千秋万代 | C1110: 368816 | D1110: 36997793 | E1110: 56539 | F1110: 462156 | G1110: 471 | H1110: 60989 | I1110: 64
A1111: 2026-10-08 | B1111: 师途 | C1111: 32351 | D1111: 158804066 | E1111: 45453 | F1111: 1696105 | G1111: 288 | H1111: 441164 | I1111: 86
A1112: 2026-10-08 | B1112: 勿扰修仙中 | C1112: 397723 | D1112: 15089707 | E1112: 32441 | F1112: 322434 | G1112: 374 | H1112: 44653 | I1112: 74
A1113: 2026-10-08 | B1113: 三界衔 | C1113: 1561773 | D1113: 2290497 | E1113: 30894 | F1113: 361432 | G1113: 163 | H1113: 18781 | I1113: 80
A1114: 2026-10-08 | B1114: 神也梦春秋 | C1114: 325672 | D1114: 41985635 | E1114: 29539 | F1114: 481273 | G1114: 116 | H1114: 86811 | I1114: 20
A1115: 2026-10-08 | B1115: 娱乐圈|热搜预定 | C1115: 802492 | D1115: 15559315 | E1115: 28815 | F1115: 312745 | G1115: 172 | H1115: 40563 | I1115: 41
A1116: 2026-10-08 | B1116: 风华临安 | C1116: 1644173 | D1116: 5484945 | E1116: 28571 | F1116: 210339 | G1116: 456 | H1116: 30694 | I1116: 150
A1117: 2026-10-08 | B1117: 星期天不上头条 | C1117: 468214 | D1117: 8077262 | E1117: 28075 | F1117: 188719 | G1117: 164 | H1117: 16336 | I1117: 23
A1118: 2026-10-08 | B1118: 怪我过分美丽 | C1118: 103593 | D1118: 62383200 | E1118: 27353 | F1118: 714190 | G1118: 143 | H1118: 123173 | I1118: 31
A1119: 2026-10-08 | B1119: 捉鬼师后日谈 | C1119: 436436 | D1119: 29722928 | E1119: 22703 | F1119: 854725 | G1119: 491 | H1119: 244524 | I1119: 136
A1120: 2026-10-08 | B1120: 成为团播TOP之后 | C1120: 1991368 | D1120: 106152 | E1120: 19204 | F1120: 75850 | G1120: 491 | H1120: 740 | I1120: 100
... A1441: 2026-10-08 | B1441: 一枝凌霄花 | C1441: 1564136 | D1441: 981193 | E1441: 0 | F1441: 139178 | G1441: 2 | H1441: 4582 | I1441: 0
A1442: 2026-10-08 | B1442: 失忆偶像出道中 | C1442: 968 | D1442: 10586041 | F1442: 321693 | H1442: 91920
A1443: 2026-10-08 | B1443: 时忆：Sweet Spark | C1443: 11266 | D1443: 12242813 | F1443: 242265 | H1443: 68739
A1444: 2026-10-08 | B1444: 仁武将军 | C1444: 12574 | D1444: 4167208 | F1444: 43572 | H1444: 8871
A1445: 2026-10-08 | B1445: 中国式高考模拟器（又名：学神界压级大佬） | C1445: 25982 | D1445: 8041453 | F1445: 195641 | H1445: 41996
A1446: 2026-10-08 | B1446: 我在地府当女帝 | C1446: 30907 | D1446: 18629271 | F1446: 322728 | H1446: 60933
A1447: 2026-10-08 | B1447: 江月迭年 | C1447: 45243 | D1447: 5917236 | F1447: 81113 | H1447: 14509
A1448: 2026-10-08 | B1448: 有间书院 | C1448: 45646 | D1448: 24906161 | F1448: 431182 | H1448: 108345
A1449: 2026-10-08 | B1449: 我当花魁那些年 | C1449: 67714 | D1449: 2922649 | F1449: 75670 | H1449: 9818
A1450: 2026-10-08 | B1450: 穿成反派师尊后人设崩了 | C1450: 74421 | D1450: 5854436 | F1450: 172426 | H1450: 31975
A1451: 2026-10-08 | B1451: 无耻之徒 | C1451: 80508 | D1451: 8120556 | F1451: 193085 | H1451: 35021
A1452: 2026-10-08 | B1452: 晚来天欲雪 | C1452: 94670 | D1452: 4385021 | F1452: 133188 | H1452: 23975
A1453: 2026-10-08 | B1453: 修仙路上有鬼作祟 | C1453: 135283 | D1453: 2772194 | F1453: 109521 | H1453: 13799
... A1535: 2026-10-08 | B1535: 会当零绝顶 | C1535: 2384552 | D1535: 25202 | F1535: 19933 | H1535: 502
A1536: 2026-10-09 | B1536: 临帝阙 | C1536: 178176 | D1536: 140763457 | E1536: 71285 | F1536: 1634309 | G1536: 362 | H1536: 330454 | I1536: 96
A1537: 2026-10-09 | B1537: 江山千秋万代 | C1537: 368816 | D1537: 37047549 | E1537: 49756 | F1537: 462519 | G1537: 363 | H1537: 61038 | I1537: 49
A1538: 2026-10-09 | B1538: 师途 | C1538: 32351 | D1538: 158843139 | E1538: 39073 | F1538: 1696375 | G1538: 270 | H1538: 441233 | I1538: 69
A1539: 2026-10-09 | B1539: 怪我过分美丽 | C1539: 103593 | D1539: 62418635 | E1539: 35435 | F1539: 714323 | G1539: 133 | H1539: 123201 | I1539: 28
A1540: 2026-10-09 | B1540: 三界衔 | C1540: 1561773 | D1540: 2324902 | E1540: 34405 | F1540: 361713 | G1540: 281 | H1540: 18869 | I1540: 88
A1541: 2026-10-09 | B1541: 星期天不上头条 | C1541: 468214 | D1541: 8109575 | E1541: 32313 | F1541: 188942 | G1541: 223 | H1541: 16370 | I1541: 34
A1542: 2026-10-09 | B1542: 娱乐圈|热搜预定 | C1542: 802492 | D1542: 15587948 | E1542: 28633 | F1542: 312921 | G1542: 176 | H1542: 40603 | I1542: 40
...

Sheet 付费榜每日最终
A1: 日期 | B1: 榜单更新时间 | C1: 排名 | D1: 作品名 | E1: 作品ID
A2: 2026-10-05 | B2: 2026-10-06 00:00 | C2: 1 | D2: 师途 | E2: 32351
A3: 2026-10-05 | B3: 2026-10-06 00:00 | C3: 2 | D3: 三界衔 | E3: 1561773
A4: 2026-10-05 | B4: 2026-10-06 00:00 | C4: 3 | D4: 临帝阙 | E4: 178176
A5: 2026-10-05 | B5: 2026-10-06 00:00 | C5: 4 | D5: 风华临安 | E5: 1644173
A6: 2026-10-05 | B6: 2026-10-06 00:00 | C6: 5 | D6: 勿扰修仙中 | E6: 397723
A7: 2026-10-05 | B7: 2026-10-06 00:00 | C7: 6 | D7: 宫妃 | E7: 8075
A8: 2026-10-05 | B8: 2026-10-06 00:00 | C8: 7 | D8: 怪我过分美丽 | E8: 103593
A9: 2026-10-05 | B9: 2026-10-06 00:00 | C9: 8 | D9: 神也梦春秋 | E9: 325672
A10: 2026-10-05 | B10: 2026-10-06 00:00 | C10: 9 | D10: 星期天不上头条 | E10: 468214
A11: 2026-10-05 | B11: 2026-10-06 00:00 | C11: 10 | D11: 仙路漫漫 | E11: 35066
A12: 2026-10-05 | B12: 2026-10-06 00:00 | C12: 11 | D12: 江山千秋万代 | E12: 368816
A13: 2026-10-05 | B13: 2026-10-06 00:00 | C13: 12 | D13: AMNESIA 失忆症 | E13: 3862
... A2597: 2026-10-17 | B2597: 2026-10-18 00:00 | C2597: 200 | D2597: 哥哥的私有物 | E2597: 2368166

Sheet 作品列表
A1: .帝王风月录.
A2: 24小时心动挑战
A3: 404区
A4: 44号居民楼
A5: ABO：成为四位Alpha大佬的心尖宠
A6: AMNESIA 失忆症
A7: Bking出场后又被追杀了
A8: Clock Zero 终焉之一秒
A9: Fold
A10: Omega的监狱生活
A11: The Placebo Effect.
A12: Time,Ordinary
... A935: 龙榻囚臣
