Workbook

Sheet 付费榜当日最终
A1: 2026-10-21 付费榜最终排名（当天最后一次抓取，榜单时间 2026-10-22 00:00）
A3: 排名 | B3: 作品名 | C3: 作品ID | D3: 人气 | E3: 收藏 | F3: 点赞
A4: 1 | B4: 师途 | C4: 32351 | D4: 159285984 | E4: 1699824 | F4: 442092
A5: 2 | B5: 江山千秋万代 | C5: 368816 | D5: 37605180 | E5: 467052 | F5: 61811
A6: 3 | B6: 临帝阙 | C6: 178176 | D6: 141520384 | E6: 1638770 | F6: 331718
A7: 4 | B7: 宫妃 | C7: 8075 | D7: 38366496 | E7: 498007 | F7: 106474
A8: 5 | B8: 仙路漫漫 | C8: 35066 | D8: 93156528 | E8: 910476 | F8: 220350
A9: 6 | B9: 怪我过分美丽 | C9: 103593 | D9: 62817657 | E9: 716391 | F9: 123668
A10: 7 | B10: 风华临安 | C10: 1644173 | D10: 5882090 | E10: 216639 | F10: 32245
A11: 8 | B11: 星期天不上头条 | C11: 468214 | D11: 8464060 | E11: 191414 | F11: 16788
A12: 9 | B12: 三界衔 | C12: 1561773 | D12: 2641245 | E12: 364328 | F12: 19702
A13: 10 | B13: 恶女模拟器 | C13: 495331 | D13: 10699765 | E13: 399621 | F13: 36910
A14: 11 | B14: AMNESIA 失忆症 | C14: 3862 | D14: 9348839 | E14: 506602 | F14: 107879
A15: 12 | B15: 我竟然是个女魔头 | C15: 566957 | D15: 1712477 | E15: 174909 | F15: 24428
... A203: 200 | B203: 成凰本纪 | C203: 1478127 | D203: 776777 | E203: 108895 | F203: 3284

Sheet 当日增长
A1: 2026-10-21 人气/收藏/点赞增长 = 今天最后一次抓取 − 昨天最后一次抓取；只统计当天上过付费榜或活跃榜的作品
A3: 作品名 | B3: 作品ID | C3: 人气 | D3: 人气增长 | E3: 收藏 | F3: 收藏增长 | G3: 点赞 | H3: 点赞增长
A4: 江山千秋万代 | B4: 368816 | C4: 37605180 | D4: 48142 | E4: 467052 | F4: 294 | G4: 61811 | H4: 42
A5: 风华临安 | B5: 1644173 | C5: 5882090 | D5: 42555 | E5: 216639 | F5: 597 | G5: 32245 | H5: 110
A6: 临帝阙 | B6: 178176 | C6: 141520384 | D6: 42075 | E6: 1638770 | F6: 302 | G6: 331718 | H6: 75
A7: 师途 | B7: 32351 | C7: 159285984 | D7: 26070 | E7: 1699824 | F7: 191 | G7: 442092 | H7: 47
A8: 三界衔 | B8: 1561773 | C8: 2641245 | D8: 22803 | E8: 364328 | F8: 181 | G8: 19702 | H8: 56
A9: 娱乐圈|热搜预定 | B9: 802492 | C9: 15906242 | D9: 22553 | E9: 315483 | F9: 146 | G9: 41082 | H9: 22
A10: 星期天不上头条 | B10: 468214 | C10: 8464060 | D10: 21889 | E10: 191414 | F10: 100 | G10: 16788 | H10: 26
A11: 京中叙 | B11: 1544579 | C11: 6231338 | D11: 21661 | E11: 340866 | F11: 220 | G11: 29954 | H11: 46
A12: 怪我过分美丽 | B12: 103593 | C12: 62817657 | D12: 20801 | E12: 716391 | F12: 143 | G12: 123668 | H12: 16
A13: 勿扰修仙中 | B13: 397723 | C13: 15348739 | D13: 16971 | E13: 325569 | F13: 135 | G13: 45230 | H13: 23
A14: 捉鬼师后日谈 | B14: 436436 | C14: 30031304 | D14: 15878 | E14: 861797 | F14: 351 | G14: 247003 | H14: 122
A15: 后宫升职手札 | B15: 379597 | C15: 10338107 | D15: 14069 | E15: 298487 | F15: 150 | G15: 32225 | H15: 20
... A350: 二殿下不想被强制爱 | B350: 1927221 | C350: 164479 | D350: 77 | E350: 36067 | F350: 0 | G350: 821 | H350: 0
A351: 时忆：Sweet Spark | B351: 11266 | C351: 12258862 | E351: 242459 | G351: 68780
A352: 震惊！主上有病？ | B352: 47142 | C352: 6953661 | E352: 179807 | G352: 34691
A353: 古代女子成长录 | B353: 62279 | C353: 4866234 | E353: 111801 | G353: 16117
A354: 山海食珍录 | B354: 68615 | C354: 1724579 | E354: 47250 | G354: 6278
A355: 天下倾歌 | B355: 78987 | C355: 11547001 | E355: 211398 | G355: 44717
A356: 无耻之徒 | B356: 80508 | C356: 8132454 | E356: 193201 | G356: 35054
A357: 修罗场逃生指南 | B357: 85756 | C357: 2467807 | E357: 73178 | G357: 11667
A358: 我当宗主那些年 | B358: 98292 | C358: 4925771 | E358: 127433 | G358: 17595
A359: 风月十二录 | B359: 115099 | C359: 11951874 | E359: 266565 | G359: 35823
A360: 诱敌深入 | B360: 120323 | C360: 655873 | E360: 25224 | G360: 3639
A361: 他们都恨我是块木 | B361: 126064 | C361: 4847303 | E361: 123123 | G361: 19151
A362: 继母准则 | B362: 127772 | C362: 6480956 | E362: 175200 | G362: 24205
... A484: 最后的你是否抛弃我 | B484: 2441294 | C484: 772 | E484: 170 | G484: 29

Sheet 趋势查询
A1: 作品名称： | B1: 江山千秋万代
A2: 在黄色格子里输入作品名，或点右侧小箭头从列表里选；空白表示当时没有数据（未上榜）
A4: 榜单时间 | B4: 付费榜 | C4: 活跃榜 | D4: 人气 | E4: 收藏 | F4: 点赞
A5: 2026-10-21 00:30 | B5: =IFERROR(INDEX('付费榜排名变化'!$A$1:$AT$404,MATCH($B$1,'付费榜排名变化'!$A$1:$A$404,0),MATCH($A5,'付费榜排名变化'!$A$1:$AT$1,0)),NA()) | C5: =IFERROR(INDEX('活跃榜排名变化'!$A$1:$AT$352,MATCH($B$1,'活跃榜排名变化'!$A$1:$A$352,0),MATCH($A5,'活跃榜排名变化'!$A$1:$AT$1,0)),NA()) | D5: =IFERROR(INDEX('人气变化'!$A$1:$AT$482,MATCH($B$1,'人气变化'!$A$1:$A$482,0),MATCH($A5,'人气变化'!$A$1:$AT$1,0)),NA()) | E5: =IFERROR(INDEX('收藏变化'!$A$1:$AT$482,MATCH($B$1,'收藏变化'!$A$1:$A$482,0),MATCH($A5,'收藏变化'!$A$1:$AT$1,0)),NA()) | F5: =IFERROR(INDEX('点赞变化'!$A$1:$AT$482,MATCH($B$1,'点赞变化'!$A$1:$A$482,0),MATCH($A5,'点赞变化'!$A$1:$AT$1,0)),NA())
A6: 2026-10-21 01:00 | B6: =IFERROR(INDEX('付费榜排名变化'!$A$1:$AT$404,MATCH($B$1,'付费榜排名变化'!$A$1:$A$404,0),MATCH($A6,'付费榜排名变化'!$A$1:$AT$1,0)),NA()) | C6: =IFERROR(INDEX('活跃榜排名变化'!$A$1:$AT$352,MATCH($B$1,'活跃榜排名变化'!$A$1:$A$352,0),MATCH($A6,'活跃榜排名变化'!$A$1:$AT$1,0)),NA()) | D6: =IFERROR(INDEX('人气变化'!$A$1:$AT$482,MATCH($B$1,'人气变化'!$A$1:$A$482,0),MATCH($A6,'人气变化'!$A$1:$AT$1,0)),NA()) | E6: =IFERROR(INDEX('收藏变化'!$A$1:$AT$482,MATCH($B$1,'收藏变化'!$A$1:$A$482,0),MATCH($A6,'收藏变化'!$A$1:$AT$1,0)),NA()) | F6: =IFERROR(INDEX('点赞变化'!$A$1:$AT$482,MATCH($B$1,'点赞变化'!$A$1:$A$482,0),MATCH($A6,'点赞变化'!$A$1:$AT$1,0)),NA())
A7: 2026-10-21 01:30 | B7: =IFERROR(INDEX('付费榜排名变化'!$A$1:$AT$404,MATCH($B$1,'付费榜排名变化'!$A$1:$A$404,0),MATCH($A7,'付费榜排名变化'!$A$1:$AT$1,0)),NA()) | C7: =IFERROR(INDEX('活跃榜排名变化'!$A$1:$AT$352,MATCH($B$1,'活跃榜排名变化'!$A$1:$A$352,0),MATCH($A7,'活跃榜排名变化'!$A$1:$AT$1,0)),NA()) | D7: =IFERROR(INDEX('人气变化'!$A$1:$AT$482,MATCH($B$1,'人气变化'!$A$1:$A$482,0),MATCH($A7,'人气变化'!$A$1:$AT$1,0)),NA()) | E7: =IFERROR(INDEX('收藏变化'!$A$1:$AT$482,MATCH($B$1,'收藏变化'!$A$1:$A$482,0),MATCH($A7,'收藏变化'!$A$1:$AT$1,0)),NA()) | F7: =IFERROR(INDEX('点赞变化'!$A$1:$AT$482,MATCH($B$1,'点赞变化'!$A$1:$A$482,0),MATCH($A7,'点赞变化'!$A$1:$AT$1,0)),NA())
A8: 2026-10-21 02:00 | B8: =IFERROR(INDEX('付费榜排名变化'!$A$1:$AT$404,MATCH($B$1,'付费榜排名变化'!$A$1:$A$404,0),MATCH($A8,'付费榜排名变化'!$A$1:$AT$1,0)),NA()) | C8: =IFERROR(INDEX('活跃榜排名变化'!$A$1:$AT$352,MATCH($B$1,'活跃榜排名变化'!$A$1:$A$352,0),MATCH($A8,'活跃榜排名变化'!$A$1:$AT$1,0)),NA()) | D8: =IFERROR(INDEX('人气变化'!$A$1:$AT$482,MATCH($B$1,'人气变化'!$A$1:$A$482,0),MATCH($A8,'人气变化'!$A$1:$AT$1,0)),NA()) | E8: =IFERROR(INDEX('收藏变化'!$A$1:$AT$482,MATCH($B$1,'收藏变化'!$A$1:$A$482,0),MATCH($A8,'收藏变化'!$A$1:$AT$1,0)),NA()) | F8: =IFERROR(INDEX('点赞变化'!$A$1:$AT$482,MATCH($B$1,'点赞变化'!$A$1:$A$482,0),MATCH($A8,'点赞变化'!$A$1:$AT$1,0)),NA())
A9: 2026-10-21 02:30 | B9: =IFERROR(INDEX('付费榜排名变化'!$A$1:$AT$404,MATCH($B$1,'付费榜排名变化'!$A$1:$A$404,0),MATCH($A9,'付费榜排名变化'!$A$1:$AT$1,0)),NA()) | C9: =IFERROR(INDEX('活跃榜排名变化'!$A$1:$AT$352,MATCH($B$1,'活跃榜排名变化'!$A$1:$A$352,0),MATCH($A9,'活跃榜排名变化'!$A$1:$AT$1,0)),NA()) | D9: =IFERROR(INDEX('人气变化'!$A$1:$AT$482,MATCH($B$1,'人气变化'!$A$1:$A$482,0),MATCH($A9,'人气变化'!$A$1:$AT$1,0)),NA()) | E9: =IFERROR(INDEX('收藏变化'!$A$1:$AT$482,MATCH($B$1,'收藏变化'!$A$1:$A$482,0),MATCH($A9,'收藏变化'!$A$1:$AT$1,0)),NA()) | F9: =IFERROR(INDEX('点赞变化'!$A$1:$AT$482,MATCH($B$1,'点赞变化'!$A$1:$A$482,0),MATCH($A9,'点赞变化'!$A$1:$AT$1,0)),NA())
A10: 2026-10-21 03:15 | B10: =IFERROR(INDEX('付费榜排名变化'!$A$1:$AT$404,MATCH($B$1,'付费榜排名变化'!$A$1:$A$404,0),MATCH($A10,'付费榜排名变化'!$A$1:$AT$1,0)),NA()) | C10: =IFERROR(INDEX('活跃榜排名变化'!$A$1:$AT$352,MATCH($B$1,'活跃榜排名变化'!$A$1:$A$352,0),MATCH($A10,'活跃榜排名变化'!$A$1:$AT$1,0)),NA()) | D10: =IFERROR(INDEX('人气变化'!$A$1:$AT$482,MATCH($B$1,'人气变化'!$A$1:$A$482,0),MATCH($A10,'人气变化'!$A$1:$AT$1,0)),NA()) | E10: =IFERROR(INDEX('收藏变化'!$A$1:$AT$482,MATCH($B$1,'收藏变化'!$A$1:$A$482,0),MATCH($A10,'收藏变化'!$A$1:$AT$1,0)),NA()) | F10: =IFERROR(INDEX('点赞变化'!$A$1:$AT$482,MATCH($B$1,'点赞变化'!$A$1:$A$482,0),MATCH($A10,'点赞变化'!$A$1:$AT$1,0)),NA())
A11: 2026-10-21 03:45 | B11: =IFERROR(INDEX('付费榜排名变化'!$A$1:$AT$404,MATCH($B$1,'付费榜排名变化'!$A$1:$A$404,0),MATCH($A11,'付费榜排名变化'!$A$1:$AT$1,0)),NA()) | C11: =IFERROR(INDEX('活跃榜排名变化'!$A$1:$AT$352,MATCH($B$1,'活跃榜排名变化'!$A$1:$A$352,0),MATCH($A11,'活跃榜排名变化'!$A$1:$AT$1,0)),NA()) | D11: =IFERROR(INDEX('人气变化'!$A$1:$AT$482,MATCH($B$1,'人气变化'!$A$1:$A$482,0),MATCH($A11,'人气变化'!$A$1:$AT$1,0)),NA()) | E11: =IFERROR(INDEX('收藏变化'!$A$1:$AT$482,MATCH($B$1,'收藏变化'!$A$1:$A$482,0),MATCH($A11,'收藏变化'!$A$1:$AT$1,0)),NA()) | F11: =IFERROR(INDEX('点赞变化'!$A$1:$AT$482,MATCH($B$1,'点赞变化'!$A$1:$A$482,0),MATCH($A11,'点赞变化'!$A$1:$AT$1,0)),NA())
A12: 2026-10-21 04:15 | B12: =IFERROR(INDEX('付费榜排名变化'!$A$1:$AT$404,MATCH($B$1,'付费榜排名变化'!$A$1:$A$404,0),MATCH($A12,'付费榜排名变化'!$A$1:$AT$1,0)),NA()) | C12: =IFERROR(INDEX('活跃榜排名变化'!$A$1:$AT$352,MATCH($B$1,'活跃榜排名变化'!$A$1:$A$352,0),MATCH($A12,'活跃榜排名变化'!$A$1:$AT$1,0)),NA()) | D12: =IFERROR(INDEX('人气变化'!$A$1:$AT$482,MATCH($B$1,'人气变化'!$A$1:$A$482,0),MATCH($A12,'人气变化'!$A$1:$AT$1,0)),NA()) | E12: =IFERROR(INDEX('收藏变化'!$A$1:$AT$482,MATCH($B$1,'收藏变化'!$A$1:$A$482,0),MATCH($A12,'收藏变化'!$A$1:$AT$1,0)),NA()) | F12: =IFERROR(INDEX('点赞变化'!$A$1:$AT$482,MATCH($B$1,'点赞变化'!$A$1:$A$482,0),MATCH($A12,'点赞变化'!$A$1:$AT$1,0)),NA())
A13: 2026-10-21 04:45 | B13: =IFERROR(INDEX('付费榜排名变化'!$A$1:$AT$404,MATCH($B$1,'付费榜排名变化'!$A$1:$A$404,0),MATCH($A13,'付费榜排名变化'!$A$1:$AT$1,0)),NA()) | C13: =IFERROR(INDEX('活跃榜排名变化'!$A$1:$AT$352,MATCH($B$1,'活跃榜排名变化'!$A$1:$A$352,0),MATCH($A13,'活跃榜排名变化'!$A$1:$AT$1,0)),NA()) | D13: =IFERROR(INDEX('人气变化'!$A$1:$AT$482,MATCH($B$1,'人气变化'!$A$1:$A$482,0),MATCH($A13,'人气变化'!$A$1:$AT$1,0)),NA()) | E13: =IFERROR(INDEX('收藏变化'!$A$1:$AT$482,MATCH($B$1,'收藏变化'!$A$1:$A$482,0),MATCH($A13,'收藏变化'!$A$1:$AT$1,0)),NA()) | F13: =IFERROR(INDEX('点赞变化'!$A$1:$AT$482,MATCH($B$1,'点赞变化'!$A$1:$A$482,0),MATCH($A13,'点赞变化'!$A$1:$AT$1,0)),NA())
A14: 2026-10-21 05:15 | B14: =IFERROR(INDEX('付费榜排名变化'!$A$1:$AT$404,MATCH($B$1,'付费榜排名变化'!$A$1:$A$404,0),MATCH($A14,'付费榜排名变化'!$A$1:$AT$1,0)),NA()) | C14: =IFERROR(INDEX('活跃榜排名变化'!$A$1:$AT$352,MATCH($B$1,'活跃榜排名变化'!$A$1:$A$352,0),MATCH($A14,'活跃榜排名变化'!$A$1:$AT$1,0)),NA()) | D14: =IFERROR(INDEX('人气变化'!$A$1:$AT$482,MATCH($B$1,'人气变化'!$A$1:$A$482,0),MATCH($A14,'人气变化'!$A$1:$AT$1,0)),NA()) | E14: =IFERROR(INDEX('收藏变化'!$A$1:$AT$482,MATCH($B$1,'收藏变化'!$A$1:$A$482,0),MATCH($A14,'收藏变化'!$A$1:$AT$1,0)),NA()) | F14: =IFERROR(INDEX('点赞变化'!$A$1:$AT$482,MATCH($B$1,'点赞变化'!$A$1:$A$482,0),MATCH($A14,'点赞变化'!$A$1:$AT$1,0)),NA())
A15: 2026-10-21 05:45 | B15: =IFERROR(INDEX('付费榜排名变化'!$A$1:$AT$404,MATCH($B$1,'付费榜排名变化'!$A$1:$A$404,0),MATCH($A15,'付费榜排名变化'!$A$1:$AT$1,0)),NA()) | C15: =IFERROR(INDEX('活跃榜排名变化'!$A$1:$AT$352,MATCH($B$1,'活跃榜排名变化'!$A$1:$A$352,0),MATCH($A15,'活跃榜排名变化'!$A$1:$AT$1,0)),NA()) | D15: =IFERROR(INDEX('人气变化'!$A$1:$AT$482,MATCH($B$1,'人气变化'!$A$1:$A$482,0),MATCH($A15,'人气变化'!$A$1:$AT$1,0)),NA()) | E15: =IFERROR(INDEX('收藏变化'!$A$1:$AT$482,MATCH($B$1,'收藏变化'!$A$1:$A$482,0),MATCH($A15,'收藏变化'!$A$1:$AT$1,0)),NA()) | F15: =IFERROR(INDEX('点赞变化'!$A$1:$AT$482,MATCH($B$1,'点赞变化'!$A$1:$A$482,0),MATCH($A15,'点赞变化'!$A$1:$AT$1,0)),NA())
A16: 2026-10-21 06:15 | B16: =IFERROR(INDEX('付费榜排名变化'!$A$1:$AT$404,MATCH($B$1,'付费榜排名变化'!$A$1:$A$404,0),MATCH($A16,'付费榜排名变化'!$A$1:$AT$1,0)),NA()) | C16: =IFERROR(INDEX('活跃榜排名变化'!$A$1:$AT$352,MATCH($B$1,'活跃榜排名变化'!$A$1:$A$352,0),MATCH($A16,'活跃榜排名变化'!$A$1:$AT$1,0)),NA()) | D16: =IFERROR(INDEX('人气变化'!$A$1:$AT$482,MATCH($B$1,'人气变化'!$A$1:$A$482,0),MATCH($A16,'人气变化'!$A$1:$AT$1,0)),NA()) | E16: =IFERROR(INDEX('收藏变化'!$A$1:$AT$482,MATCH($B$1,'收藏变化'!$A$1:$A$482,0),MATCH($A16,'收藏变化'!$A$1:$AT$1,0)),NA()) | F16: =IFERROR(INDEX('点赞变化'!$A$1:$AT$482,MATCH($B$1,'点赞变化'!$A$1:$A$482,0),MATCH($A16,'点赞变化'!$A$1:$AT$1,0)),NA())
... A49: 2026-10-22 00:00 | B49: =IFERROR(INDEX('付费榜排名变化'!$A$1:$AT$404,MATCH($B$1,'付费榜排名变化'!$A$1:$A$404,0),MATCH($A49,'付费榜排名变化'!$A$1:$AT$1,0)),NA()) | C49: =IFERROR(INDEX('活跃榜排名变化'!$A$1:$AT$352,MATCH($B$1,'活跃榜排名变化'!$A$1:$A$352,0),MATCH($A49,'活跃榜排名变化'!$A$1:$AT$1,0)),NA()) | D49: =IFERROR(INDEX('人气变化'!$A$1:$AT$482,MATCH($B$1,'人气变化'!$A$1:$A$482,0),MATCH($A49,'人气变化'!$A$1:$AT$1,0)),NA()) | E49: =IFERROR(INDEX('收藏变化'!$A$1:$AT$482,MATCH($B$1,'收藏变化'!$A$1:$A$482,0),MATCH($A49,'收藏变化'!$A$1:$AT$1,0)),NA()) | F49: =IFERROR(INDEX('点赞变化'!$A$1:$AT$482,MATCH($B$1,'点赞变化'!$A$1:$A$482,0),MATCH($A49,'点赞变化'!$A$1:$AT$1,0)),NA())

Sheet 付费榜排名变化
A1: 作品名 | B1: 2026-10-21 00:30 | C1: 2026-10-21 01:00 | D1: 2026-10-21 01:30 | E1: 2026-10-21 02:00 | F1: 2026-10-21 02:30 | G1: 2026-10-21 03:15 | H1: 2026-10-21 03:45 | I1: 2026-10-21 04:15 | J1: 2026-10-21 04:45 | K1: 2026-10-21 05:15 | L1: 2026-10-21 05:45 | M1: 2026-10-21 06:15 | N1: 2026-10-21 06:45 | O1: 2026-10-21 07:15 | P1: 2026-10-21 07:30 | Q1: 2026-10-21 08:00 | R1: 2026-10-21 08:15 | S1: 2026-10-21 09:00 | T1: 2026-10-21 09:30 | U1: 2026-10-21 10:00 | V1: 2026-10-21 10:30 | W1: 2026-10-21 11:00 | X1: 2026-10-21 11:30 | Y1: 2026-10-21 12:00 | Z1: 2026-10-21 12:30 | AA1: 2026-10-21 13:00 | AB1: 2026-10-21 13:30 | AC1: 2026-10-21 14:00 | AD1: 2026-10-21 14:30 | AE1: 2026-10-21 15:30 | AF1: 2026-10-21 16:00 | AG1: 2026-10-21 16:45 | AH1: 2026-10-21 17:15 | AI1: 2026-10-21 17:45 | AJ1: 2026-10-21 18:30 | AK1: 2026-10-21 19:00 | AL1: 2026-10-21 19:30 | AM1: 2026-10-21 20:00 | AN1: 2026-10-21 20:30 | AO1: 2026-10-21 21:15 | AP1: 2026-10-21 22:00 | AQ1: 2026-10-21 22:30 | AR1: 2026-10-21 23:00 | AS1: 2026-10-21 23:30 | AT1: 2026-10-22 00:00
A2: 师途 | B2: 7 | C2: 5 | D2: 4 | E2: 2 | F2: 2 | G2: 3 | H2: 1 | I2: 1 | J2: 1 | K2: 3 | L2: 3 | M2: 3 | N2: 2 | O2: 2 | P2: 3 | Q2: 3 | R2: 2 | S2: 1 | T2: 2 | U2: 1 | V2: 1 | W2: 1 | X2: 1 | Y2: 1 | Z2: 1 | AA2: 1 | AB2: 1 | AC2: 1 | AD2: 1 | AE2: 1 | AF2: 1 | AG2: 1 | AH2: 1 | AI2: 1 | AJ2: 1 | AK2: 1 | AL2: 1 | AM2: 1 | AN2: 1 | AO2: 1 | AP2: 1 | AQ2: 1 | AR2: 1 | AS2: 1 | AT2: 1
A3: 江山千秋万代 | B3: 1 | C3: 2 | D3: 3 | E3: 4 | F3: 3 | G3: 1 | H3: 3 | I3: 3 | J3: 4 | K3: 1 | L3: 2 | M3: 2 | N3: 3 | O3: 3 | P3: 2 | Q3: 1 | R3: 1 | S3: 2 | T3: 3 | U3: 3 | V3: 3 | W3: 3 | X3: 3 | Y3: 3 | Z3: 3 | AA3: 4 | AB3: 2 | AC3: 2 | AD3: 2 | AE3: 2 | AF3: 2 | AG3: 2 | AH3: 2 | AI3: 2 | AJ3: 2 | AK3: 2 | AL3: 2 | AM3: 2 | AN3: 2 | AO3: 2 | AP3: 2 | AQ3: 2 | AR3: 2 | AS3: 2 | AT3: 2
A4: 临帝阙 | B4: 8 | C4: 7 | D4: 6 | E4: 6 | F4: 5 | G4: 6 | H4: 5 | I4: 4 | J4: 2 | K4: 4 | L4: 4 | M4: 4 | N4: 4 | O4: 4 | P4: 4 | Q4: 4 | R4: 5 | S4: 5 | T4: 5 | U4: 5 | V4: 5 | W4: 4 | X4: 4 | Y4: 4 | Z4: 4 | AA4: 2 | AB4: 3 | AC4: 3 | AD4: 3 | AE4: 3 | AF4: 4 | AG4: 5 | AH4: 5 | AI4: 4 | AJ4: 4 | AK4: 4 | AL4: 4 | AM4: 3 | AN4: 3 | AO4: 3 | AP4: 3 | AQ4: 3 | AR4: 3 | AS4: 3 | AT4: 3
A5: 宫妃 | B5: 4 | C5: 1 | D5: 2 | E5: 3 | F5: 4 | G5: 2 | H5: 2 | I5: 2 | J5: 3 | K5: 5 | L5: 5 | M5: 5 | N5: 6 | O5: 6 | P5: 6 | Q5: 5 | R5: 4 | S5: 3 | T5: 1 | U5: 2 | V5: 2 | W5: 2 | X5: 2 | Y5: 2 | Z5: 2 | AA5: 3 | AB5: 4 | AC5: 4 | AD5: 4 | AE5: 4 | AF5: 3 | AG5: 4 | AH5: 4 | AI5: 5 | AJ5: 5 | AK5: 5 | AL5: 5 | AM5: 4 | AN5: 4 | AO5: 4 | AP5: 4 | AQ5: 4 | AR5: 5 | AS5: 4 | AT5: 4
A6: 仙路漫漫 | B6: 12 | C6: 4 | D6: 5 | E6: 5 | F6: 8 | G6: 8 | H6: 8 | I6: 8 | J6: 5 | K6: 2 | L6: 1 | M6: 1 | N6: 1 | O6: 1 | P6: 1 | Q6: 2 | R6: 3 | S6: 4 | T6: 4 | U6: 4 | V6: 4 | W6: 5 | X6: 6 | Y6: 5 | Z6: 5 | AA6: 5 | AB6: 5 | AC6: 5 | AD6: 6 | AE6: 6 | AF6: 5 | AG6: 3 | AH6: 3 | AI6: 3 | AJ6: 3 | AK6: 3 | AL6: 3 | AM6: 5 | AN6: 5 | AO6: 5 | AP6: 5 | AQ6: 5 | AR6: 4 | AS6: 5 | AT6: 5
A7: 怪我过分美丽 | B7: 28 | C7: 16 | D7: 9 | E7: 7 | F7: 7 | G7: 7 | H7: 7 | I7: 6 | J7: 7 | K7: 6 | L7: 6 | M7: 6 | N7: 5 | O7: 5 | P7: 5 | Q7: 6 | R7: 6 | S7: 6 | T7: 6 | U7: 6 | V7: 6 | W7: 6 | X7: 5 | Y7: 6 | Z7: 6 | AA7: 6 | AB7: 6 | AC7: 6 | AD7: 5 | AE7: 5 | AF7: 6 | AG7: 6 | AH7: 6 | AI7: 6 | AJ7: 6 | AK7: 6 | AL7: 6 | AM7: 6 | AN7: 6 | AO7: 6 | AP7: 6 | AQ7: 6 | AR7: 6 | AS7: 6 | AT7: 6
A8: 风华临安 | B8: 6 | C8: 8 | D8: 7 | E8: 8 | F8: 6 | G8: 5 | H8: 4 | I8: 5 | J8: 6 | K8: 7 | L8: 7 | M8: 7 | N8: 7 | O8: 7 | P8: 7 | Q8: 7 | R8: 7 | S8: 7 | T8: 7 | U8: 7 | V8: 7 | W8: 7 | X8: 7 | Y8: 7 | Z8: 8 | AA8: 8 | AB8: 8 | AC8: 8 | AD8: 8 | AE8: 8 | AF8: 8 | AG8: 8 | AH8: 8 | AI8: 8 | AJ8: 8 | AK8: 8 | AL8: 8 | AM8: 8 | AN8: 7 | AO8: 7 | AP8: 7 | AQ8: 7 | AR8: 7 | AS8: 7 | AT8: 7
A9: 星期天不上头条 | B9: 16 | C9: 15 | D9: 14 | E9: 12 | F9: 12 | G9: 10 | H9: 9 | I9: 9 | J9: 9 | K9: 9 | L9: 9 | M9: 8 | N9: 8 | O9: 8 | P9: 8 | Q9: 8 | R9: 8 | S9: 8 | T9: 8 | U9: 8 | V9: 8 | W9: 8 | X9: 8 | Y9: 8 | Z9: 7 | AA9: 7 | AB9: 7 | AC9: 7 | AD9: 7 | AE9: 7 | AF9: 7 | AG9: 7 | AH9: 7 | AI9: 7 | AJ9: 7 | AK9: 7 | AL9: 7 | AM9: 7 | AN9: 8 | AO9: 8 | AP9: 8 | AQ9: 8 | AR9: 8 | AS9: 8 | AT9: 8
A10: 三界衔 | B10: 11 | C10: 13 | D10: 11 | E10: 11 | F10: 9 | G10: 11 | H10: 10 | I10: 11 | J10: 12 | K10: 12 | L10: 11 | M10: 11 | N10: 11 | O10: 11 | P10: 10 | Q10: 10 | R10: 11 | S10: 9 | T10: 9 | U10: 9 | V10: 9 | W10: 9 | X10: 9 | Y10: 9 | Z10: 9 | AA10: 9 | AB10: 9 | AC10: 9 | AD10: 9 | AE10: 9 | AF10: 9 | AG10: 9 | AH10: 9 | AI10: 9 | AJ10: 9 | AK10: 9 | AL10: 9 | AM10: 9 | AN10: 9 | AO10: 9 | AP10: 9 | AQ10: 9 | AR10: 9 | AS10: 9 | AT10: 9
A11: 恶女模拟器 | B11: 21 | C11: 21 | D11: 10 | E11: 10 | F11: 10 | G11: 9 | H11: 11 | I11: 10 | J11: 11 | K11: 10 | L11: 10 | M11: 10 | N11: 10 | O11: 10 | P11: 11 | Q11: 11 | R11: 10 | S11: 10 | T11: 10 | U11: 10 | V11: 11 | W11: 12 | X11: 12 | Y11: 12 | Z11: 12 | AA11: 12 | AB11: 12 | AC11: 11 | AD11: 11 | AE11: 10 | AF11: 10 | AG11: 10 | AH11: 10 | AI11: 10 | AJ11: 10 | AK11: 10 | AL11: 10 | AM11: 10 | AN11: 10 | AO11: 11 | AP11: 10 | AQ11: 10 | AR11: 10 | AS11: 11 | AT11: 10
A12: AMNESIA 失忆症 | B12: 9 | C12: 6 | D12: 8 | E12: 9 | F12: 11 | G12: 12 | H12: 12 | I12: 12 | J12: 10 | K12: 11 | L12: 12 | M12: 12 | N12: 12 | O12: 12 | P12: 12 | Q12: 12 | R12: 12 | S12: 12 | T12: 12 | U12: 13 | V12: 10 | W12: 11 | X12: 10 | Y12: 10 | Z12: 10 | AA12: 10 | AB12: 10 | AC12: 10 | AD12: 10 | AE12: 11 | AF12: 11 | AG12: 11 | AH12: 11 | AI12: 11 | AJ12: 11 | AK12: 11 | AL12: 11 | AM12: 11 | AN12: 11 | AO12: 10 | AP12: 11 | AQ12: 11 | AR12: 11 | AS12: 10 | AT12: 11
A13: 我竟然是个女魔头 | B13: 29 | C13: 29 | D13: 30 | E13: 24 | F13: 26 | G13: 23 | H13: 26 | I13: 28 | J13: 25 | K13: 23 | L13: 22 | M13: 22 | N13: 23 | O13: 23 | P13: 23 | Q13: 22 | R13: 22 | S13: 22 | T13: 22 | U13: 21 | V13: 21 | W13: 23 | X13: 21 | Y13: 20 | Z13: 17 | AA13: 17 | AB13: 17 | AC13: 16 | AD13: 16 | AE13: 16 | AF13: 16 | AG13: 17 | AH13: 17 | AI13: 17 | AJ13: 15 | AK13: 15 | AL13: 16 | AM13: 16 | AN13: 15 | AO13: 16 | AP13: 16 | AQ13: 16 | AR13: 14 | AS13: 14 | AT13: 12
... A17: 仙门逸事 | B17: 128 | C17: 75 | D17: 98 | E17: 103 | F17: 113 | G17: 101 | H17: 100 | I17: 84 | J17: 89 | K17: 92 | L17: 98 | M17: 100 | N17: 101 | O17: 103 | P17: 104 | Q17: 105 | R17: 108 | S17: 116 | T17: 81 | U17: 81 | V17: 58 | W17: 61 | X17: 57 | Y17: 58 | Z17: 50 | AA17: 40 | AB17: 33 | AC17: 34 | AD17: 33 | AE17: 34 | AF17: 33 | AG17: 26 | AH17: 21 | AI17: 18 | AJ17: 18 | AK17: 16 | AL17: 17 | AM17: 19 | AN17: 20 | AO17: 17 | AP17: 17 | AQ17: 17 | AR17: 17 | AS17: 17 | AT17: 16
A18: 昭昭宫廷 | F18: 146 | G18: 90 | H18: 76 | I18: 79 | J18: 83 | K18: 84 | L18: 85 | M18: 89 | N18: 90 | O18: 93 | P18: 94 | Q18: 95 | R18: 82 | S18: 80 | T18: 79 | U18: 76 | V18: 64 | W18: 64 | X18: 63 | Y18: 64 | Z18: 61 | AA18: 63 | AB18: 43 | AC18: 36 | AD18: 31 | AE18: 27 | AF18: 25 | AG18: 22 | AH18: 25 | AI18: 22 | AJ18: 20 | AK18: 17 | AL18: 15 | AM18: 15 | AN18: 16 | AO18: 15 | AP18: 15 | AQ18: 14 | AR18: 15 | AS18: 15 | AT18: 17
A19: 娱乐圈|热搜预定 | C19: 42 | D19: 37 | E19: 35 | F19: 36 | G19: 33 | H19: 28 | I19: 27 | J19: 28 | K19: 29 | L19: 28 | M19: 29 | N19: 28 | O19: 28 | P19: 27 | Q19: 27 | R19: 27 | S19: 24 | T19: 24 | U19: 22 | V19: 23 | W19: 22 | X19: 23 | Y19: 22 | Z19: 23 | AA19: 21 | AB19: 19 | AC19: 23 | AD19: 18 | AE19: 20 | AF19: 18 | AG19: 20 | AH19: 19 | AI19: 20 | AJ19: 21 | AK19: 22 | AL19: 22 | AM19: 23 | AN19: 23 | AO19: 23 | AP19: 23 | AQ19: 19 | AR19: 18 | AS19: 18 | AT19: 18
A20: 我在古代当首富￥ | B20: 50 | C20: 25 | D20: 26 | E20: 30 | F20: 32 | G20: 32 | H20: 34 | I20: 36 | J20: 39 | K20: 44 | L20: 44 | M20: 45 | N20: 43 | O20: 43 | P20: 43 | Q20: 44 | R20: 44 | S20: 43 | T20: 45 | U20: 46 | V20: 53 | W20: 51 | X20: 51 | Y20: 35 | Z20: 32 | AA20: 31 | AB20: 23 | AC20: 20 | AD20: 20 | AE20: 19 | AF20: 19 | AG20: 18 | AH20: 20 | AI20: 21 | AJ20: 22 | AK20: 20 | AL20: 20 | AM20: 21 | AN20: 22 | AO20: 22 | AP20: 18 | AQ20: 18 | AR20: 19 | AS20: 19 | AT20: 19
A21: 青宫赋 | B21: 44 | C21: 36 | D21: 32 | E21: 26 | F21: 19 | G21: 18 | H21: 17 | I21: 18 | J21: 18 | K21: 18 | L21: 19 | M21: 20 | N21: 21 | O21: 21 | P21: 20 | Q21: 21 | R21: 21 | S21: 21 | T21: 20 | U21: 19 | V21: 20 | W21: 20 | X21: 22 | Y21: 23 | Z21: 21 | AA21: 22 | AB21: 22 | AC21: 21 | AD21: 23 | AE21: 24 | AF21: 23 | AG21: 23 | AH21: 22 | AI21: 25 | AJ21: 24 | AK21: 25 | AL21: 23 | AM21: 26 | AN21: 27 | AO21: 24 | AP21: 24 | AQ21: 23 | AR21: 22 | AS21: 21 | AT21: 20
A22: 替兄嫁了公主后 | B22: 37 | C22: 27 | D22: 16 | E22: 14 | F22: 13 | G22: 13 | H22: 13 | I22: 13 | J22: 13 | K22: 13 | L22: 13 | M22: 13 | N22: 14 | O22: 14 | P22: 14 | Q22: 14 | R22: 14 | S22: 14 | T22: 14 | U22: 14 | V22: 14 | W22: 14 | X22: 13 | Y22: 13 | Z22: 14 | AA22: 14 | AB22: 14 | AC22: 14 | AD22: 14 | AE22: 14 | AF22: 15 | AG22: 16 | AH22: 16 | AI22: 16 | AJ22: 17 | AK22: 18 | AL22: 19 | AM22: 20 | AN22: 19 | AO22: 18 | AP22: 19 | AQ22: 20 | AR22: 20 | AS22: 20 | AT22: 21
A23: 古代主母风华录 | B23: 5 | C23: 17 | D23: 17 | E23: 17 | F23: 17 | G23: 19 | H23: 19 | I23: 17 | J23: 17 | K23: 16 | L23: 15 | M23: 15 | N23: 15 | O23: 15 | P23: 15 | Q23: 15 | R23: 15 | S23: 15 | T23: 15 | U23: 15 | V23: 15 | W23: 15 | X23: 15 | Y23: 15 | Z23: 15 | AA23: 15 | AB23: 16 | AC23: 17 | AD23: 17 | AE23: 17 | AF23: 17 | AG23: 19 | AH23: 18 | AI23: 19 | AJ23: 19 | AK23: 19 | AL23: 18 | AM23: 22 | AN23: 21 | AO23: 21 | AP23: 21 | AQ23: 22 | AR23: 24 | AS23: 25 | AT23: 22
A24: 后宫升职手札 | B24: 72 | C24: 48 | D24: 65 | E24: 63 | F24: 56 | G24: 41 | H24: 41 | I24: 38 | J24: 41 | K24: 35 | L24: 29 | M24: 31 | N24: 33 | O24: 33 | P24: 34 | Q24: 36 | R24: 37 | S24: 37 | T24: 34 | U24: 33 | V24: 28 | W24: 30 | X24: 29 | Y24: 29 | Z24: 25 | AA24: 25 | AB24: 21 | AC24: 24 | AD24: 24 | AE24: 21 | AF24: 21 | AG24: 21 | AH24: 23 | AI24: 26 | AJ24: 23 | AK24: 23 | AL24: 24 | AM24: 27 | AN24: 25 | AO24: 25 | AP24: 26 | AQ24: 25 | AR24: 25 | AS24: 26 | AT24: 23
A25: 凭什么我是反派 | B25: 13 | C25: 19 | D25: 27 | E25: 32 | F25: 34 | G25: 34 | H25: 29 | I25: 26 | J25: 27 | K25: 27 | L25: 31 | M25: 33 | N25: 35 | O25: 35 | P25: 35 | Q25: 33 | R25: 33 | S25: 28 | T25: 30 | U25: 34 | V25: 35 | W25: 28 | X25: 32 | Y25: 33 | Z25: 36 | AA25: 39 | AB25: 32 | AC25: 27 | AD25: 26 | AE25: 29 | AF25: 29 | AG25: 33 | AH25: 27 | AI25: 24 | AJ25: 26 | AK25: 26 | AL25: 26 | AM25: 17 | AN25: 17 | AO25: 19 | AP25: 20 | AQ25: 21 | AR25: 23 | AS25: 23 | AT25: 24
A26: 虔诚之花的晚钟 | B26: 66 | C26: 23 | D26: 24 | E26: 25 | F26: 27 | G26: 25 | H26: 25 | I26: 25 | J26: 26 | K26: 26 | L26: 27 | M26: 23 | N26: 26 | O26: 26 | P26: 28 | Q26: 28 | R26: 28 | S26: 27 | T26: 25 | U26: 26 | V26: 27 | W26: 27 | X26: 27 | Y26: 28 | Z26: 28 | AA26: 28 | AB26: 25 | AC26: 25 | AD26: 25 | AE26: 25 | AF26: 27 | AG26: 30 | AH26: 30 | AI26: 29 | AJ26: 29 | AK26: 29 | AL26: 25 | AM26: 24 | AN26: 24 | AO26: 26 | AP26: 25 | AQ26: 27 | AR26: 27 | AS26: 27 | AT26: 25
A27: 废土之王Ⅰ：起源 | C27: 3 | D27: 1 | E27: 1 | F27: 1 | G27: 4 | H27: 6 | I27: 7 | J27: 8 | K27: 8 | L27: 8 | M27: 9 | N27: 9 | O27: 9 | P27: 9 | Q27: 9 | R27: 9 | S27: 11 | T27: 11 | U27: 12 | V27: 13 | W27: 13 | X27: 14 | Y27: 14 | Z27: 13 | AA27: 13 | AB27: 13 | AC27: 13 | AD27: 13 | AE27: 13 | AF27: 14 | AG27: 15 | AH27: 15 | AI27: 15 | AJ27: 16 | AK27: 21 | AL27: 21 | AM27: 18 | AN27: 18 | AO27: 20 | AP27: 22 | AQ27: 24 | AR27: 21 | AS27: 22 | AT27: 26
A28: 朕被迫上位 | B28: 93 | C28: 41 | D28: 41 | E28: 40 | F28: 47 | G28: 37 | H28: 39 | I28: 42 | J28: 42 | K28: 39 | L28: 39 | M28: 42 | N28: 44 | O28: 44 | P28: 42 | Q28: 43 | R28: 43 | S28: 44 | T28: 46 | U28: 48 | V28: 46 | W28: 42 | X28: 38 | Y28: 38 | Z28: 40 | AA28: 35 | AB28: 39 | AC28: 32 | AD28: 32 | AE28: 35 | AF28: 34 | AG28: 29 | AH28: 31 | AI28: 31 | AJ28: 30 | AK28: 27 | AL28: 29 | AM28: 29 | AN28: 29 | AO28: 31 | AP28: 31 | AQ28: 26 | AR28: 26 | AS28: 24 | AT28: 27
A29: 天纵 | B29: 10 | C29: 14 | D29: 20 | E29: 18 | F29: 21 | G29: 17 | H29: 18 | I29: 19 | J29: 19 | K29: 19 | L29: 18 | M29: 18 | N29: 20 | O29: 20 | P29: 21 | Q29: 16 | R29: 16 | S29: 16 | T29: 16 | U29: 16 | V29: 17 | W29: 17 | X29: 18 | Y29: 17 | Z29: 18 | AA29: 18 | AB29: 20 | AC29: 22 | AD29: 22 | AE29: 22 | AF29: 22 | AG29: 25 | AH29: 26 | AI29: 27 | AJ29: 27 | AK29: 28 | AL29: 28 | AM29: 28 | AN29: 28 | AO29: 30 | AP29: 29 | AQ29: 30 | AR29: 29 | AS29: 29 | AT29: 28
A30: 我在京城上头条 | D30: 79 | E30: 61 | F30: 57 | G30: 66 | H30: 64 | I30: 65 | J30: 60 | K30: 63 | L30: 65 | M30: 68 | N30: 70 | O30: 71 | P30: 71 | Q30: 71 | R30: 71 | S30: 56 | T30: 58 | U30: 49 | V30: 39 | W30: 38 | X30: 39 | Y30: 42 | Z30: 37 | AA30: 36 | AB30: 34 | AC30: 39 | AD30: 35 | AE30: 36 | AF30: 36 | AG30: 24 | AH30: 24 | AI30: 23 | AJ30: 25 | AK30: 24 | AL30: 27 | AM30: 25 | AN30: 26 | AO30: 27 | AP30: 27 | AQ30: 28 | AR30: 28 | AS30: 28 | AT30: 29
A31: 无情笺 | B31: 143 | C31: 57 | D31: 46 | E31: 31 | F31: 29 | G31: 36 | H31: 36 | I31: 32 | J31: 37 | K31: 36 | L31: 34 | M31: 30 | N31: 31 | O31: 32 | P31: 33 | Q31: 34 | R31: 34 | S31: 34 | T31: 35 | U31: 23 | V31: 19 | W31: 19 | X31: 20 | Y31: 21 | Z31: 22 | AA31: 24 | AB31: 27 | AC31: 29 | AD31: 30 | AE31: 32 | AF31: 30 | AG31: 31 | AH31: 32 | AI31: 34 | AJ31: 34 | AK31: 31 | AL31: 32 | AM31: 33 | AN31: 33 | AO31: 28 | AP31: 28 | AQ31: 29 | AR31: 30 | AS31: 30 | AT31: 30
A32: 国际女团出道战 | B32: 17 | C32: 30 | D32: 25 | E32: 28 | F32: 28 | G32: 30 | H32: 33 | I32: 34 | J32: 34 | K32: 33 | L32: 32 | M32: 32 | N32: 32 | O32: 31 | P32: 31 | Q32: 31 | R32: 31 | S32: 30 | T32: 31 | U32: 35 | V32: 34 | W32: 34 | X32: 30 | Y32: 30 | Z32: 31 | AA32: 34 | AB32: 36 | AC32: 37 | AD32: 39 | AE32: 31 | AF32: 31 | AG32: 34 | AH32: 35 | AI32: 35 | AJ32: 35 | AK32: 36 | AL32: 30 | AM32: 30 | AN32: 30 | AO32: 29 | AP32: 30 | AQ32: 31 | AR32: 31 | AS32: 31 | AT32: 31
A33: 成为团播TOP之后 | B33: 160 | C33: 58 | D33: 48 | E33: 43 | F33: 38 | G33: 38 | H33: 38 | I33: 41 | J33: 31 | K33: 32 | L33: 36 | M33: 38 | N33: 34 | O33: 34 | P33: 30 | Q33: 30 | R33: 32 | S33: 31 | T33: 29 | U33: 32 | V33: 33 | W33: 29 | X33: 31 | Y33: 31 | Z33: 29 | AA33: 30 | AB33: 31 | AC33: 28 | AD33: 28 | AE33: 26 | AF33: 26 | AG33: 27 | AH33: 28 | AI33: 28 | AJ33: 28 | AK33: 30 | AL33: 33 | AM33: 35 | AN33: 34 | AO33: 32 | AP33: 33 | AQ33: 32 | AR33: 32 | AS33: 33 | AT33: 32
A34: 从寒门开始 | B34: 23 | C34: 50 | D34: 58 | E34: 65 | F34: 76 | G34: 70 | H34: 72 | I34: 75 | J34: 65 | K34: 66 | L34: 64 | M34: 66 | N34: 63 | O34: 65 | P34: 60 | Q34: 60 | R34: 62 | S34: 54 | T34: 55 | U34: 51 | V34: 37 | W34: 33 | X34: 34 | Y34: 32 | Z34: 34 | AA34: 37 | AB34: 40 | AC34: 41 | AD34: 38 | AE34: 30 | AF34: 32 | AG34: 35 | AH34: 34 | AI34: 32 | AJ34: 33 | AK34: 34 | AL34: 31 | AM34: 31 | AN34: 31 | AO34: 34 | AP34: 32 | AQ34: 33 | AR34: 33 | AS34: 34 | AT34: 33
A35: 帝宴千秋 | B35: 116 | C35: 170 | D35: 103 | E35: 54 | F35: 39 | G35: 47 | H35: 40 | I35: 39 | J35: 30 | K35: 31 | L35: 30 | M35: 28 | N35: 30 | O35: 30 | P35: 32 | Q35: 32 | R35: 29 | S35: 32 | T35: 33 | U35: 36 | V35: 36 | W35: 36 | X35: 36 | Y35: 36 | Z35: 35 | AA35: 38 | AB35: 35 | AC35: 40 | AD35: 41 | AE35: 39 | AF35: 37 | AG35: 37 | AH35: 37 | AI35: 37 | AJ35: 37 | AK35: 37 | AL35: 36 | AM35: 32 | AN35: 32 | AO35: 33 | AP35: 34 | AQ35: 34 | AR35: 34 | AS35: 32 | AT35: 34
A36: 山河长憾 | C36: 90 | D36: 125 | E36: 69 | F36: 65 | G36: 75 | H36: 81 | I36: 74 | J36: 80 | K36: 81 | L36: 81 | M36: 77 | N36: 74 | O36: 74 | P36: 74 | Q36: 74 | R36: 74 | S36: 74 | T36: 76 | U36: 72 | V36: 75 | W36: 76 | X36: 77 | Y36: 72 | Z36: 67 | AA36: 68 | AB36: 67 | AC36: 65 | AD36: 63 | AE36: 59 | AF36: 59 | AG36: 57 | AH36: 55 | AI36: 56 | AJ36: 53 | AK36: 56 | AL36: 53 | AM36: 47 | AN36: 47 | AO36: 47 | AP36: 49 | AQ36: 38 | AR36: 39 | AS36: 36 | AT36: 35
A37: 无限求生：房车囤货组队 | B37: 76 | C37: 71 | D37: 55 | E37: 44 | F37: 48 | G37: 44 | H37: 47 | I37: 49 | J37: 50 | K37: 47 | L37: 47 | M37: 49 | N37: 16 | O37: 16 | P37: 17 | Q37: 19 | R37: 19 | S37: 19 | T37: 19 | U37: 20 | V37: 22 | W37: 24 | X37: 25 | Y37: 26 | Z37: 27 | AA37: 26 | AB37: 28 | AC37: 30 | AD37: 29 | AE37: 33 | AF37: 35 | AG37: 36 | AH37: 36 | AI37: 36 | AJ37: 36 | AK37: 35 | AL37: 37 | AM37: 38 | AN37: 37 | AO37: 37 | AP37: 37 | AQ37: 35 | AR37: 35 | AS37: 35 | AT37: 36
A38: 世家主母日常 | B38: 196 | C38: 103 | D38: 89 | E38: 77 | F38: 82 | G38: 71 | H38: 77 | I38: 80 | J38: 82 | K38: 72 | L38: 73 | M38: 73 | N38: 69 | O38: 68 | P38: 69 | Q38: 69 | R38: 69 | S38: 73 | T38: 75 | U38: 74 | V38: 77 | W38: 78 | X38: 85 | Y38: 79 | Z38: 70 | AA38: 71 | AB38: 68 | AC38: 57 | AD38: 57 | AE38: 48 | AF38: 46 | AG38: 38 | AH38: 38 | AI38: 38 | AJ38: 38 | AK38: 38 | AL38: 39 | AM38: 41 | AN38: 41 | AO38: 39 | AP38: 39 | AQ38: 39 | AR38: 38 | AS38: 37 | AT38: 37
A39: 你的私有玩物们 | B39: 41 | C39: 20 | D39: 23 | E39: 27 | F39: 22 | G39: 21 | H39: 20 | I39: 20 | J39: 20 | K39: 21 | L39: 21 | M39: 21 | N39: 22 | O39: 22 | P39: 22 | Q39: 23 | R39: 23 | S39: 23 | T39: 23 | U39: 25 | V39: 26 | W39: 25 | X39: 24 | Y39: 24 | Z39: 24 | AA39: 23 | AB39: 26 | AC39: 26 | AD39: 27 | AE39: 28 | AF39: 28 | AG39: 32 | AH39: 33 | AI39: 33 | AJ39: 32 | AK39: 32 | AL39: 34 | AM39: 34 | AN39: 36 | AO39: 35 | AP39: 35 | AQ39: 37 | AR39: 37 | AS39: 38 | AT39: 38
A40: 赴韶光 | B40: 3 | C40: 9 | D40: 13 | E40: 16 | F40: 16 | G40: 15 | H40: 15 | I40: 15 | J40: 15 | K40: 15 | L40: 16 | M40: 16 | N40: 17 | O40: 17 | P40: 18 | Q40: 18 | R40: 18 | S40: 17 | T40: 18 | U40: 18 | V40: 18 | W40: 18 | X40: 17 | Y40: 18 | Z40: 19 | AA40: 20 | AB40: 24 | AC40: 19 | AD40: 21 | AE40: 23 | AF40: 24 | AG40: 28 | AH40: 29 | AI40: 30 | AJ40: 31 | AK40: 33 | AL40: 35 | AM40: 36 | AN40: 35 | AO40: 36 | AP40: 36 | AQ40: 36 | AR40: 36 | AS40: 39 | AT40: 39
A41: 并不是一般穿游 | C41: 34 | D41: 49 | E41: 41 | F41: 40 | G41: 51 | H41: 44 | I41: 47 | J41: 48 | K41: 51 | L41: 51 | M41: 48 | N41: 49 | O41: 49 | P41: 48 | Q41: 48 | R41: 47 | S41: 47 | T41: 47 | U41: 39 | V41: 42 | W41: 40 | X41: 42 | Y41: 41 | Z41: 41 | AA41: 42 | AB41: 41 | AC41: 43 | AD41: 43 | AE41: 43 | AF41: 40 | AG41: 40 | AH41: 41 | AI41: 41 | AJ41: 40 | AK41: 40 | AL41: 40 | AM41: 40 | AN41: 39 | AO41: 41 | AP41: 41 | AQ41: 42 | AR41: 45 | AS41: 42 | AT41: 40
A42: 古代女子生存实录 | C42: 109 | D42: 72 | E42: 90 | F42: 105 | G42: 83 | H42: 70 | I42: 72 | J42: 78 | K42: 79 | L42: 80 | M42: 83 | N42: 83 | O42: 84 | P42: 87 | Q42: 88 | R42: 91 | S42: 76 | T42: 78 | U42: 80 | V42: 86 | W42: 91 | X42: 92 | Y42: 80 | Z42: 72 | AA42: 32 | AB42: 38 | AC42: 38 | AD42: 37 | AE42: 37 | AF42: 38 | AG42: 39 | AH42: 39 | AI42: 39 | AJ42: 41 | AK42: 41 | AL42: 41 | AM42: 37 | AN42: 38 | AO42: 38 | AP42: 38 | AQ42: 40 | AR42: 41 | AS42: 40 | AT42: 41
A43: 黑月光师尊拿命洗白 | B43: 79 | C43: 31 | D43: 33 | E43: 37 | F43: 35 | G43: 35 | H43: 37 | I43: 40 | J43: 33 | K43: 34 | L43: 37 | M43: 39 | N43: 41 | O43: 41 | P43: 38 | Q43: 42 | R43: 42 | S43: 39 | T43: 36 | U43: 31 | V43: 32 | W43: 32 | X43: 28 | Y43: 27 | Z43: 30 | AA43: 29 | AB43: 30 | AC43: 35 | AD43: 40 | AE43: 40 | AF43: 41 | AG43: 41 | AH43: 40 | AI43: 40 | AJ43: 39 | AK43: 39 | AL43: 38 | AM43: 39 | AN43: 40 | AO43: 40 | AP43: 40 | AQ43: 44 | AR43: 44 | AS43: 41 | AT43: 42
A44: 这宫斗没法继续了 | B44: 139 | C44: 77 | D44: 77 | E44: 91 | F44: 62 | G44: 72 | H44: 63 | I44: 59 | J44: 62 | K44: 55 | L44: 54 | M44: 54 | N44: 57 | O44: 57 | P44: 58 | Q44: 61 | R44: 50 | S44: 50 | T44: 51 | U44: 56 | V44: 51 | W44: 55 | X44: 55 | Y44: 56 | Z44: 58 | AA44: 61 | AB44: 63 | AC44: 67 | AD44: 71 | AE44: 76 | AF44: 74 | AG44: 80 | AH44: 81 | AI44: 77 | AJ44: 78 | AK44: 82 | AL44: 80 | AM44: 65 | AN44: 59 | AO44: 62 | AP44: 57 | AQ44: 48 | AR44: 40 | AS44: 43 | AT44: 43
A45: 家族模拟器：主君在上 | B45: 53 | C45: 151 | D45: 181 | F45: 99 | G45: 111 | H45: 122 | I45: 127 | J45: 102 | K45: 105 | L45: 84 | M45: 88 | N45: 89 | O45: 90 | P45: 90 | Q45: 92 | R45: 95 | S45: 98 | T45: 98 | U45: 101 | V45: 84 | W45: 86 | X45: 81 | Y45: 86 | Z45: 87 | AA45: 96 | AB45: 90 | AC45: 82 | AD45: 82 | AE45: 72 | AF45: 65 | AG45: 67 | AH45: 65 | AI45: 69 | AJ45: 68 | AK45: 64 | AL45: 66 | AM45: 68 | AN45: 68 | AO45: 70 | AP45: 67 | AQ45: 56 | AR45: 57 | AS45: 48 | AT45: 44
A46: 朕真不想造反啊 | B46: 146 | C46: 74 | D46: 84 | E46: 102 | F46: 73 | G46: 69 | H46: 75 | I46: 70 | J46: 66 | K46: 67 | L46: 61 | M46: 64 | N46: 59 | O46: 60 | P46: 61 | Q46: 62 | R46: 60 | S46: 60 | T46: 61 | U46: 47 | V46: 47 | W46: 52 | X46: 52 | Y46: 53 | Z46: 51 | AA46: 50 | AB46: 48 | AC46: 47 | AD46: 51 | AE46: 47 | AF46: 48 | AG46: 51 | AH46: 52 | AI46: 50 | AJ46: 48 | AK46: 43 | AL46: 43 | AM46: 45 | AN46: 43 | AO46: 43 | AP46: 42 | AQ46: 41 | AR46: 42 | AS46: 44 | AT46: 45
A47: 暗卫他又跑 | B47: 20 | C47: 35 | D47: 51 | E47: 51 | F47: 58 | G47: 57 | H47: 59 | I47: 56 | J47: 47 | K47: 42 | L47: 43 | M47: 40 | N47: 42 | O47: 42 | P47: 44 | Q47: 38 | R47: 38 | S47: 38 | T47: 40 | U47: 42 | V47: 44 | W47: 45 | X47: 41 | Y47: 43 | Z47: 42 | AA47: 47 | AB47: 47 | AC47: 48 | AD47: 50 | AE47: 54 | AF47: 52 | AG47: 52 | AH47: 51 | AI47: 51 | AJ47: 51 | AK47: 48 | AL47: 45 | AM47: 43 | AN47: 42 | AO47: 42 | AP47: 43 | AQ47: 43 | AR47: 43 | AS47: 45 | AT47: 46
A48: 妄情债 | B48: 47 | C48: 39 | D48: 35 | E48: 34 | F48: 33 | G48: 29 | H48: 32 | I48: 33 | J48: 32 | K48: 28 | L48: 33 | M48: 34 | N48: 37 | O48: 37 | P48: 39 | Q48: 37 | R48: 35 | S48: 36 | T48: 39 | U48: 41 | V48: 45 | W48: 46 | X48: 46 | Y48: 49 | Z48: 48 | AA48: 49 | AB48: 52 | AC48: 51 | AD48: 49 | AE48: 50 | AF48: 51 | AG48: 50 | AH48: 50 | AI48: 52 | AJ48: 55 | AK48: 54 | AL48: 56 | AM48: 55 | AN48: 52 | AO48: 50 | AP48: 46 | AQ48: 47 | AR48: 47 | AS48: 47 | AT48: 47
A49: 世系长歌 | B49: 127 | C49: 100 | D49: 90 | E49: 83 | F49: 79 | G49: 76 | H49: 71 | I49: 64 | J49: 64 | K49: 53 | L49: 52 | M49: 47 | N49: 48 | O49: 48 | P49: 49 | Q49: 49 | R49: 49 | S49: 49 | T49: 50 | U49: 55 | V49: 54 | W49: 50 | X49: 50 | Y49: 52 | Z49: 54 | AA49: 53 | AB49: 58 | AC49: 50 | AD49: 46 | AE49: 46 | AF49: 45 | AG49: 42 | AH49: 44 | AI49: 43 | AJ49: 43 | AK49: 44 | AL49: 42 | AM49: 42 | AN49: 45 | AO49: 44 | AP49: 44 | AQ49: 45 | AR49: 46 | AS49: 46 | AT49: 48
A50: 杏林志 | B50: 48 | C50: 43 | D50: 43 | E50: 49 | F50: 55 | G50: 46 | H50: 49 | I50: 51 | J50: 53 | K50: 54 | L50: 56 | M50: 58 | N50: 62 | O50: 64 | P50: 65 | Q50: 54 | R50: 56 | S50: 57 | T50: 59 | U50: 63 | V50: 59 | W50: 62 | X50: 53 | Y50: 50 | Z50: 52 | AA50: 55 | AB50: 56 | AC50: 59 | AD50: 54 | AE50: 58 | AF50: 61 | AG50: 65 | AH50: 59 | AI50: 57 | AJ50: 54 | AK50: 55 | AL50: 48 | AM50: 50 | AN50: 46 | AO50: 46 | AP50: 48 | AQ50: 46 | AR50: 48 | AS50: 49 | AT50: 49
A51: 恶名远扬 | B51: 69 | C51: 33 | D51: 40 | E51: 47 | F51: 42 | G51: 27 | H51: 22 | I51: 23 | J51: 22 | K51: 24 | L51: 24 | M51: 25 | N51: 25 | O51: 25 | P51: 26 | Q51: 26 | R51: 26 | S51: 29 | T51: 32 | U51: 30 | V51: 31 | W51: 37 | X51: 37 | Y51: 39 | Z51: 38 | AA51: 41 | AB51: 42 | AC51: 42 | AD51: 44 | AE51: 44 | AF51: 44 | AG51: 46 | AH51: 45 | AI51: 44 | AJ51: 45 | AK51: 46 | AL51: 47 | AM51: 49 | AN51: 50 | AO51: 49 | AP51: 50 | AQ51: 51 | AR51: 50 | AS51: 50 | AT51: 50
A52: 寡夫房里是非多 | B52: 22 | C52: 22 | D52: 29 | E52: 20 | F52: 20 | G52: 22 | H52: 23 | I52: 22 | J52: 23 | K52: 22 | L52: 23 | M52: 24 | N52: 24 | O52: 24 | P52: 25 | Q52: 24 | R52: 24 | S52: 25 | T52: 27 | U52: 29 | V52: 30 | W52: 31 | X52: 33 | Y52: 34 | Z52: 33 | AA52: 33 | AB52: 37 | AC52: 33 | AD52: 36 | AE52: 41 | AF52: 42 | AG52: 45 | AH52: 47 | AI52: 46 | AJ52: 46 | AK52: 47 | AL52: 49 | AM52: 51 | AN52: 53 | AO52: 54 | AP52: 54 | AQ52: 55 | AR52: 53 | AS52: 53 | AT52: 51
A53: 揽仙途 | C53: 82 | D53: 109 | E53: 136 | F53: 89 | G53: 64 | H53: 68 | I53: 68 | J53: 70 | K53: 71 | L53: 69 | M53: 70 | N53: 72 | O53: 73 | P53: 73 | Q53: 73 | R53: 73 | S53: 70 | T53: 74 | U53: 78 | V53: 79 | W53: 72 | X53: 72 | Y53: 67 | Z53: 69 | AA53: 74 | AB53: 74 | AC53: 71 | AD53: 64 | AE53: 61 | AF53: 62 | AG53: 66 | AH53: 67 | AI53: 66 | AJ53: 65 | AK53: 66 | AL53: 64 | AM53: 66 | AN53: 65 | AO53: 65 | AP53: 65 | AQ53: 66 | AR53: 59 | AS53: 59 | AT53: 52
A54: 纵神欢 | B54: 167 | C54: 51 | D54: 44 | E54: 53 | F54: 61 | G54: 61 | H54: 69 | I54: 71 | J54: 76 | K54: 77 | L54: 67 | M54: 61 | N54: 56 | O54: 56 | P54: 57 | Q54: 59 | R54: 61 | S54: 64 | T54: 64 | U54: 66 | V54: 71 | W54: 73 | X54: 75 | Y54: 78 | Z54: 82 | AA54: 65 | AB54: 66 | AC54: 69 | AD54: 73 | AE54: 74 | AF54: 75 | AG54: 76 | AH54: 69 | AI54: 64 | AJ54: 59 | AK54: 53 | AL54: 51 | AM54: 52 | AN54: 55 | AO54: 52 | AP54: 53 | AQ54: 54 | AR54: 51 | AS54: 51 | AT54: 53
A55: 皇后是只狐狸精 | B55: 19 | C55: 28 | D55: 34 | E55: 39 | F55: 37 | G55: 48 | H55: 50 | I55: 45 | J55: 45 | K55: 49 | L55: 50 | M55: 52 | N55: 53 | O55: 52 | P55: 52 | Q55: 52 | R55: 52 | S55: 51 | T55: 48 | U55: 50 | V55: 43 | W55: 44 | X55: 45 | Y55: 46 | Z55: 47 | AA55: 45 | AB55: 49 | AC55: 46 | AD55: 42 | AE55: 42 | AF55: 43 | AG55: 44 | AH55: 42 | AI55: 45 | AJ55: 44 | AK55: 45 | AL55: 46 | AM55: 46 | AN55: 48 | AO55: 48 | AP55: 47 | AQ55: 49 | AR55: 49 | AS55: 52 | AT55: 54
A56: 仙履奇谈 | B56: 68 | C56: 182 | F56: 176 | G56: 137 | H56: 91 | I56: 78 | J56: 85 | K56: 87 | L56: 91 | M56: 96 | N56: 84 | O56: 85 | P56: 88 | Q56: 89 | R56: 92 | S56: 58 | T56: 53 | U56: 58 | V56: 60 | W56: 59 | X56: 64 | Y56: 65 | Z56: 65 | AA56: 58 | AB56: 61 | AC56: 63 | AD56: 67 | AE56: 68 | AF56: 73 | AG56: 58 | AH56: 61 | AI56: 55 | AJ56: 58 | AK56: 61 | AL56: 59 | AM56: 59 | AN56: 61 | AO56: 57 | AP56: 51 | AQ56: 53 | AR56: 55 | AS56: 55 | AT56: 55
A57: 吾凰·在上 | B57: 27 | C57: 53 | D57: 36 | E57: 42 | F57: 49 | G57: 55 | H57: 57 | I57: 54 | J57: 56 | K57: 59 | L57: 55 | M57: 53 | N57: 55 | O57: 55 | P57: 56 | Q57: 58 | R57: 59 | S57: 61 | T57: 62 | U57: 64 | V57: 62 | W57: 60 | X57: 60 | Y57: 60 | Z57: 60 | AA57: 60 | AB57: 60 | AC57: 64 | AD57: 62 | AE57: 45 | AF57: 47 | AG57: 47 | AH57: 49 | AI57: 48 | AJ57: 49 | AK57: 49 | AL57: 50 | AM57: 48 | AN57: 49 | AO57: 51 | AP57: 52 | AQ57: 52 | AR57: 52 | AS57: 54 | AT57: 56
A58: 诱君多采撷 | C58: 188 | E58: 99 | F58: 115 | G58: 88 | H58: 95 | I58: 81 | J58: 86 | K58: 89 | L58: 94 | M58: 84 | N58: 85 | O58: 86 | P58: 89 | Q58: 91 | R58: 94 | S58: 97 | T58: 100 | U58: 105 | V58: 100 | W58: 104 | X58: 106 | Y58: 109 | Z58: 112 | AA58: 97 | AB58: 101 | AC58: 97 | AD58: 99 | AE58: 77 | AF58: 78 | AG58: 77 | AH58: 73 | AI58: 61 | AJ58: 60 | AK58: 60 | AL58: 57 | AM58: 58 | AN58: 62 | AO58: 53 | AP58: 55 | AQ58: 58 | AR58: 56 | AS58: 56 | AT58: 57
A59: 闪耀48区 | B59: 94 | D59: 152 | E59: 122 | F59: 137 | G59: 154 | H59: 112 | I59: 100 | J59: 103 | K59: 93 | L59: 99 | M59: 60 | N59: 65 | O59: 59 | P59: 55 | Q59: 56 | R59: 54 | S59: 55 | T59: 57 | U59: 62 | V59: 68 | W59: 68 | X59: 66 | Y59: 66 | Z59: 66 | AA59: 69 | AB59: 72 | AC59: 55 | AD59: 52 | AE59: 51 | AF59: 49 | AG59: 48 | AH59: 43 | AI59: 42 | AJ59: 42 | AK59: 42 | AL59: 44 | AM59: 44 | AN59: 44 | AO59: 45 | AP59: 45 | AQ59: 50 | AR59: 54 | AS59: 57 | AT59: 58
A60: 后妃成长录 | F60: 185 | G60: 155 | H60: 160 | I60: 164 | J60: 172 | K60: 162 | L60: 168 | M60: 170 | N60: 172 | O60: 173 | P60: 161 | Q60: 168 | R60: 170 | S60: 177 | T60: 183 | U60: 191 | V60: 195 | Y60: 189 | Z60: 173 | AA60: 177 | AB60: 187 | AC60: 152 | AD60: 155 | AE60: 118 | AF60: 114 | AG60: 104 | AH60: 99 | AI60: 99 | AJ60: 93 | AK60: 88 | AL60: 85 | AM60: 78 | AN60: 80 | AO60: 73 | AP60: 73 | AQ60: 60 | AR60: 62 | AS60: 61 | AT60: 59
A61: 后宫群妃录 | B61: 110 | C61: 52 | D61: 71 | E61: 84 | F61: 75 | G61: 62 | H61: 58 | I61: 60 | J61: 63 | K61: 65 | L61: 68 | M61: 67 | N61: 61 | O61: 62 | P61: 63 | Q61: 63 | R61: 63 | S61: 65 | T61: 66 | U61: 59 | V61: 61 | W61: 63 | X61: 65 | Y61: 63 | Z61: 64 | AA61: 67 | AB61: 54 | AC61: 52 | AD61: 55 | AE61: 57 | AF61: 58 | AG61: 55 | AH61: 54 | AI61: 54 | AJ61: 57 | AK61: 59 | AL61: 60 | AM61: 62 | AN61: 66 | AO61: 58 | AP61: 56 | AQ61: 57 | AR61: 58 | AS61: 58 | AT61: 60
A62: 难寐春情艳事 | B62: 71 | C62: 92 | D62: 129 | E62: 107 | F62: 101 | G62: 114 | H62: 101 | I62: 89 | J62: 81 | K62: 82 | L62: 82 | M62: 86 | N62: 86 | O62: 89 | P62: 91 | Q62: 79 | R62: 80 | S62: 79 | T62: 68 | U62: 71 | V62: 74 | W62: 75 | X62: 73 | Y62: 76 | Z62: 75 | AA62: 76 | AB62: 73 | AC62: 78 | AD62: 83 | AE62: 81 | AF62: 85 | AG62: 83 | AH62: 82 | AI62: 81 | AJ62: 82 | AK62: 78 | AL62: 79 | AM62: 79 | AN62: 79 | AO62: 72 | AP62: 70 | AQ62: 73 | AR62: 71 | AS62: 65 | AT62: 61
A63: 殿下能有什么坏心思 | C63: 146 | D63: 99 | E63: 62 | F63: 54 | G63: 50 | H63: 52 | I63: 35 | J63: 38 | K63: 43 | L63: 42 | M63: 35 | N63: 38 | O63: 38 | P63: 40 | Q63: 35 | R63: 36 | S63: 35 | T63: 38 | U63: 37 | V63: 38 | W63: 39 | X63: 40 | Y63: 40 | Z63: 43 | AA63: 46 | AB63: 46 | AC63: 49 | AD63: 53 | AE63: 52 | AF63: 54 | AG63: 59 | AH63: 62 | AI63: 65 | AJ63: 67 | AK63: 71 | AL63: 69 | AM63: 61 | AN63: 67 | AO63: 64 | AP63: 61 | AQ63: 65 | AR63: 61 | AS63: 63 | AT63: 62
A64: .帝王风月录. | B64: 150 | X64: 136 | Y64: 143 | Z64: 113 | AA64: 101 | AB64: 105 | AC64: 109 | AD64: 118 | AE64: 103 | AF64: 104 | AG64: 94 | AH64: 91 | AI64: 89 | AJ64: 80 | AK64: 70 | AL64: 67 | AM64: 67 | AN64: 70 | AO64: 68 | AP64: 68 | AQ64: 62 | AR64: 63 | AS64: 60 | AT64: 63
A65: 渣皇本色 | E65: 95 | F65: 70 | G65: 45 | H65: 46 | I65: 48 | J65: 49 | K65: 52 | L65: 53 | M65: 55 | N65: 51 | O65: 51 | P65: 51 | Q65: 51 | R65: 53 | S65: 53 | T65: 56 | U65: 60 | V65: 63 | W65: 65 | X65: 67 | Y65: 69 | Z65: 71 | AA65: 73 | AB65: 75 | AC65: 79 | AD65: 84 | AE65: 69 | AF65: 57 | AG65: 56 | AH65: 58 | AI65: 58 | AJ65: 56 | AK65: 57 | AL65: 58 | AM65: 57 | AN65: 57 | AO65: 59 | AP65: 62 | AQ65: 59 | AR65: 60 | AS65: 62 | AT65: 64
A66: 问道缥缈 | B66: 70 | C66: 62 | D66: 56 | E66: 57 | F66: 52 | G66: 58 | H66: 54 | I66: 53 | J66: 55 | K66: 57 | L66: 58 | M66: 57 | N66: 54 | O66: 54 | P66: 54 | Q66: 55 | R66: 57 | S66: 62 | T66: 63 | U66: 65 | V66: 66 | W66: 47 | X66: 47 | Y66: 47 | Z66: 44 | AA66: 48 | AB66: 53 | AC66: 56 | AD66: 58 | AE66: 56 | AF66: 53 | AG66: 53 | AH66: 53 | AI66: 53 | AJ66: 52 | AK66: 52 | AL66: 55 | AM66: 54 | AN66: 54 | AO66: 60 | AP66: 64 | AQ66: 67 | AR66: 65 | AS66: 68 | AT66: 65
A67: 金珠遗梦 | B67: 103 | C67: 26 | D67: 31 | E67: 36 | F67: 46 | G67: 43 | H67: 45 | I67: 46 | J67: 46 | K67: 50 | L67: 48 | M67: 50 | N67: 50 | O67: 50 | P67: 50 | Q67: 50 | R67: 51 | S67: 52 | T67: 54 | U67: 53 | V67: 48 | W67: 49 | X67: 48 | Y67: 48 | Z67: 49 | AA67: 52 | AB67: 55 | AC67: 58 | AD67: 59 | AE67: 60 | AF67: 60 | AG67: 63 | AH67: 63 | AI67: 59 | AJ67: 61 | AK67: 58 | AL67: 61 | AM67: 63 | AN67: 63 | AO67: 66 | AP67: 69 | AQ67: 69 | AR67: 66 | AS67: 66 | AT67: 66
A68: 都想攻略女魔头 | B68: 40 | C68: 49 | D68: 59 | E68: 48 | F68: 45 | G68: 42 | H68: 35 | I68: 37 | J68: 40 | K68: 45 | L68: 45 | M68: 46 | N68: 47 | O68: 47 | P68: 47 | Q68: 47 | R68: 48 | S68: 48 | T68: 52 | U68: 57 | V68: 57 | W68: 56 | X68: 58 | Y68: 59 | Z68: 57 | AA68: 54 | AB68: 51 | AC68: 54 | AD68: 47 | AE68: 53 | AF68: 55 | AG68: 54 | AH68: 56 | AI68: 60 | AJ68: 62 | AK68: 62 | AL68: 63 | AM68: 64 | AN68: 60 | AO68: 55 | AP68: 58 | AQ68: 61 | AR68: 64 | AS68: 67 | AT68: 67
A69: 宫斗这件小事新版 | B69: 25 | C69: 73 | D69: 96 | E69: 123 | F69: 91 | G69: 103 | H69: 103 | I69: 108 | J69: 91 | K69: 95 | L69: 92 | M69: 85 | N69: 87 | O69: 91 | P69: 92 | Q69: 93 | R69: 97 | S69: 93 | T69: 91 | U69: 87 | V69: 92 | W69: 84 | X69: 87 | Y69: 90 | Z69: 91 | AA69: 86 | AB69: 92 | AC69: 96 | AD69: 92 | AE69: 86 | AF69: 81 | AG69: 78 | AH69: 72 | AI69: 72 | AJ69: 72 | AK69: 73 | AL69: 73 | AM69: 72 | AN69: 72 | AO69: 74 | AP69: 74 | AQ69: 71 | AR69: 67 | AS69: 64 | AT69: 68
A70: 恋习直播间 | G70: 104 | H70: 65 | I70: 67 | J70: 73 | K70: 61 | L70: 62 | M70: 56 | N70: 58 | O70: 58 | P70: 59 | Q70: 57 | R70: 58 | S70: 63 | T70: 41 | U70: 40 | V70: 41 | W70: 43 | X70: 44 | Y70: 45 | Z70: 46 | AA70: 44 | AB70: 45 | AC70: 44 | AD70: 45 | AE70: 49 | AF70: 50 | AG70: 49 | AH70: 48 | AI70: 49 | AJ70: 50 | AK70: 51 | AL70: 54 | AM70: 56 | AN70: 58 | AO70: 63 | AP70: 63 | AQ70: 68 | AR70: 70 | AS70: 72 | AT70: 69
A71: 山月随人归 | B71: 60 | C71: 165 | D71: 119 | E71: 147 | F71: 118 | G71: 89 | H71: 60 | I71: 61 | J71: 58 | K71: 58 | L71: 59 | M71: 62 | N71: 66 | O71: 66 | P71: 66 | Q71: 66 | R71: 66 | S71: 68 | T71: 65 | U71: 67 | V71: 72 | W71: 69 | X71: 62 | Y71: 54 | Z71: 55 | AA71: 56 | AB71: 59 | AC71: 62 | AD71: 60 | AE71: 64 | AF71: 68 | AG71: 70 | AH71: 74 | AI71: 70 | AJ71: 70 | AK71: 65 | AL71: 65 | AM71: 69 | AN71: 74 | AO71: 67 | AP71: 66 | AQ71: 70 | AR71: 73 | AS71: 78 | AT71: 70
A72: 风过千山雪 | AN72: 51 | AO72: 56 | AP72: 60 | AQ72: 64 | AR72: 69 | AS72: 69 | AT72: 71
A73: 穷宗主的暴富之路 | B73: 106 | D73: 12 | E73: 15 | F73: 15 | G73: 16 | H73: 16 | I73: 16 | J73: 16 | K73: 17 | L73: 17 | M73: 19 | N73: 19 | O73: 19 | P73: 19 | Q73: 20 | R73: 20 | S73: 20 | T73: 21 | U73: 24 | V73: 25 | W73: 26 | X73: 26 | Y73: 25 | Z73: 26 | AA73: 27 | AB73: 29 | AC73: 31 | AD73: 34 | AE73: 38 | AF73: 39 | AG73: 43 | AH73: 46 | AI73: 47 | AJ73: 47 | AK73: 50 | AL73: 52 | AM73: 53 | AN73: 56 | AO73: 61 | AP73: 59 | AQ73: 63 | AR73: 68 | AS73: 70 | AT73: 72
A74: 古代富婆模拟器 | C74: 93 | D74: 75 | E74: 68 | F74: 43 | G74: 39 | H74: 42 | I74: 43 | J74: 43 | K74: 46 | L74: 46 | M74: 41 | N74: 36 | O74: 36 | P74: 36 | Q74: 40 | R74: 40 | S74: 42 | T74: 44 | U74: 45 | V74: 52 | W74: 48 | X74: 49 | Y74: 51 | Z74: 53 | AA74: 57 | AB74: 50 | AC74: 53 | AD74: 56 | AE74: 62 | AF74: 63 | AG74: 69 | AH74: 68 | AI74: 67 | AJ74: 63 | AK74: 63 | AL74: 62 | AM74: 60 | AN74: 64 | AO74: 69 | AP74: 71 | AQ74: 75 | AR74: 77 | AS74: 71 | AT74: 73
A75: 社恐勇闯恋综 | C75: 144 | D75: 67 | E75: 64 | F75: 68 | G75: 80 | H75: 86 | I75: 76 | J75: 72 | K75: 74 | L75: 76 | M75: 79 | N75: 79 | O75: 79 | P75: 78 | Q75: 78 | R75: 78 | S75: 86 | T75: 90 | U75: 95 | V75: 99 | W75: 81 | X75: 88 | Y75: 83 | Z75: 73 | AA75: 72 | AB75: 76 | AC75: 74 | AD75: 78 | AE75: 85 | AF75: 84 | AG75: 85 | AH75: 88 | AI75: 90 | AJ75: 87 | AK75: 89 | AL75: 92 | AM75: 86 | AN75: 89 | AO75: 91 | AP75: 75 | AQ75: 74 | AR75: 78 | AS75: 73 | AT75: 74
A76: 蕉下鹿 | AK76: 145 | AL76: 114 | AM76: 117 | AN76: 114 | AO76: 98 | AP76: 89 | AQ76: 76 | AR76: 75 | AS76: 74 | AT76: 75
A77: 第六视角 | B77: 32 | C77: 70 | D77: 69 | E77: 73 | F77: 84 | G77: 95 | H77: 104 | I77: 109 | J77: 115 | K77: 103 | L77: 107 | M77: 109 | N77: 110 | O77: 98 | P77: 101 | Q77: 90 | R77: 93 | S77: 96 | T77: 88 | U77: 79 | V77: 85 | W77: 83 | X77: 78 | Y77: 82 | Z77: 78 | AA77: 77 | AB77: 71 | AC77: 75 | AD77: 69 | AE77: 67 | AF77: 67 | AG77: 68 | AH77: 70 | AI77: 73 | AJ77: 73 | AK77: 79 | AL77: 75 | AM77: 76 | AN77: 76 | AO77: 77 | AP77: 78 | AQ77: 77 | AR77: 76 | AS77: 76 | AT77: 76
A78: 我没有在争娱女一呀 | B78: 18 | C78: 46 | D78: 47 | E78: 33 | F78: 30 | G78: 28 | H78: 30 | I78: 31 | J78: 36 | K78: 41 | L78: 41 | M78: 44 | N78: 46 | O78: 46 | P78: 46 | Q78: 46 | R78: 46 | S78: 45 | T78: 43 | U78: 43 | V78: 49 | W78: 53 | X78: 54 | Y78: 55 | Z78: 56 | AA78: 59 | AB78: 62 | AC78: 61 | AD78: 65 | AE78: 63 | AF78: 64 | AG78: 62 | AH78: 60 | AI78: 63 | AJ78: 66 | AK78: 69 | AL78: 71 | AM78: 73 | AN78: 69 | AO78: 71 | AP78: 72 | AQ78: 72 | AR78: 74 | AS78: 75 | AT78: 77
A79: 田园深处【完结】 | C79: 38 | D79: 39 | E79: 38 | F79: 44 | G79: 53 | H79: 55 | I79: 57 | J79: 59 | K79: 62 | L79: 63 | M79: 65 | N79: 68 | O79: 69 | P79: 70 | Q79: 70 | R79: 70 | S79: 75 | T79: 77 | U79: 69 | V79: 73 | W79: 74 | X79: 80 | Y79: 85 | Z79: 86 | AA79: 80 | AB79: 81 | AC79: 88 | AD79: 89 | AE79: 98 | AF79: 82 | AG79: 88 | AH79: 92 | AI79: 93 | AJ79: 95 | AK79: 99 | AL79: 102 | AM79: 94 | AN79: 100 | AO79: 88 | AP79: 77 | AQ79: 79 | AR79: 72 | AS79: 77 | AT79: 78
A80: 渡前缘 | C80: 132 | D80: 184 | E80: 149 | F80: 173 | G80: 192 | J80: 114 | K80: 115 | L80: 119 | M80: 121 | N80: 124 | O80: 126 | P80: 124 | Q80: 127 | R80: 132 | S80: 102 | T80: 104 | U80: 97 | V80: 101 | W80: 102 | X80: 94 | Y80: 101 | Z80: 107 | AA80: 114 | AB80: 103 | AC80: 105 | AD80: 107 | AE80: 91 | AF80: 92 | AG80: 97 | AH80: 85 | AI80: 80 | AJ80: 81 | AK80: 76 | AL80: 77 | AM80: 81 | AN80: 83 | AO80: 79 | AP80: 81 | AQ80: 81 | AR80: 80 | AS80: 79 | AT80: 79
A81: 末日之基地建设 | B81: 2 | C81: 10 | D81: 19 | E81: 21 | F81: 24 | G81: 26 | H81: 24 | I81: 24 | J81: 24 | K81: 25 | L81: 25 | M81: 27 | N81: 29 | O81: 29 | P81: 24 | Q81: 25 | R81: 25 | S81: 26 | T81: 28 | U81: 28 | V81: 29 | W81: 35 | X81: 35 | Y81: 37 | Z81: 39 | AA81: 43 | AB81: 44 | AC81: 45 | AD81: 48 | AE81: 55 | AF81: 56 | AG81: 61 | AH81: 64 | AI81: 68 | AJ81: 69 | AK81: 72 | AL81: 74 | AM81: 75 | AN81: 78 | AO81: 83 | AP81: 87 | AQ81: 93 | AR81: 84 | AS81: 83 | AT81: 80
A82: 修仙模拟器：我靠氪金打遍修仙界 | S82: 133 | T82: 142 | U82: 148 | V82: 155 | W82: 141 | X82: 126 | Y82: 129 | Z82: 136 | AA82: 128 | AB82: 132 | AC82: 136 | AD82: 127 | AE82: 123 | AF82: 126 | AG82: 131 | AH82: 138 | AI82: 143 | AJ82: 147 | AK82: 142 | AL82: 119 | AM82: 110 | AN82: 116 | AO82: 108 | AP82: 96 | AQ82: 100 | AR82: 98 | AS82: 91 | AT82: 81
A83: 偏执大佬的金丝雀 | C83: 66 | D83: 88 | E83: 108 | F83: 86 | G83: 94 | H83: 84 | I83: 90 | J83: 87 | K83: 90 | L83: 95 | M83: 97 | N83: 100 | O83: 102 | P83: 103 | Q83: 104 | R83: 106 | S83: 113 | T83: 117 | U83: 121 | V83: 129 | W83: 136 | X83: 110 | Y83: 115 | Z83: 121 | AA83: 127 | AB83: 131 | AC83: 139 | AD83: 126 | AE83: 134 | AF83: 139 | AG83: 148 | AH83: 131 | AI83: 133 | AJ83: 136 | AK83: 68 | AL83: 70 | AM83: 70 | AN83: 71 | AO83: 76 | AP83: 80 | AQ83: 83 | AR83: 83 | AS83: 81 | AT83: 82
A84: 殿下才不是咸鱼 | B84: 162 | C84: 101 | D84: 136 | E84: 135 | F84: 154 | G84: 176 | H84: 183 | I84: 189 | J84: 137 | K84: 139 | L84: 142 | M84: 144 | N84: 147 | O84: 149 | P84: 149 | Q84: 156 | R84: 158 | S84: 164 | T84: 170 | U84: 178 | V84: 115 | W84: 111 | X84: 100 | Y84: 81 | Z84: 84 | AA84: 81 | AB84: 83 | AC84: 72 | AD84: 70 | AE84: 71 | AF84: 66 | AG84: 64 | AH84: 66 | AI84: 71 | AJ84: 71 | AK84: 74 | AL84: 72 | AM84: 74 | AN84: 73 | AO84: 78 | AP84: 76 | AQ84: 78 | AR84: 79 | AS84: 80 | AT84: 83
A85: 朝暮谣 | F85: 83 | G85: 84 | H85: 90 | I85: 99 | J85: 74 | K85: 75 | L85: 77 | M85: 81 | N85: 81 | O85: 82 | P85: 83 | Q85: 85 | R85: 79 | S85: 78 | T85: 82 | U85: 83 | V85: 81 | W85: 80 | X85: 79 | Y85: 84 | Z85: 85 | AA85: 95 | AB85: 91 | AC85: 83 | AD85: 79 | AE85: 78 | AF85: 76 | AG85: 60 | AH85: 57 | AI85: 62 | AJ85: 64 | AK85: 67 | AL85: 68 | AM85: 71 | AN85: 75 | AO85: 75 | AP85: 79 | AQ85: 82 | AR85: 82 | AS85: 82 | AT85: 84
A86: 残霜烬 | B86: 112 | C86: 99 | D86: 101 | E86: 126 | F86: 107 | G86: 97 | H86: 109 | I86: 114 | J86: 123 | K86: 124 | L86: 128 | M86: 130 | N86: 132 | O86: 134 | P86: 132 | Q86: 137 | R86: 142 | S86: 144 | T86: 109 | U86: 113 | V86: 112 | W86: 105 | X86: 108 | Y86: 100 | Z86: 106 | AA86: 88 | AB86: 93 | AC86: 98 | AD86: 96 | AE86: 89 | AF86: 94 | AG86: 86 | AH86: 90 | AI86: 92 | AJ86: 91 | AK86: 94 | AL86: 88 | AM86: 90 | AN86: 92 | AO86: 89 | AP86: 82 | AQ86: 84 | AR86: 85 | AS86: 87 | AT86: 85
A87: 向我臣服 | B87: 121 | C87: 59 | D87: 82 | E87: 71 | F87: 81 | G87: 67 | H87: 73 | I87: 73 | J87: 79 | K87: 80 | L87: 74 | M87: 74 | N87: 76 | O87: 76 | P87: 76 | Q87: 76 | R87: 76 | S87: 84 | T87: 89 | U87: 93 | V87: 93 | W87: 90 | X87: 96 | Y87: 102 | Z87: 108 | AA87: 108 | AB87: 107 | AC87: 104 | AD87: 102 | AE87: 94 | AF87: 98 | AG87: 107 | AH87: 94 | AI87: 88 | AJ87: 90 | AK87: 91 | AL87: 91 | AM87: 92 | AN87: 88 | AO87: 86 | AP87: 88 | AQ87: 90 | AR87: 89 | AS87: 85 | AT87: 86
A88: 师尊她体带情花 | C88: 11 | D88: 18 | E88: 19 | F88: 23 | G88: 24 | H88: 27 | I88: 29 | J88: 29 | K88: 30 | L88: 35 | M88: 37 | N88: 40 | O88: 40 | P88: 41 | Q88: 39 | R88: 39 | S88: 40 | T88: 42 | U88: 44 | V88: 50 | W88: 54 | X88: 56 | Y88: 57 | Z88: 59 | AA88: 62 | AB88: 64 | AC88: 66 | AD88: 68 | AE88: 75 | AF88: 77 | AG88: 82 | AH88: 84 | AI88: 86 | AJ88: 86 | AK88: 85 | AL88: 86 | AM88: 89 | AN88: 91 | AO88: 97 | AP88: 103 | AQ88: 80 | AR88: 81 | AS88: 84 | AT88: 87
A89: 古代人生模拟器 | B89: 31 | C89: 94 | D89: 91 | E89: 110 | F89: 126 | G89: 143 | H89: 94 | I89: 95 | J89: 98 | K89: 102 | L89: 106 | M89: 108 | N89: 109 | O89: 110 | P89: 112 | Q89: 113 | R89: 119 | S89: 123 | T89: 127 | U89: 129 | V89: 122 | W89: 127 | X89: 133 | Y89: 140 | Z89: 147 | AA89: 126 | AB89: 118 | AC89: 87 | AD89: 80 | AE89: 70 | AF89: 70 | AG89: 74 | AH89: 71 | AI89: 74 | AJ89: 74 | AK89: 80 | AL89: 81 | AM89: 77 | AN89: 77 | AO89: 80 | AP89: 84 | AQ89: 86 | AR89: 86 | AS89: 86 | AT89: 88
A90: 宫妃风华录 | C90: 162 | D90: 111 | E90: 59 | F90: 41 | G90: 49 | H90: 51 | I90: 52 | J90: 54 | K90: 56 | L90: 57 | M90: 59 | N90: 64 | O90: 63 | P90: 64 | Q90: 65 | R90: 65 | S90: 67 | T90: 71 | U90: 54 | V90: 56 | W90: 58 | X90: 59 | Y90: 61 | Z90: 62 | AA90: 64 | AB90: 65 | AC90: 68 | AD90: 72 | AE90: 79 | AF90: 79 | AG90: 71 | AH90: 75 | AI90: 76 | AJ90: 75 | AK90: 75 | AL90: 76 | AM90: 80 | AN90: 82 | AO90: 87 | AP90: 91 | AQ90: 92 | AR90: 91 | AS90: 88 | AT90: 89
A91: 造星梦工厂96 | B91: 26 | C91: 83 | D91: 105 | E91: 131 | F91: 145 | G91: 116 | H91: 127 | I91: 135 | J91: 144 | K91: 147 | L91: 149 | M91: 151 | N91: 154 | O91: 155 | P91: 155 | Q91: 162 | R91: 164 | S91: 171 | T91: 138 | U91: 142 | V91: 147 | W91: 132 | X91: 138 | Y91: 146 | Z91: 129 | AA91: 136 | AB91: 140 | AC91: 146 | AD91: 151 | AE91: 168 | AF91: 173 | AG91: 178 | AH91: 167 | AI91: 157 | AJ91: 161 | AK91: 174 | AL91: 178 | AM91: 132 | AN91: 111 | AO91: 116 | AP91: 107 | AQ91: 96 | AR91: 93 | AS91: 94 | AT91: 90
A92: 入罗帷 | D92: 161 | E92: 141 | F92: 157 | G92: 121 | H92: 133 | I92: 105 | J92: 109 | K92: 110 | L92: 113 | M92: 115 | N92: 116 | O92: 117 | P92: 110 | Q92: 110 | R92: 116 | S92: 108 | T92: 111 | U92: 115 | V92: 116 | W92: 108 | X92: 112 | Y92: 94 | Z92: 92 | AA92: 90 | AB92: 77 | AC92: 80 | AD92: 77 | AE92: 73 | AF92: 72 | AG92: 73 | AH92: 78 | AI92: 79 | AJ92: 77 | AK92: 81 | AL92: 83 | AM92: 85 | AN92: 87 | AO92: 92 | AP92: 94 | AQ92: 89 | AR92: 90 | AS92: 92 | AT92: 91
A93: 聚光灯后 | C93: 79 | D93: 66 | E93: 82 | F93: 72 | G93: 79 | H93: 85 | I93: 91 | J93: 94 | K93: 98 | L93: 86 | M93: 90 | N93: 92 | O93: 94 | P93: 95 | Q93: 96 | R93: 99 | S93: 105 | T93: 106 | U93: 111 | V93: 120 | W93: 125 | X93: 113 | Y93: 119 | Z93: 127 | AA93: 132 | AB93: 138 | AC93: 143 | AD93: 146 | AE93: 135 | AF93: 120 | AG93: 101 | AH93: 104 | AI93: 106 | AJ93: 106 | AK93: 106 | AL93: 101 | AM93: 100 | AN93: 107 | AO93: 84 | AP93: 83 | AQ93: 85 | AR93: 88 | AS93: 89 | AT93: 92
A94: 模拟豪门人生 | O94: 200 | Q94: 173 | R94: 176 | S94: 183 | T94: 190 | U94: 175 | V94: 183 | W94: 169 | X94: 146 | Y94: 154 | Z94: 137 | AA94: 111 | AB94: 96 | AC94: 101 | AD94: 104 | AE94: 96 | AF94: 99 | AG94: 96 | AH94: 95 | AI94: 96 | AJ94: 99 | AK94: 98 | AL94: 93 | AM94: 95 | AN94: 101 | AO94: 104 | AP94: 98 | AQ94: 95 | AR94: 95 | AS94: 93 | AT94: 93
A95: 仙迹朝闻录 | V95: 184 | W95: 140 | X95: 148 | Y95: 157 | Z95: 100 | AA95: 75 | AB95: 78 | AC95: 81 | AD95: 86 | AE95: 93 | AF95: 91 | AG95: 84 | AH95: 87 | AI95: 82 | AJ95: 84 | AK95: 84 | AL95: 82 | AM95: 83 | AN95: 85 | AO95: 82 | AP95: 86 | AQ95: 88 | AR95: 87 | AS95: 90 | AT95: 94
A96: 位极人臣 | B96: 153 | G96: 166 | H96: 156 | I96: 118 | J96: 126 | K96: 129 | L96: 132 | M96: 134 | N96: 136 | O96: 138 | P96: 139 | Q96: 145 | R96: 114 | S96: 104 | T96: 96 | U96: 100 | V96: 83 | W96: 89 | X96: 93 | Y96: 96 | Z96: 98 | AA96: 91 | AB96: 98 | AC96: 86 | AD96: 74 | AE96: 82 | AF96: 86 | AG96: 79 | AH96: 80 | AI96: 84 | AJ96: 83 | AK96: 86 | AL96: 90 | AM96: 84 | AN96: 81 | AO96: 81 | AP96: 85 | AQ96: 91 | AR96: 96 | AS96: 96 | AT96: 95
A97: 古代渣女模拟器 | B97: 46 | C97: 47 | D97: 61 | E97: 78 | F97: 94 | G97: 105 | H97: 119 | I97: 124 | J97: 132 | K97: 135 | L97: 139 | M97: 106 | N97: 107 | O97: 87 | P97: 81 | Q97: 82 | R97: 86 | S97: 90 | T97: 92 | U97: 96 | V97: 82 | W97: 88 | X97: 76 | Y97: 70 | Z97: 74 | AA97: 79 | AB97: 80 | AC97: 85 | AD97: 87 | AE97: 95 | AF97: 90 | AG97: 89 | AH97: 93 | AI97: 94 | AJ97: 97 | AK97: 101 | AL97: 105 | AM97: 99 | AN97: 96 | AO97: 93 | AP97: 97 | AQ97: 102 | AR97: 107 | AS97: 101 | AT97: 96
A98: 大道风月史 | B98: 164 | C98: 102 | D98: 138 | E98: 167 | F98: 190 | U98: 182 | V98: 151 | W98: 148 | X98: 105 | Y98: 108 | Z98: 105 | AA98: 102 | AB98: 89 | AC98: 84 | AD98: 88 | AE98: 92 | AF98: 83 | AG98: 81 | AH98: 79 | AI98: 83 | AJ98: 85 | AK98: 87 | AL98: 87 | AM98: 88 | AN98: 86 | AO98: 85 | AP98: 90 | AQ98: 87 | AR98: 92 | AS98: 95 | AT98: 97
A99: 神女降临 | AB99: 196 | AE99: 183 | AF99: 190 | AG99: 197 | AP99: 151 | AQ99: 122 | AR99: 118 | AS99: 103 | AT99: 98
A100: 开播吧！电视台 | C100: 69 | D100: 93 | E100: 112 | F100: 129 | G100: 146 | H100: 151 | I100: 156 | J100: 163 | K100: 169 | L100: 174 | M100: 177 | N100: 178 | O100: 181 | P100: 185 | Q100: 193 | R100: 195 | Y100: 138 | Z100: 126 | AA100: 131 | AB100: 136 | AC100: 129 | AD100: 131 | AE100: 129 | AF100: 101 | AG100: 90 | AH100: 86 | AI100: 87 | AJ100: 92 | AK100: 95 | AL100: 97 | AM100: 101 | AN100: 109 | AO100: 102 | AP100: 93 | AQ100: 98 | AR100: 94 | AS100: 97 | AT100: 99
A101: 人生造梦模拟器 | C101: 142 | D101: 95 | E101: 119 | F101: 134 | G101: 145 | H101: 79 | I101: 85 | J101: 69 | K101: 70 | L101: 72 | M101: 76 | N101: 73 | O101: 70 | P101: 68 | Q101: 68 | R101: 68 | S101: 69 | T101: 72 | U101: 77 | V101: 70 | W101: 71 | X101: 68 | Y101: 68 | Z101: 68 | AA101: 70 | AB101: 70 | AC101: 70 | AD101: 66 | AE101: 66 | AF101: 71 | AG101: 75 | AH101: 76 | AI101: 75 | AJ101: 76 | AK101: 77 | AL101: 78 | AM101: 82 | AN101: 84 | AO101: 90 | AP101: 92 | AQ101: 94 | AR101: 99 | AS101: 98 | AT101: 100
A102: 无情道在逃毕业生 | F102: 143 | G102: 163 | H102: 165 | I102: 133 | J102: 106 | K102: 86 | L102: 89 | M102: 93 | N102: 96 | O102: 99 | P102: 84 | Q102: 86 | R102: 88 | S102: 81 | T102: 83 | U102: 89 | V102: 80 | W102: 82 | X102: 83 | Y102: 88 | Z102: 89 | AA102: 94 | AB102: 97 | AC102: 100 | AD102: 103 | AE102: 112 | AF102: 115 | AG102: 108 | AH102: 110 | AI102: 113 | AJ102: 113 | AK102: 112 | AL102: 111 | AM102: 114 | AN102: 106 | AO102: 103 | AP102: 101 | AQ102: 97 | AR102: 97 | AS102: 99 | AT102: 101
A103: 千里流放路 | O103: 176 | P103: 171 | Q103: 121 | R103: 90 | S103: 94 | T103: 99 | U103: 102 | V103: 106 | W103: 112 | X103: 116 | Y103: 105 | Z103: 83 | AA103: 92 | AB103: 100 | AC103: 76 | AD103: 81 | AE103: 80 | AF103: 80 | AG103: 87 | AH103: 83 | AI103: 85 | AJ103: 88 | AK103: 90 | AL103: 94 | AM103: 96 | AN103: 103 | AO103: 96 | AP103: 102 | AQ103: 103 | AR103: 110 | AS103: 100 | AT103: 102
...

Sheet 活跃榜排名变化
A1: 作品名 | B1: 2026-10-21 00:30 | C1: 2026-10-21 01:00 | D1: 2026-10-21 01:30 | E1: 2026-10-21 02:00 | F1: 2026-10-21 02:30 | G1: 2026-10-21 03:15 | H1: 2026-10-21 03:45 | I1: 2026-10-21 04:15 | J1: 2026-10-21 04:45 | K1: 2026-10-21 05:15 | L1: 2026-10-21 05:45 | M1: 2026-10-21 06:15 | N1: 2026-10-21 06:45 | O1: 2026-10-21 07:15 | P1: 2026-10-21 07:30 | Q1: 2026-10-21 08:00 | R1: 2026-10-21 08:15 | S1: 2026-10-21 09:00 | T1: 2026-10-21 09:30 | U1: 2026-10-21 10:00 | V1: 2026-10-21 10:30 | W1: 2026-10-21 11:00 | X1: 2026-10-21 11:30 | Y1: 2026-10-21 12:00 | Z1: 2026-10-21 12:30 | AA1: 2026-10-21 13:00 | AB1: 2026-10-21 13:30 | AC1: 2026-10-21 14:00 | AD1: 2026-10-21 14:30 | AE1: 2026-10-21 15:30 | AF1: 2026-10-21 16:00 | AG1: 2026-10-21 16:45 | AH1: 2026-10-21 17:15 | AI1: 2026-10-21 17:45 | AJ1: 2026-10-21 18:30 | AK1: 2026-10-21 19:00 | AL1: 2026-10-21 19:30 | AM1: 2026-10-21 20:00 | AN1: 2026-10-21 20:30 | AO1: 2026-10-21 21:15 | AP1: 2026-10-21 22:00 | AQ1: 2026-10-21 22:30 | AR1: 2026-10-21 23:00 | AS1: 2026-10-21 23:30 | AT1: 2026-10-22 00:00
A2: 临帝阙 | B2: 1 | C2: 1 | D2: 1 | E2: 1 | F2: 1 | G2: 1 | H2: 1 | I2: 1 | J2: 1 | K2: 1 | L2: 1 | M2: 1 | N2: 1 | O2: 1 | P2: 1 | Q2: 1 | R2: 1 | S2: 1 | T2: 1 | U2: 1 | V2: 1 | W2: 1 | X2: 1 | Y2: 1 | Z2: 1 | AA2: 1 | AB2: 1 | AC2: 1 | AD2: 1 | AE2: 1 | AF2: 1 | AG2: 1 | AH2: 1 | AI2: 1 | AJ2: 1 | AK2: 1 | AL2: 1 | AM2: 1 | AN2: 1 | AO2: 1 | AP2: 1 | AQ2: 1 | AR2: 1 | AS2: 1 | AT2: 1
A3: 风华临安 | B3: 2 | C3: 2 | D3: 2 | E3: 2 | F3: 2 | G3: 2 | H3: 2 | I3: 2 | J3: 2 | K3: 2 | L3: 2 | M3: 2 | N3: 2 | O3: 2 | P3: 3 | Q3: 2 | R3: 3 | S3: 3 | T3: 3 | U3: 3 | V3: 3 | W3: 3 | X3: 3 | Y3: 3 | Z3: 2 | AA3: 2 | AB3: 3 | AC3: 3 | AD3: 3 | AE3: 3 | AF3: 3 | AG3: 3 | AH3: 3 | AI3: 3 | AJ3: 3 | AK3: 3 | AL3: 3 | AM3: 6 | AN3: 6 | AO3: 5 | AP3: 6 | AQ3: 6 | AR3: 6 | AS3: 6 | AT3: 2
A4: 师途 | B4: 4 | C4: 4 | D4: 4 | E4: 4 | F4: 4 | G4: 4 | H4: 3 | I4: 3 | J4: 4 | K4: 5 | L4: 7 | M4: 6 | N4: 5 | O4: 6 | P4: 7 | Q4: 10 | R4: 6 | S4: 2 | T4: 2 | U4: 4 | V4: 4 | W4: 4 | X4: 4 | Y4: 4 | Z4: 4 | AA4: 4 | AB4: 4 | AC4: 4 | AD4: 4 | AE4: 4 | AF4: 5 | AG4: 4 | AH4: 4 | AI4: 5 | AJ4: 5 | AK4: 5 | AL4: 4 | AM4: 5 | AN4: 2 | AO4: 3 | AP4: 4 | AQ4: 4 | AR4: 3 | AS4: 3 | AT4: 3
A5: 江山千秋万代 | B5: 3 | C5: 3 | D5: 3 | E5: 3 | F5: 3 | G5: 3 | H5: 4 | I5: 4 | J5: 3 | K5: 3 | L5: 3 | M5: 3 | N5: 3 | O5: 3 | P5: 2 | Q5: 3 | R5: 2 | S5: 4 | T5: 4 | U5: 2 | V5: 2 | W5: 2 | X5: 2 | Y5: 2 | Z5: 3 | AA5: 3 | AB5: 2 | AC5: 2 | AD5: 2 | AE5: 2 | AF5: 2 | AG5: 2 | AH5: 2 | AI5: 2 | AJ5: 2 | AK5: 2 | AL5: 2 | AM5: 2 | AN5: 4 | AO5: 4 | AP5: 2 | AQ5: 3 | AR5: 4 | AS5: 4 | AT5: 4
A6: 情欲道 | AN6: 32 | AO6: 7 | AP6: 5 | AQ6: 5 | AR6: 5 | AS6: 5 | AT6: 5
A7: 捉鬼师后日谈 | B7: 6 | C7: 6 | D7: 6 | E7: 5 | F7: 5 | G7: 9 | H7: 6 | I7: 7 | J7: 10 | K7: 10 | L7: 10 | M7: 10 | N7: 6 | O7: 12 | P7: 8 | Q7: 7 | R7: 12 | S7: 12 | T7: 11 | U7: 8 | V7: 5 | W7: 5 | X7: 10 | Y7: 11 | Z7: 6 | AA7: 5 | AB7: 7 | AC7: 5 | AD7: 6 | AE7: 5 | AF7: 4 | AG7: 5 | AH7: 5 | AI7: 4 | AJ7: 6 | AK7: 4 | AL7: 5 | AM7: 7 | AN7: 3 | AO7: 2 | AP7: 3 | AQ7: 2 | AR7: 2 | AS7: 2 | AT7: 6
A8: 怪我过分美丽 | B8: 8 | C8: 9 | D8: 9 | E8: 9 | F8: 9 | G8: 8 | H8: 9 | I8: 10 | J8: 9 | K8: 4 | L8: 5 | M8: 8 | N8: 10 | O8: 10 | P8: 9 | Q8: 8 | R8: 9 | S8: 8 | T8: 9 | U8: 9 | V8: 8 | W8: 9 | X8: 8 | Y8: 7 | Z8: 7 | AA8: 9 | AB8: 8 | AC8: 8 | AD8: 10 | AE8: 12 | AF8: 14 | AG8: 14 | AH8: 13 | AI8: 14 | AJ8: 12 | AK8: 12 | AL8: 11 | AM8: 11 | AN8: 10 | AO8: 11 | AP8: 10 | AQ8: 12 | AR8: 7 | AS8: 7 | AT8: 7
A9: 后宫升职手札 | B9: 13 | C9: 13 | D9: 13 | E9: 14 | F9: 14 | G9: 19 | H9: 12 | I9: 18 | J9: 18 | K9: 18 | L9: 12 | M9: 12 | N9: 12 | O9: 14 | P9: 14 | Q9: 13 | R9: 15 | S9: 13 | T9: 13 | U9: 12 | V9: 10 | W9: 10 | X9: 9 | Y9: 8 | Z9: 11 | AA9: 10 | AB9: 12 | AC9: 12 | AD9: 12 | AE9: 7 | AF9: 8 | AG9: 9 | AH9: 9 | AI9: 9 | AJ9: 9 | AK9: 8 | AL9: 23 | AM9: 19 | AN9: 17 | AO9: 8 | AP9: 8 | AQ9: 8 | AR9: 9 | AS9: 8 | AT9: 8
A10: AMNESIA 失忆症 | B10: 10 | C10: 11 | D10: 11 | E10: 12 | F10: 13 | G10: 11 | H10: 11 | I10: 11 | J10: 15 | K10: 14 | L10: 13 | M10: 13 | N10: 14 | O10: 11 | P10: 11 | Q10: 9 | R10: 7 | S10: 6 | T10: 6 | U10: 5 | V10: 7 | W10: 7 | X10: 6 | Y10: 10 | Z10: 9 | AA10: 8 | AB10: 5 | AC10: 9 | AD10: 11 | AE10: 10 | AF10: 13 | AG10: 13 | AH10: 8 | AI10: 15 | AJ10: 15 | AK10: 15 | AL10: 13 | AM10: 13 | AN10: 12 | AO10: 15 | AP10: 14 | AQ10: 14 | AR10: 14 | AS10: 9 | AT10: 9
A11: 恶女模拟器 | B11: 9 | C11: 7 | D11: 7 | E11: 7 | F11: 7 | G11: 6 | H11: 8 | I11: 8 | J11: 7 | K11: 7 | L11: 6 | M11: 5 | N11: 9 | O11: 8 | P11: 10 | Q11: 11 | R11: 11 | S11: 11 | T11: 10 | U11: 11 | V11: 12 | W11: 11 | X11: 11 | Y11: 9 | Z11: 12 | AA11: 12 | AB11: 10 | AC11: 10 | AD11: 9 | AE11: 9 | AF11: 10 | AG11: 11 | AH11: 10 | AI11: 10 | AJ11: 11 | AK11: 13 | AL11: 12 | AM11: 12 | AN11: 11 | AO11: 13 | AP11: 13 | AQ11: 11 | AR11: 12 | AS11: 11 | AT11: 10
A12: 三界衔 | B12: 5 | C12: 5 | D12: 5 | E12: 6 | F12: 6 | G12: 5 | H12: 5 | I12: 6 | J12: 5 | K12: 6 | L12: 8 | M12: 7 | N12: 8 | O12: 5 | P12: 5 | Q12: 5 | R12: 5 | S12: 7 | T12: 7 | U12: 7 | V12: 9 | W12: 8 | X12: 7 | Y12: 5 | Z12: 8 | AA12: 6 | AB12: 6 | AC12: 6 | AD12: 5 | AE12: 6 | AF12: 9 | AG12: 10 | AH12: 11 | AI12: 13 | AJ12: 13 | AK12: 14 | AL12: 10 | AM12: 10 | AN12: 9 | AO12: 10 | AP12: 11 | AQ12: 13 | AR12: 10 | AS12: 10 | AT12: 11
A13: 宫妃 | B13: 7 | C13: 8 | D13: 8 | E13: 8 | F13: 8 | G13: 7 | H13: 7 | I13: 5 | J13: 8 | K13: 8 | L13: 9 | M13: 9 | N13: 11 | O13: 13 | P13: 13 | Q13: 12 | R13: 10 | S13: 5 | T13: 5 | U13: 6 | V13: 6 | W13: 6 | X13: 5 | Y13: 6 | Z13: 5 | AA13: 11 | AB13: 11 | AC13: 7 | AD13: 8 | AE13: 11 | AF13: 6 | AG13: 6 | AH13: 6 | AI13: 8 | AJ13: 8 | AK13: 9 | AL13: 8 | AM13: 8 | AN13: 7 | AO13: 9 | AP13: 9 | AQ13: 9 | AR13: 13 | AS13: 12 | AT13: 12
A14: 星期天不上头条 | B14: 11 | C14: 10 | D14: 10 | E14: 10 | F14: 10 | G14: 12 | H14: 13 | I14: 13 | J14: 11 | K14: 13 | L14: 14 | M14: 14 | N14: 13 | O14: 9 | P14: 12 | Q14: 6 | R14: 8 | S14: 10 | T14: 8 | U14: 10 | V14: 11 | W14: 12 | X14: 12 | Y14: 12 | Z14: 10 | AA14: 7 | AB14: 9 | AC14: 11 | AD14: 7 | AE14: 8 | AF14: 12 | AG14: 12 | AH14: 12 | AI14: 11 | AJ14: 14 | AK14: 16 | AL14: 14 | AM14: 14 | AN14: 13 | AO14: 12 | AP14: 12 | AQ14: 10 | AR14: 11 | AS14: 13 | AT14: 13
A15: 蕉下鹿 | AF15: 181 | AG15: 52 | AH15: 22 | AI15: 12 | AJ15: 7 | AK15: 7 | AL15: 6 | AM15: 3 | AN15: 5 | AO15: 6 | AP15: 7 | AQ15: 7 | AR15: 8 | AS15: 14 | AT15: 14
A16: 京中叙 | B16: 17 | C16: 17 | D16: 15 | E16: 13 | F16: 12 | G16: 10 | H16: 10 | I16: 9 | J16: 13 | K16: 9 | L16: 11 | M16: 11 | N16: 7 | O16: 7 | P16: 6 | Q16: 14 | R16: 14 | S16: 18 | T16: 17 | U16: 16 | V16: 16 | W16: 15 | X16: 16 | Y16: 17 | Z16: 20 | AA16: 17 | AB16: 18 | AC16: 20 | AD16: 20 | AE16: 14 | AF16: 17 | AG16: 20 | AH16: 20 | AI16: 22 | AJ16: 20 | AK16: 21 | AL16: 19 | AM16: 20 | AN16: 21 | AO16: 20 | AP16: 20 | AQ16: 19 | AR16: 17 | AS16: 15 | AT16: 15
A17: 灰日告白 | B17: 12 | C17: 12 | D17: 12 | E17: 11 | F17: 11 | G17: 13 | H17: 14 | I17: 12 | J17: 12 | K17: 12 | L17: 15 | M17: 16 | N17: 19 | O17: 16 | P17: 17 | Q17: 17 | R17: 13 | S17: 17 | T17: 12 | U17: 15 | V17: 15 | W17: 14 | X17: 14 | Y17: 14 | Z17: 14 | AA17: 14 | AB17: 15 | AC17: 14 | AD17: 15 | AE17: 19 | AF17: 19 | AG17: 21 | AH17: 27 | AI17: 28 | AJ17: 21 | AK17: 25 | AL17: 20 | AM17: 16 | AN17: 16 | AO17: 17 | AP17: 17 | AQ17: 15 | AR17: 15 | AS17: 16 | AT17: 16
A18: 娱乐圈|热搜预定 | B18: 14 | C18: 14 | D18: 17 | E18: 16 | F18: 16 | G18: 15 | H18: 16 | I18: 15 | J18: 17 | K18: 16 | L18: 17 | M18: 17 | N18: 17 | O18: 18 | P18: 21 | Q18: 21 | R18: 18 | S18: 16 | T18: 15 | U18: 14 | V18: 13 | W18: 13 | X18: 13 | Y18: 13 | Z18: 13 | AA18: 13 | AB18: 14 | AC18: 15 | AD18: 13 | AE18: 15 | AF18: 16 | AG18: 16 | AH18: 15 | AI18: 16 | AJ18: 17 | AK18: 17 | AL18: 15 | AM18: 15 | AN18: 15 | AO18: 18 | AP18: 18 | AQ18: 18 | AR18: 18 | AS18: 17 | AT18: 17
A19: 仙路漫漫 | B19: 16 | C19: 15 | D19: 16 | E19: 15 | F19: 15 | G19: 14 | H19: 15 | I19: 16 | J19: 14 | K19: 11 | L19: 4 | M19: 4 | N19: 4 | O19: 4 | P19: 4 | Q19: 4 | R19: 4 | S19: 9 | T19: 14 | U19: 13 | V19: 14 | W19: 17 | X19: 15 | Y19: 15 | Z19: 15 | AA19: 15 | AB19: 13 | AC19: 13 | AD19: 14 | AE19: 17 | AF19: 7 | AG19: 7 | AH19: 7 | AI19: 6 | AJ19: 4 | AK19: 6 | AL19: 7 | AM19: 4 | AN19: 14 | AO19: 16 | AP19: 16 | AQ19: 16 | AR19: 16 | AS19: 18 | AT19: 18
A20: 我竟然是个女魔头 | B20: 32 | C20: 32 | D20: 33 | E20: 36 | F20: 34 | G20: 33 | H20: 29 | I20: 51 | J20: 56 | K20: 42 | L20: 52 | M20: 54 | N20: 54 | O20: 42 | P20: 39 | Q20: 28 | R20: 29 | S20: 45 | T20: 49 | U20: 45 | V20: 50 | W20: 55 | X20: 56 | Y20: 54 | Z20: 40 | AA20: 31 | AB20: 27 | AC20: 22 | AD20: 29 | AE20: 26 | AF20: 26 | AG20: 29 | AH20: 39 | AI20: 35 | AJ20: 39 | AK20: 40 | AL20: 36 | AM20: 41 | AN20: 36 | AO20: 31 | AP20: 29 | AQ20: 29 | AR20: 26 | AS20: 24 | AT20: 19
A21: 昭昭宫廷 | B21: 60 | C21: 58 | D21: 63 | E21: 56 | F21: 57 | G21: 58 | H21: 58 | I21: 64 | J21: 63 | K21: 52 | L21: 56 | M21: 58 | N21: 66 | O21: 57 | P21: 50 | Q21: 69 | R21: 53 | S21: 48 | T21: 50 | U21: 47 | V21: 49 | W21: 51 | X21: 47 | Y21: 42 | Z21: 46 | AA21: 50 | AB21: 22 | AC21: 18 | AD21: 16 | AE21: 13 | AF21: 11 | AG21: 8 | AH21: 14 | AI21: 7 | AJ21: 10 | AK21: 10 | AL21: 9 | AM21: 9 | AN21: 8 | AO21: 14 | AP21: 15 | AQ21: 17 | AR21: 19 | AS21: 19 | AT21: 20
A22: 勿扰修仙中 | B22: 18 | C22: 18 | D22: 18 | E22: 17 | F22: 17 | G22: 16 | H22: 17 | I22: 22 | J22: 21 | K22: 17 | L22: 18 | M22: 21 | N22: 22 | O22: 21 | P22: 20 | Q22: 22 | R22: 22 | S22: 21 | T22: 19 | U22: 17 | V22: 17 | W22: 16 | X22: 17 | Y22: 16 | Z22: 16 | AA22: 16 | AB22: 17 | AC22: 17 | AD22: 17 | AE22: 16 | AF22: 15 | AG22: 19 | AH22: 17 | AI22: 19 | AJ22: 18 | AK22: 19 | AL22: 17 | AM22: 17 | AN22: 18 | AO22: 19 | AP22: 21 | AQ22: 23 | AR22: 22 | AS22: 21 | AT22: 21
A23: 青宫赋 | B23: 20 | C23: 21 | D23: 20 | E23: 19 | F23: 18 | G23: 18 | H23: 21 | I23: 20 | J23: 19 | K23: 19 | L23: 19 | M23: 24 | N23: 28 | O23: 33 | P23: 41 | Q23: 41 | R23: 42 | S23: 35 | T23: 36 | U23: 29 | V23: 29 | W23: 27 | X23: 32 | Y23: 33 | Z23: 30 | AA23: 33 | AB23: 33 | AC23: 30 | AD23: 33 | AE23: 30 | AF23: 33 | AG23: 34 | AH23: 35 | AI23: 39 | AJ23: 36 | AK23: 37 | AL23: 34 | AM23: 31 | AN23: 29 | AO23: 25 | AP23: 23 | AQ23: 22 | AR23: 20 | AS23: 20 | AT23: 22
A24: 我在古代当首富￥ | B24: 26 | C24: 27 | D24: 27 | E24: 30 | F24: 32 | G24: 29 | H24: 28 | I24: 30 | J24: 33 | K24: 31 | L24: 32 | M24: 39 | N24: 38 | O24: 41 | P24: 38 | Q24: 39 | R24: 39 | S24: 23 | T24: 21 | U24: 19 | V24: 18 | W24: 18 | X24: 19 | Y24: 18 | Z24: 19 | AA24: 19 | AB24: 16 | AC24: 16 | AD24: 18 | AE24: 18 | AF24: 18 | AG24: 17 | AH24: 19 | AI24: 20 | AJ24: 19 | AK24: 20 | AL24: 18 | AM24: 18 | AN24: 19 | AO24: 21 | AP24: 19 | AQ24: 20 | AR24: 23 | AS24: 22 | AT24: 23
A25: 后妃成长录 | B25: 25 | C25: 25 | D25: 26 | E25: 25 | F25: 28 | G25: 30 | H25: 24 | I25: 24 | J25: 25 | K25: 23 | L25: 24 | M25: 23 | N25: 23 | O25: 24 | P25: 30 | Q25: 32 | R25: 38 | S25: 67 | T25: 61 | U25: 57 | V25: 26 | W25: 24 | X25: 24 | Y25: 48 | Z25: 44 | AA25: 46 | AB25: 49 | AC25: 47 | AD25: 48 | AE25: 20 | AF25: 22 | AG25: 28 | AH25: 28 | AI25: 26 | AJ25: 25 | AK25: 27 | AL25: 29 | AM25: 25 | AN25: 26 | AO25: 22 | AP25: 22 | AQ25: 21 | AR25: 21 | AS25: 23 | AT25: 24
A26: 古代主母风华录 | B26: 21 | C26: 22 | D26: 22 | E26: 23 | F26: 23 | G26: 21 | H26: 37 | I26: 19 | J26: 24 | K26: 22 | L26: 23 | M26: 31 | N26: 30 | O26: 27 | P26: 24 | Q26: 29 | R26: 26 | S26: 25 | T26: 28 | U26: 33 | V26: 35 | W26: 30 | X26: 18 | Y26: 26 | Z26: 31 | AA26: 21 | AB26: 21 | AC26: 38 | AD26: 21 | AE26: 22 | AF26: 21 | AG26: 23 | AH26: 24 | AI26: 25 | AJ26: 23 | AK26: 24 | AL26: 25 | AM26: 24 | AN26: 22 | AO26: 23 | AP26: 24 | AQ26: 24 | AR26: 24 | AS26: 25 | AT26: 25
A27: 世系长歌 | B27: 57 | C27: 50 | D27: 54 | E27: 52 | F27: 55 | G27: 43 | H27: 40 | I27: 28 | J27: 16 | K27: 15 | L27: 16 | M27: 15 | N27: 15 | O27: 15 | P27: 15 | Q27: 16 | R27: 24 | S27: 31 | T27: 33 | U27: 46 | V27: 44 | W27: 38 | X27: 43 | Y27: 45 | Z27: 33 | AA27: 18 | AB27: 19 | AC27: 19 | AD27: 19 | AE27: 21 | AF27: 20 | AG27: 22 | AH27: 23 | AI27: 27 | AJ27: 26 | AK27: 29 | AL27: 30 | AM27: 30 | AN27: 54 | AO27: 54 | AP27: 53 | AQ27: 52 | AR27: 28 | AS27: 27 | AT27: 26
... A60: 我在京城上头条 | B60: 40 | C60: 46 | D60: 44 | E60: 45 | F60: 45 | G60: 50 | H60: 48 | I60: 66 | J60: 65 | K60: 76 | L60: 80 | M60: 96 | N60: 79 | O60: 74 | P60: 66 | Q60: 86 | R60: 94 | S60: 72 | T60: 67 | U60: 43 | V60: 38 | W60: 37 | X60: 34 | Y60: 41 | Z60: 39 | AA60: 39 | AB60: 40 | AC60: 51 | AD60: 57 | AE60: 50 | AF60: 43 | AG60: 40 | AH60: 40 | AI60: 38 | AJ60: 34 | AK60: 35 | AL60: 32 | AM60: 33 | AN60: 43 | AO60: 53 | AP60: 55 | AQ60: 59 | AR60: 58 | AS60: 58 | AT60: 59
A61: 风过千山雪 | AN61: 41 | AO61: 37 | AP61: 38 | AQ61: 39 | AR61: 48 | AS61: 56 | AT61: 60
A62: 这宫斗没法继续了 | B62: 87 | C62: 98 | D62: 98 | E62: 97 | F62: 94 | G62: 94 | H62: 90 | I62: 85 | J62: 75 | K62: 81 | L62: 75 | M62: 67 | N62: 80 | O62: 76 | P62: 86 | Q62: 83 | R62: 61 | S62: 64 | T62: 72 | U62: 85 | V62: 75 | W62: 82 | X62: 87 | Y62: 93 | Z62: 112 | AA62: 117 | AB62: 125 | AC62: 113 | AD62: 136 | AE62: 141 | AF62: 143 | AG62: 131 | AH62: 124 | AI62: 122 | AJ62: 114 | AK62: 111 | AL62: 106 | AM62: 85 | AN62: 73 | AO62: 80 | AP62: 71 | AQ62: 62 | AR62: 38 | AS62: 46 | AT62: 61
A63: 入罗帷 | B63: 84 | C63: 75 | D63: 70 | E63: 70 | F63: 71 | G63: 67 | H63: 71 | I63: 73 | J63: 46 | K63: 110 | L63: 106 | M63: 98 | N63: 108 | O63: 100 | P63: 88 | Q63: 76 | R63: 86 | S63: 81 | T63: 75 | U63: 72 | V63: 77 | W63: 81 | X63: 81 | Y63: 80 | Z63: 78 | AA63: 84 | AB63: 69 | AC63: 79 | AD63: 74 | AE63: 79 | AF63: 44 | AG63: 50 | AH63: 53 | AI63: 56 | AJ63: 52 | AK63: 60 | AL63: 62 | AM63: 106 | AN63: 120 | AO63: 112 | AP63: 135 | AQ63: 114 | AR63: 107 | AS63: 63 | AT63: 62
A64: 后宫乱芳时 | B64: 83 | C64: 78 | D64: 74 | E64: 76 | F64: 73 | G64: 69 | H64: 69 | I64: 78 | J64: 74 | K64: 70 | L64: 72 | M64: 71 | N64: 73 | O64: 90 | P64: 87 | Q64: 89 | R64: 141 | S64: 92 | T64: 97 | U64: 76 | V64: 67 | W64: 64 | X64: 61 | Y64: 63 | Z64: 68 | AA64: 68 | AB64: 77 | AC64: 74 | AD64: 82 | AE64: 85 | AF64: 83 | AG64: 81 | AH64: 84 | AI64: 80 | AJ64: 82 | AK64: 80 | AL64: 78 | AM64: 83 | AN64: 70 | AO64: 72 | AP64: 60 | AQ64: 64 | AR64: 64 | AS64: 69 | AT64: 63
A65: 聚光灯后 | B65: 88 | C65: 99 | D65: 97 | E65: 98 | F65: 96 | G65: 93 | H65: 95 | I65: 101 | J65: 93 | K65: 109 | L65: 104 | M65: 117 | N65: 115 | O65: 73 | P65: 73 | Q65: 82 | R65: 81 | S65: 100 | T65: 94 | U65: 81 | V65: 85 | W65: 97 | X65: 85 | Y65: 76 | Z65: 71 | AA65: 62 | AB65: 68 | AC65: 78 | AD65: 77 | AE65: 73 | AF65: 31 | AG65: 31 | AH65: 33 | AI65: 32 | AJ65: 37 | AK65: 41 | AL65: 37 | AM65: 36 | AN65: 34 | AO65: 32 | AP65: 57 | AQ65: 60 | AR65: 33 | AS65: 33 | AT65: 64
A66: 内区观测录 | B66: 19 | C66: 19 | D66: 19 | E66: 24 | F66: 37 | G66: 37 | H66: 45 | I66: 68 | J66: 68 | K66: 121 | L66: 167 | Q66: 108 | R66: 79 | S66: 44 | T66: 38 | U66: 32 | V66: 40 | W66: 39 | X66: 37 | Y66: 44 | Z66: 41 | AA66: 49 | AB66: 62 | AC66: 60 | AD66: 63 | AE66: 63 | AF66: 68 | AG66: 92 | AH66: 95 | AI66: 90 | AJ66: 73 | AK66: 74 | AL66: 77 | AM66: 84 | AN66: 77 | AO66: 75 | AP66: 81 | AQ66: 81 | AR66: 77 | AS66: 74 | AT66: 65
A67: 第六视角 | B67: 51 | C67: 49 | D67: 48 | E67: 46 | F67: 46 | G67: 51 | H67: 53 | I67: 55 | J67: 85 | K67: 63 | L67: 45 | M67: 44 | N67: 51 | O67: 43 | P67: 46 | Q67: 35 | R67: 37 | S67: 27 | T67: 47 | U67: 39 | V67: 52 | W67: 47 | X67: 45 | Y67: 52 | Z67: 53 | AA67: 55 | AB67: 52 | AC67: 54 | AD67: 54 | AE67: 56 | AF67: 66 | AG67: 69 | AH67: 82 | AI67: 84 | AJ67: 94 | AK67: 97 | AL67: 102 | AM67: 93 | AN67: 93 | AO67: 89 | AP67: 92 | AQ67: 77 | AR67: 68 | AS67: 70 | AT67: 66
A68: 吾凰·在上 | B68: 54 | C68: 52 | D68: 55 | E68: 55 | F68: 50 | G68: 45 | H68: 43 | I68: 46 | J68: 64 | K68: 67 | L68: 58 | M68: 74 | N68: 86 | O68: 91 | P68: 78 | Q68: 61 | R68: 69 | S68: 58 | T68: 76 | U68: 80 | V68: 79 | W68: 59 | X68: 71 | Y68: 75 | Z68: 60 | AA68: 66 | AB68: 64 | AC68: 72 | AD68: 72 | AE68: 49 | AF68: 57 | AG68: 63 | AH68: 61 | AI68: 57 | AJ68: 56 | AK68: 69 | AL68: 89 | AM68: 78 | AN68: 76 | AO68: 87 | AP68: 80 | AQ68: 80 | AR68: 76 | AS68: 75 | AT68: 67
A69: 千秋百代：帝王一小时 | B69: 58 | C69: 55 | D69: 57 | E69: 63 | F69: 64 | G69: 66 | H69: 65 | I69: 70 | J69: 71 | K69: 66 | L69: 57 | M69: 52 | N69: 52 | O69: 68 | P69: 69 | Q69: 84 | R69: 80 | S69: 104 | T69: 103 | U69: 87 | V69: 80 | W69: 73 | X69: 77 | Y69: 68 | Z69: 74 | AA69: 63 | AB69: 65 | AC69: 61 | AD69: 56 | AE69: 58 | AF69: 59 | AG69: 58 | AH69: 54 | AI69: 58 | AJ69: 63 | AK69: 62 | AL69: 59 | AM69: 61 | AN69: 55 | AO69: 60 | AP69: 59 | AQ69: 61 | AR69: 65 | AS69: 68 | AT69: 68
A70: 模拟豪门人生 | B70: 61 | C70: 59 | D70: 66 | E70: 66 | F70: 65 | G70: 62 | H70: 64 | I70: 89 | J70: 82 | K70: 74 | L70: 69 | M70: 77 | N70: 77 | O70: 80 | P70: 77 | Q70: 71 | R70: 76 | S70: 63 | T70: 58 | U70: 58 | V70: 76 | W70: 84 | X70: 74 | Y70: 82 | Z70: 65 | AA70: 67 | AB70: 70 | AC70: 77 | AD70: 70 | AE70: 71 | AF70: 73 | AG70: 68 | AH70: 72 | AI70: 75 | AJ70: 89 | AK70: 87 | AL70: 93 | AM70: 91 | AN70: 98 | AO70: 93 | AP70: 73 | AQ70: 68 | AR70: 63 | AS70: 67 | AT70: 69
A71: 金珠遗梦 | B71: 64 | C71: 51 | D71: 51 | E71: 50 | F71: 52 | G71: 47 | H71: 47 | I71: 48 | J71: 51 | K71: 53 | L71: 53 | M71: 45 | N71: 53 | O71: 59 | P71: 51 | Q71: 53 | R71: 48 | S71: 51 | T71: 65 | U71: 54 | V71: 57 | W71: 49 | X71: 58 | Y71: 55 | Z71: 50 | AA71: 53 | AB71: 54 | AC71: 67 | AD71: 65 | AE71: 65 | AF71: 75 | AG71: 76 | AH71: 73 | AI71: 65 | AJ71: 66 | AK71: 86 | AL71: 85 | AM71: 80 | AN71: 78 | AO71: 65 | AP71: 65 | AQ71: 73 | AR71: 72 | AS71: 77 | AT71: 70
A72: 赴韶光 | B72: 53 | C72: 63 | D72: 60 | E72: 61 | F72: 58 | G72: 60 | H72: 62 | I72: 36 | J72: 59 | K72: 56 | L72: 49 | M72: 81 | N72: 63 | O72: 55 | P72: 45 | Q72: 34 | R72: 32 | S72: 38 | T72: 32 | U72: 30 | V72: 33 | W72: 61 | X72: 55 | Y72: 51 | Z72: 61 | AA72: 75 | AB72: 82 | AC72: 68 | AD72: 69 | AE72: 52 | AF72: 60 | AG72: 65 | AH72: 65 | AI72: 61 | AJ72: 68 | AK72: 68 | AL72: 72 | AM72: 67 | AN72: 64 | AO72: 63 | AP72: 68 | AQ72: 74 | AR72: 74 | AS72: 73 | AT72: 71
A73: 社恐勇闯恋综 | B73: 73 | C73: 76 | D73: 72 | E73: 71 | F73: 68 | G73: 65 | H73: 60 | I73: 53 | J73: 47 | K73: 68 | L73: 61 | M73: 60 | N73: 26 | O73: 26 | P73: 59 | Q73: 56 | R73: 59 | S73: 52 | T73: 48 | U73: 56 | V73: 60 | W73: 53 | X73: 62 | Y73: 60 | Z73: 59 | AA73: 57 | AB73: 57 | AC73: 63 | AD73: 62 | AE73: 70 | AF73: 37 | AG73: 41 | AH73: 42 | AI73: 42 | AJ73: 51 | AK73: 47 | AL73: 45 | AM73: 45 | AN73: 46 | AO73: 79 | AP73: 64 | AQ73: 45 | AR73: 71 | AS73: 45 | AT73: 72
A74: 我和我哥哥 | B74: 48 | C74: 44 | D74: 49 | E74: 49 | F74: 48 | G74: 54 | H74: 54 | I74: 50 | J74: 90 | K74: 78 | L74: 68 | M74: 73 | N74: 65 | O74: 54 | P74: 60 | Q74: 40 | R74: 33 | S74: 26 | T74: 30 | U74: 35 | V74: 42 | W74: 65 | X74: 75 | Y74: 100 | Z74: 113 | AA74: 124 | AB74: 119 | AC74: 116 | AD74: 117 | AE74: 106 | AF74: 115 | AG74: 111 | AH74: 100 | AI74: 114 | AJ74: 128 | AK74: 122 | AL74: 123 | AM74: 103 | AN74: 107 | AO74: 92 | AP74: 72 | AQ74: 72 | AR74: 62 | AS74: 65 | AT74: 73
A75: 凭什么我是反派 | B75: 44 | C75: 53 | D75: 56 | E75: 59 | F75: 59 | G75: 70 | H75: 66 | I75: 49 | J75: 62 | K75: 59 | L75: 55 | M75: 53 | N75: 48 | O75: 56 | P75: 53 | Q75: 62 | R75: 75 | S75: 55 | T75: 57 | U75: 60 | V75: 61 | W75: 43 | X75: 52 | Y75: 62 | Z75: 57 | AA75: 60 | AB75: 55 | AC75: 46 | AD75: 51 | AE75: 51 | AF75: 56 | AG75: 53 | AH75: 41 | AI75: 41 | AJ75: 44 | AK75: 42 | AL75: 42 | AM75: 21 | AN75: 24 | AO75: 29 | AP75: 32 | AQ75: 37 | AR75: 42 | AS75: 49 | AT75: 74
A76: 修仙模拟器：我靠氪金打遍修仙界 | B76: 154 | C76: 61 | D76: 64 | E76: 67 | F76: 70 | G76: 72 | H76: 75 | J76: 184 | K76: 193 | L76: 188 | S76: 102 | T76: 105 | U76: 111 | V76: 102 | W76: 93 | X76: 88 | Y76: 96 | Z76: 110 | AA76: 136 | AB76: 144 | AC76: 140 | AD76: 138 | AE76: 158 | AF76: 177 | AG76: 164 | AH76: 138 | AI76: 134 | AJ76: 134 | AK76: 129 | AL76: 117 | AM76: 102 | AN76: 109 | AO76: 91 | AP76: 76 | AQ76: 76 | AR76: 79 | AS76: 87 | AT76: 75
A77: 朕真不想造反啊 | B77: 75 | C77: 89 | D77: 88 | E77: 89 | F77: 89 | G77: 95 | H77: 98 | I77: 106 | J77: 99 | K77: 90 | L77: 74 | M77: 80 | N77: 83 | O77: 82 | P77: 74 | Q77: 66 | R77: 66 | S77: 79 | T77: 93 | U77: 62 | V77: 62 | W77: 80 | X77: 95 | Y77: 84 | Z77: 91 | AA77: 89 | AB77: 80 | AC77: 109 | AD77: 116 | AE77: 84 | AF77: 95 | AG77: 96 | AH77: 112 | AI77: 95 | AJ77: 88 | AK77: 90 | AL77: 91 | AM77: 86 | AN77: 82 | AO77: 68 | AP77: 61 | AQ77: 65 | AR77: 73 | AS77: 76 | AT77: 76
A78: 诱君多采撷 | B78: 113 | C78: 106 | D78: 99 | E78: 82 | F78: 85 | G78: 75 | H78: 77 | I78: 75 | J78: 76 | K78: 72 | L78: 90 | M78: 85 | N78: 88 | O78: 87 | P78: 91 | Q78: 91 | R78: 91 | S78: 113 | T78: 100 | U78: 96 | V78: 97 | W78: 99 | X78: 97 | Y78: 97 | Z78: 87 | AA78: 79 | AB78: 78 | AC78: 80 | AD78: 78 | AE78: 59 | AF78: 55 | AG78: 56 | AH78: 55 | AI78: 51 | AJ78: 48 | AK78: 52 | AL78: 57 | AM78: 57 | AN78: 61 | AO78: 62 | AP78: 79 | AQ78: 78 | AR78: 78 | AS78: 80 | AT78: 77
A79: 古代富婆模拟器 | B79: 67 | C79: 65 | D79: 67 | E79: 65 | F79: 66 | G79: 59 | H79: 59 | I79: 52 | J79: 37 | K79: 36 | L79: 42 | M79: 40 | N79: 59 | O79: 64 | P79: 70 | Q79: 70 | R79: 68 | S79: 83 | T79: 89 | U79: 100 | V79: 117 | W79: 110 | X79: 79 | Y79: 81 | Z79: 67 | AA79: 65 | AB79: 61 | AC79: 55 | AD79: 53 | AE79: 60 | AF79: 70 | AG79: 67 | AH79: 68 | AI79: 74 | AJ79: 64 | AK79: 65 | AL79: 70 | AM79: 65 | AN79: 67 | AO79: 66 | AP79: 63 | AQ79: 71 | AR79: 83 | AS79: 72 | AT79: 78
A80: 古代女子生存实录 | B80: 98 | C80: 101 | D80: 93 | E80: 87 | F80: 79 | G80: 78 | H80: 83 | I80: 81 | J80: 86 | K80: 101 | L80: 112 | M80: 115 | S80: 160 | T80: 149 | U80: 148 | V80: 152 | W80: 130 | X80: 111 | Y80: 101 | Z80: 107 | AA80: 29 | AB80: 42 | AC80: 37 | AD80: 36 | AE80: 38 | AF80: 48 | AG80: 72 | AH80: 83 | AI80: 82 | AJ80: 93 | AK80: 95 | AL80: 86 | AM80: 73 | AN80: 75 | AO80: 67 | AP80: 69 | AQ80: 70 | AR80: 66 | AS80: 71 | AT80: 79
A81: 渡前缘 | B81: 74 | C81: 68 | D81: 69 | E81: 68 | F81: 72 | G81: 101 | H81: 102 | I81: 140 | J81: 94 | K81: 94 | L81: 95 | M81: 93 | N81: 82 | O81: 122 | P81: 112 | Q81: 101 | R81: 88 | S81: 94 | T81: 107 | U81: 92 | V81: 98 | W81: 106 | X81: 94 | Y81: 91 | Z81: 92 | AA81: 108 | AB81: 98 | AC81: 94 | AD81: 67 | AE81: 61 | AF81: 65 | AG81: 79 | AH81: 74 | AI81: 86 | AJ81: 76 | AK81: 85 | AL81: 82 | AM81: 108 | AN81: 110 | AO81: 108 | AP81: 126 | AQ81: 130 | AR81: 121 | AS81: 119 | AT81: 80
A82: 缠梦症 | B82: 96 | C82: 94 | D82: 91 | E82: 91 | F82: 103 | G82: 104 | H82: 85 | I82: 116 | J82: 106 | K82: 105 | L82: 83 | M82: 59 | N82: 58 | O82: 53 | P82: 47 | Q82: 38 | R82: 41 | S82: 50 | T82: 52 | U82: 63 | V82: 83 | W82: 95 | X82: 119 | Y82: 121 | Z82: 118 | AA82: 125 | AB82: 120 | AC82: 110 | AD82: 107 | AE82: 100 | AF82: 109 | AG82: 115 | AH82: 110 | AI82: 117 | AJ82: 123 | AK82: 116 | AL82: 107 | AM82: 112 | AN82: 116 | AO82: 122 | AP82: 103 | AQ82: 89 | AR82: 82 | AS82: 85 | AT82: 81
A83: 阴湿后桌死了都要爱 | G83: 200 | I83: 177 | J83: 163 | K83: 143 | L83: 173 | AI83: 140 | AJ83: 125 | AK83: 119 | AL83: 112 | AM83: 107 | AN83: 89 | AO83: 71 | AP83: 84 | AQ83: 97 | AR83: 90 | AS83: 86 | AT83: 82
A84: 无限求生：房车囤货组队 | B84: 108 | C84: 83 | D84: 77 | E84: 84 | F84: 78 | G84: 76 | H84: 76 | I84: 104 | J84: 102 | K84: 98 | L84: 78 | M84: 100 | N84: 16 | O84: 20 | P84: 19 | Q84: 19 | R84: 19 | S84: 14 | T84: 18 | U84: 20 | V84: 20 | W84: 144 | X84: 150 | Y84: 158 | Z84: 161 | AA84: 142 | AB84: 141 | AC84: 168 | AD84: 139 | AE84: 122 | AF84: 131 | AG84: 102 | AH84: 113 | AI84: 108 | AJ84: 127 | AK84: 118 | AL84: 126 | AM84: 118 | AN84: 94 | AO84: 117 | AP84: 102 | AQ84: 91 | AR84: 101 | AS84: 79 | AT84: 83
A85: 寡夫房里是非多 | B85: 81 | C85: 74 | D85: 81 | E85: 72 | F85: 74 | G85: 74 | H85: 67 | I85: 47 | J85: 42 | K85: 54 | L85: 63 | M85: 72 | N85: 71 | O85: 67 | P85: 81 | Q85: 77 | R85: 116 | S85: 78 | T85: 82 | U85: 71 | V85: 74 | W85: 68 | X85: 69 | Y85: 73 | Z85: 62 | AA85: 70 | AB85: 72 | AC85: 69 | AD85: 71 | AE85: 81 | AF85: 91 | AG85: 104 | AH85: 108 | AI85: 112 | AJ85: 146 | AK85: 165 | AL85: 167 | AM85: 159 | AN85: 148 | AO85: 125 | AP85: 111 | AQ85: 105 | AR85: 99 | AS85: 93 | AT85: 84
A86: 宫女升职日常 | Z86: 175 | AA86: 134 | AB86: 140 | AC86: 123 | AD86: 111 | AE86: 104 | AF86: 100 | AG86: 94 | AH86: 93 | AI86: 88 | AJ86: 81 | AK86: 67 | AL86: 66 | AM86: 71 | AN86: 85 | AO86: 84 | AP86: 82 | AQ86: 79 | AR86: 70 | AS86: 78 | AT86: 85
A87: 谋仙渡 | B87: 68 | C87: 81 | D87: 83 | E87: 92 | F87: 93 | G87: 89 | H87: 93 | I87: 108 | J87: 100 | K87: 106 | L87: 109 | M87: 99 | N87: 98 | O87: 97 | P87: 94 | Q87: 94 | R87: 87 | S87: 93 | T87: 80 | U87: 98 | V87: 87 | W87: 83 | X87: 84 | Y87: 85 | Z87: 86 | AA87: 87 | AB87: 96 | AC87: 103 | AD87: 104 | AE87: 120 | AF87: 117 | AG87: 128 | AH87: 119 | AI87: 132 | AJ87: 119 | AK87: 103 | AL87: 99 | AM87: 100 | AN87: 86 | AO87: 88 | AP87: 85 | AQ87: 90 | AR87: 87 | AS87: 90 | AT87: 86
A88: 表小姐成长计划 | B88: 118 | C88: 107 | D88: 104 | E88: 104 | F88: 105 | G88: 107 | H88: 112 | I88: 131 | J88: 124 | K88: 137 | L88: 147 | M88: 180 | N88: 165 | O88: 170 | P88: 183 | Q88: 179 | R88: 177 | S88: 166 | T88: 139 | U88: 143 | V88: 118 | W88: 116 | X88: 112 | Y88: 107 | Z88: 95 | AA88: 98 | AB88: 97 | AC88: 91 | AD88: 85 | AE88: 64 | AF88: 74 | AG88: 59 | AH88: 60 | AI88: 69 | AJ88: 74 | AK88: 81 | AL88: 96 | AM88: 92 | AN88: 113 | AO88: 99 | AP88: 96 | AQ88: 93 | AR88: 93 | AS88: 98 | AT88: 87
A89: 仙履奇谈 | B89: 78 | C89: 70 | D89: 68 | E89: 73 | F89: 76 | G89: 73 | H89: 70 | I89: 83 | J89: 81 | K89: 77 | L89: 70 | M89: 66 | N89: 61 | O89: 66 | P89: 79 | Q89: 90 | R89: 134 | S89: 53 | T89: 43 | U89: 50 | V89: 56 | W89: 60 | X89: 64 | Y89: 67 | Z89: 80 | AA89: 95 | AB89: 106 | AC89: 132 | AD89: 112 | AE89: 115 | AF89: 107 | AG89: 101 | AH89: 98 | AI89: 93 | AJ89: 91 | AK89: 91 | AL89: 83 | AM89: 79 | AN89: 91 | AO89: 83 | AP89: 78 | AQ89: 83 | AR89: 81 | AS89: 82 | AT89: 88
A90: 问道缥缈 | B90: 66 | C90: 66 | D90: 61 | E90: 58 | F90: 60 | G90: 57 | H90: 56 | I90: 54 | J90: 60 | K90: 57 | L90: 67 | M90: 62 | N90: 74 | O90: 77 | P90: 83 | Q90: 122 | R90: 112 | S90: 124 | T90: 81 | U90: 135 | V90: 93 | W90: 57 | X90: 57 | Y90: 58 | Z90: 55 | AA90: 54 | AB90: 56 | AC90: 58 | AD90: 60 | AE90: 72 | AF90: 71 | AG90: 73 | AH90: 77 | AI90: 62 | AJ90: 59 | AK90: 55 | AL90: 58 | AM90: 59 | AN90: 59 | AO90: 61 | AP90: 62 | AQ90: 85 | AR90: 85 | AS90: 91 | AT90: 89
A91: 非正常异能恋爱指南 | B91: 82 | C91: 84 | D91: 85 | E91: 83 | F91: 84 | G91: 83 | H91: 87 | I91: 95 | J91: 95 | K91: 91 | L91: 94 | M91: 112 | N91: 113 | O91: 99 | P91: 92 | Q91: 80 | R91: 72 | S91: 66 | T91: 86 | U91: 77 | V91: 92 | W91: 107 | X91: 122 | Y91: 119 | Z91: 123 | AA91: 119 | AB91: 108 | AC91: 112 | AD91: 115 | AE91: 101 | AF91: 97 | AG91: 106 | AH91: 111 | AI91: 116 | AJ91: 112 | AK91: 112 | AL91: 111 | AM91: 104 | AN91: 103 | AO91: 107 | AP91: 101 | AQ91: 84 | AR91: 86 | AS91: 84 | AT91: 90
A92: Time,Ordinary | B92: 79 | C92: 82 | D92: 80 | E92: 90 | F92: 69 | G92: 71 | H92: 78 | I92: 90 | J92: 77 | K92: 73 | L92: 62 | M92: 78 | N92: 72 | O92: 60 | P92: 67 | Q92: 65 | R92: 64 | S92: 74 | T92: 83 | U92: 97 | V92: 121 | W92: 138 | X92: 113 | Y92: 109 | Z92: 106 | AA92: 104 | AB92: 100 | AC92: 106 | AD92: 100 | AE92: 105 | AF92: 123 | AG92: 114 | AH92: 109 | AI92: 115 | AJ92: 115 | AK92: 101 | AL92: 95 | AM92: 96 | AN92: 101 | AO92: 105 | AP92: 99 | AQ92: 92 | AR92: 94 | AS92: 95 | AT92: 91
A93: 女帝风月鉴 | B93: 95 | C93: 87 | D93: 84 | E93: 77 | F93: 77 | G93: 86 | H93: 80 | I93: 69 | J93: 69 | K93: 64 | L93: 65 | M93: 86 | N93: 109 | O93: 108 | P93: 105 | Q93: 118 | R93: 125 | S93: 97 | T93: 74 | U93: 73 | V93: 69 | W93: 69 | X93: 72 | Y93: 70 | Z93: 73 | AA93: 86 | AB93: 89 | AC93: 93 | AD93: 105 | AE93: 96 | AF93: 101 | AG93: 105 | AH93: 92 | AI93: 103 | AJ93: 96 | AK93: 106 | AL93: 101 | AM93: 149 | AN93: 108 | AO93: 156 | AP93: 88 | AQ93: 87 | AR93: 84 | AS93: 81 | AT93: 92
A94: 皇后是只狐狸精 | B94: 77 | C94: 93 | D94: 96 | E94: 94 | F94: 90 | G94: 88 | H94: 84 | I94: 77 | J94: 92 | K94: 92 | L94: 91 | M94: 94 | N94: 129 | O94: 113 | P94: 120 | Q94: 152 | R94: 147 | S94: 106 | T94: 95 | U94: 110 | V94: 72 | W94: 78 | X94: 86 | Y94: 87 | Z94: 97 | AA94: 82 | AB94: 118 | AC94: 87 | AD94: 87 | AE94: 74 | AF94: 76 | AG94: 75 | AH94: 71 | AI94: 77 | AJ94: 102 | AK94: 110 | AL94: 104 | AM94: 110 | AN94: 143 | AO94: 141 | AP94: 121 | AQ94: 113 | AR94: 112 | AS94: 89 | AT94: 93
A95: 宫妃风华录 | B95: 109 | C95: 117 | D95: 115 | E95: 111 | F95: 112 | G95: 109 | H95: 133 | I95: 111 | J95: 96 | K95: 80 | L95: 93 | M95: 84 | N95: 100 | O95: 105 | P95: 109 | Q95: 112 | R95: 106 | S95: 103 | T95: 127 | U95: 90 | V95: 96 | W95: 85 | X95: 83 | Y95: 83 | Z95: 82 | AA95: 83 | AB95: 88 | AC95: 102 | AD95: 94 | AE95: 87 | AF95: 81 | AG95: 66 | AH95: 67 | AI95: 71 | AJ95: 72 | AK95: 77 | AL95: 63 | AM95: 66 | AN95: 84 | AO95: 74 | AP95: 74 | AQ95: 75 | AR95: 80 | AS95: 88 | AT95: 94
A96: 我没有在争娱女一呀 | B96: 56 | C96: 62 | D96: 59 | E96: 62 | F96: 62 | G96: 64 | H96: 68 | I96: 65 | J96: 73 | K96: 69 | L96: 97 | M96: 105 | N96: 111 | O96: 156 | P96: 156 | Q96: 113 | R96: 111 | S96: 96 | T96: 78 | U96: 69 | V96: 73 | W96: 71 | X96: 70 | Y96: 66 | Z96: 66 | AA96: 64 | AB96: 71 | AC96: 76 | AD96: 80 | AE96: 80 | AF96: 85 | AG96: 84 | AH96: 88 | AI96: 78 | AJ96: 65 | AK96: 54 | AL96: 67 | AM96: 76 | AN96: 79 | AO96: 78 | AP96: 86 | AQ96: 82 | AR96: 95 | AS96: 97 | AT96: 95
A97: 国际女团出道战 | B97: 65 | C97: 110 | D97: 106 | E97: 107 | F97: 111 | G97: 114 | H97: 114 | I97: 92 | J97: 103 | K97: 96 | L97: 122 | M97: 102 | N97: 119 | O97: 98 | P97: 82 | Q97: 73 | R97: 70 | S97: 76 | T97: 77 | U97: 107 | V97: 104 | W97: 104 | X97: 76 | Y97: 64 | Z97: 81 | AA97: 91 | AB97: 101 | AC97: 81 | AD97: 83 | AE97: 82 | AF97: 84 | AG97: 77 | AH97: 69 | AI97: 67 | AJ97: 79 | AK97: 76 | AL97: 68 | AM97: 55 | AN97: 52 | AO97: 45 | AP97: 46 | AQ97: 54 | AR97: 60 | AS97: 83 | AT97: 96
A98: 神女降临 | AB98: 166 | AC98: 144 | AD98: 132 | AE98: 103 | AF98: 112 | AG98: 116 | AH98: 125 | AI98: 159 | AJ98: 162 | AO98: 200 | AP98: 133 | AQ98: 112 | AR98: 111 | AS98: 108 | AT98: 97
A99: 顶流一代 | B99: 121 | C99: 112 | D99: 111 | E99: 108 | F99: 107 | G99: 102 | H99: 99 | I99: 109 | J99: 114 | K99: 118 | L99: 119 | M99: 132 | N99: 123 | O99: 119 | P99: 117 | Q99: 127 | R99: 122 | S99: 123 | T99: 110 | U99: 102 | V99: 110 | W99: 124 | X99: 154 | Y99: 159 | AA99: 157 | AB99: 169 | AC99: 157 | AD99: 151 | AE99: 138 | AF99: 121 | AG99: 118 | AH99: 107 | AI99: 109 | AJ99: 113 | AK99: 120 | AL99: 129 | AM99: 133 | AN99: 137 | AO99: 124 | AP99: 104 | AQ99: 101 | AR99: 102 | AS99: 102 | AT99: 98
A100: 宫阙九重【已完结】 | AA100: 146 | AB100: 131 | AC100: 129 | AD100: 127 | AE100: 110 | AF100: 104 | AG100: 99 | AH100: 102 | AI100: 97 | AJ100: 83 | AK100: 88 | AL100: 84 | AM100: 94 | AN100: 92 | AO100: 102 | AP100: 95 | AQ100: 99 | AR100: 104 | AS100: 101 | AT100: 99
A101: 造星梦工厂96 | B101: 135 | C101: 137 | D101: 141 | E101: 153 | F101: 155 | G101: 147 | H101: 124 | I101: 127 | J101: 138 | K101: 157 | L101: 146 | M101: 134 | N101: 122 | O101: 147 | P101: 172 | Q101: 177 | R101: 188 | S101: 193 | T101: 158 | U101: 192 | V101: 174 | W101: 148 | X101: 144 | Y101: 126 | Z101: 121 | AA101: 120 | AB101: 122 | AC101: 124 | AD101: 125 | AE101: 135 | AF101: 141 | AG101: 150 | AH101: 130 | AI101: 127 | AJ101: 133 | AK101: 143 | AL101: 142 | AM101: 120 | AN101: 106 | AO101: 120 | AP101: 115 | AQ101: 100 | AR101: 98 | AS101: 99 | AT101: 100
A102: 逢尊 | B102: 76 | C102: 73 | D102: 78 | E102: 78 | F102: 83 | G102: 85 | H102: 82 | I102: 91 | J102: 88 | K102: 85 | L102: 71 | M102: 92 | N102: 103 | O102: 134 | P102: 141 | Q102: 170 | R102: 176 | S102: 136 | T102: 129 | W102: 194 | X102: 117 | Y102: 106 | Z102: 100 | AA102: 102 | AB102: 104 | AC102: 92 | AD102: 89 | AE102: 83 | AF102: 90 | AG102: 95 | AH102: 80 | AI102: 73 | AJ102: 69 | AK102: 73 | AL102: 73 | AM102: 74 | AN102: 69 | AO102: 81 | AP102: 89 | AQ102: 88 | AR102: 91 | AS102: 96 | AT102: 101
A103: 吵闹的104号房间 | B103: 104 | C103: 115 | D103: 114 | E103: 100 | F103: 95 | G103: 91 | H103: 91 | I103: 97 | J103: 108 | K103: 122 | L103: 156 | M103: 123 | N103: 117 | O103: 104 | P103: 97 | Q103: 85 | R103: 140 | S103: 176 | T103: 154 | U103: 139 | V103: 81 | W103: 86 | X103: 68 | Y103: 77 | Z103: 76 | AA103: 74 | AB103: 73 | AC103: 73 | AD103: 76 | AE103: 95 | AF103: 99 | AG103: 90 | AH103: 81 | AI103: 87 | AJ103: 98 | AK103: 107 | AL103: 109 | AM103: 115 | AN103: 128 | AO103: 148 | AP103: 139 | AQ103: 138 | AR103: 132 | AS103: 117 | AT103: 102
A104: 溯世书⁡ | B104: 107 | C104: 92 | D104: 86 | E104: 85 | F104: 86 | G104: 77 | H104: 79 | I104: 63 | J104: 67 | K104: 65 | L104: 73 | M104: 83 | N104: 75 | O104: 49 | P104: 52 | Q104: 75 | R104: 77 | S104: 86 | T104: 79 | U104: 82 | V104: 82 | W104: 87 | X104: 90 | Y104: 92 | Z104: 108 | AA104: 90 | AB104: 60 | AC104: 59 | AD104: 61 | AE104: 77 | AF104: 79 | AG104: 87 | AH104: 75 | AI104: 85 | AJ104: 71 | AK104: 71 | AL104: 69 | AM104: 68 | AN104: 99 | AO104: 114 | AP104: 108 | AQ104: 107 | AR104: 110 | AS104: 107 | AT104: 103
A105: 临江二中学生论坛 | B105: 72 | C105: 79 | D105: 94 | E105: 95 | F105: 104 | G105: 112 | H105: 115 | I105: 132 | J105: 144 | K105: 162 | L105: 194 | M105: 157 | N105: 173 | T105: 141 | U105: 115 | V105: 100 | W105: 96 | X105: 99 | Y105: 95 | Z105: 84 | AA105: 99 | AB105: 93 | AC105: 85 | AD105: 91 | AE105: 94 | AF105: 96 | AG105: 93 | AH105: 94 | AI105: 100 | AJ105: 95 | AK105: 83 | AL105: 71 | AM105: 75 | AN105: 72 | AO105: 77 | AP105: 90 | AQ105: 94 | AR105: 92 | AS105: 94 | AT105: 104
A106: 我亲爱的Demon | B106: 147 | C106: 150 | D106: 136 | E106: 138 | F106: 126 | G106: 116 | H106: 103 | I106: 102 | J106: 110 | K106: 114 | L106: 145 | M106: 179 | N106: 138 | O106: 151 | P106: 158 | Q106: 148 | R106: 148 | S106: 140 | T106: 175 | U106: 161 | V106: 166 | W106: 177 | X106: 156 | Y106: 148 | Z106: 146 | AA106: 140 | AB106: 130 | AC106: 141 | AD106: 121 | AE106: 124 | AF106: 114 | AG106: 112 | AH106: 106 | AI106: 96 | AJ106: 104 | AK106: 102 | AL106: 110 | AM106: 109 | AN106: 115 | AO106: 134 | AP106: 128 | AQ106: 117 | AR106: 113 | AS106: 106 | AT106: 105
A107: 古代人生模拟器 | B107: 93 | C107: 95 | D107: 90 | E107: 93 | F107: 88 | G107: 87 | H107: 86 | I107: 80 | J107: 80 | K107: 71 | L107: 85 | M107: 97 | N107: 94 | O107: 94 | P107: 100 | Q107: 149 | R107: 157 | S107: 137 | T107: 101 | U107: 86 | V107: 89 | W107: 112 | X107: 116 | Y107: 110 | Z107: 103 | AA107: 110 | AB107: 109 | AC107: 89 | AD107: 79 | AE107: 66 | AF107: 67 | AG107: 74 | AH107: 63 | AI107: 63 | AJ107: 86 | AK107: 100 | AL107: 103 | AM107: 99 | AN107: 88 | AO107: 94 | AP107: 97 | AQ107: 96 | AR107: 97 | AS107: 100 | AT107: 106
A108: 闪耀48区 | B108: 89 | C108: 71 | D108: 75 | E108: 80 | F108: 82 | G108: 90 | H108: 89 | I108: 100 | J108: 105 | K108: 102 | L108: 105 | M108: 68 | N108: 69 | O108: 45 | P108: 42 | Q108: 48 | R108: 43 | S108: 36 | T108: 56 | U108: 99 | V108: 153 | W108: 89 | X108: 93 | Y108: 90 | Z108: 89 | AA108: 88 | AB108: 83 | AC108: 65 | AD108: 58 | AE108: 62 | AF108: 63 | AG108: 57 | AH108: 50 | AI108: 45 | AJ108: 55 | AK108: 57 | AL108: 53 | AM108: 56 | AN108: 58 | AO108: 73 | AP108: 83 | AQ108: 86 | AR108: 89 | AS108: 104 | AT108: 107
A109: 废土之王Ⅰ：起源 | B109: 52 | C109: 60 | D109: 50 | E109: 51 | F109: 53 | G109: 53 | H109: 52 | I109: 14 | J109: 6 | K109: 100 | L109: 152 | M109: 158 | N109: 145 | O109: 152 | P109: 173 | Q109: 162 | R109: 189 | U109: 155 | V109: 142 | W109: 127 | X109: 114 | Y109: 122 | Z109: 98 | AA109: 100 | AB109: 53 | AC109: 56 | AD109: 59 | AE109: 67 | AF109: 58 | AG109: 71 | AH109: 117 | AI109: 113 | AJ109: 118 | AK109: 127 | AL109: 130 | AM109: 105 | AN109: 111 | AO109: 104 | AP109: 98 | AQ109: 103 | AR109: 88 | AS109: 92 | AT109: 108
A110: 吞噬：Swallow | B110: 85 | C110: 77 | D110: 79 | E110: 75 | F110: 92 | G110: 81 | H110: 88 | I110: 79 | J110: 78 | K110: 87 | L110: 107 | M110: 110 | N110: 78 | O110: 65 | P110: 68 | Q110: 54 | R110: 49 | S110: 41 | T110: 41 | U110: 42 | V110: 48 | W110: 67 | X110: 82 | Y110: 94 | Z110: 96 | AA110: 107 | AB110: 112 | AC110: 118 | AD110: 119 | AE110: 112 | AF110: 111 | AG110: 100 | AH110: 96 | AI110: 99 | AJ110: 92 | AK110: 93 | AL110: 90 | AM110: 89 | AN110: 87 | AO110: 86 | AP110: 93 | AQ110: 98 | AR110: 96 | AS110: 103 | AT110: 109
A111: 凰途似锦 | B111: 80 | C111: 90 | D111: 95 | E111: 96 | F111: 91 | G111: 92 | H111: 100 | I111: 126 | J111: 125 | K111: 113 | L111: 116 | M111: 119 | N111: 149 | O111: 148 | P111: 150 | Q111: 158 | R111: 146 | U111: 149 | V111: 131 | W111: 101 | X111: 102 | Y111: 102 | Z111: 93 | AA111: 101 | AB111: 87 | AC111: 84 | AD111: 90 | AE111: 91 | AF111: 86 | AG111: 86 | AH111: 79 | AI111: 83 | AJ111: 75 | AK111: 82 | AL111: 92 | AM111: 95 | AN111: 96 | AO111: 103 | AP111: 114 | AQ111: 111 | AR111: 115 | AS111: 112 | AT111: 110
A112: 玩转娱圈 | B112: 62 | C112: 102 | D112: 103 | E112: 110 | F112: 110 | G112: 111 | H112: 109 | I112: 123 | J112: 117 | K112: 124 | L112: 127 | M112: 79 | N112: 90 | O112: 101 | P112: 99 | Q112: 145 | R112: 133 | S112: 107 | T112: 112 | U112: 117 | V112: 115 | W112: 94 | X112: 100 | Y112: 98 | Z112: 90 | AA112: 105 | AB112: 105 | AC112: 95 | AD112: 98 | AE112: 98 | AF112: 61 | AG112: 61 | AH112: 58 | AI112: 53 | AJ112: 60 | AK112: 63 | AL112: 60 | AM112: 63 | AN112: 102 | AO112: 115 | AP112: 122 | AQ112: 109 | AR112: 103 | AS112: 105 | AT112: 111
A113: 渣皇本色 | B113: 100 | C113: 88 | D113: 89 | E113: 88 | F113: 87 | G113: 84 | H113: 73 | I113: 76 | J113: 66 | K113: 61 | L113: 48 | M113: 61 | N113: 60 | O113: 88 | P113: 102 | Q113: 140 | R113: 129 | S113: 127 | T113: 117 | U113: 140 | V113: 160 | W113: 135 | X113: 109 | Y113: 111 | Z113: 119 | AA113: 118 | AB113: 102 | AC113: 98 | AD113: 97 | AE113: 89 | AF113: 78 | AG113: 80 | AH113: 85 | AI113: 79 | AJ113: 70 | AK113: 66 | AL113: 80 | AM113: 88 | AN113: 100 | AO113: 95 | AP113: 106 | AQ113: 102 | AR113: 106 | AS113: 109 | AT113: 112
A114: 我亲爱的跟踪狂 | B114: 101 | C114: 104 | D114: 112 | E114: 113 | F114: 121 | G114: 131 | H114: 144 | I114: 133 | J114: 151 | K114: 175 | L114: 165 | M114: 177 | P114: 185 | T114: 196 | U114: 173 | V114: 175 | W114: 168 | X114: 176 | Y114: 169 | Z114: 177 | AA114: 163 | AB114: 142 | AC114: 136 | AD114: 133 | AE114: 132 | AF114: 125 | AG114: 134 | AH114: 149 | AI114: 141 | AJ114: 137 | AK114: 130 | AL114: 128 | AM114: 139 | AN114: 127 | AO114: 119 | AP114: 116 | AQ114: 106 | AR114: 118 | AS114: 115 | AT114: 113
A115: 为师不尊 | D115: 199 | E115: 195 | F115: 173 | G115: 161 | H115: 164 | I115: 163 | J115: 164 | K115: 161 | L115: 144 | M115: 152 | N115: 189 | O115: 176 | P115: 175 | Q115: 174 | R115: 185 | S115: 138 | T115: 131 | U115: 132 | V115: 132 | W115: 102 | X115: 130 | Y115: 128 | Z115: 139 | AA115: 161 | AB115: 182 | AC115: 183 | AD115: 185 | AE115: 196 | AF115: 199 | AG115: 185 | AI115: 184 | AJ115: 177 | AL115: 190 | AM115: 171 | AN115: 134 | AO115: 132 | AP115: 131 | AQ115: 115 | AR115: 114 | AS115: 118 | AT115: 114
A116: 殿下才不是咸鱼 | B116: 102 | C116: 118 | D116: 116 | E116: 123 | F116: 127 | G116: 140 | H116: 151 | I116: 196 | J116: 158 | P116: 171 | Q116: 161 | R116: 139 | S116: 132 | T116: 148 | U116: 129 | V116: 94 | W116: 77 | X116: 66 | Y116: 57 | Z116: 56 | AA116: 48 | AB116: 44 | AC116: 48 | AD116: 44 | AE116: 43 | AF116: 49 | AG116: 48 | AH116: 43 | AI116: 48 | AJ116: 50 | AK116: 58 | AL116: 54 | AM116: 60 | AN116: 63 | AO116: 90 | AP116: 91 | AQ116: 95 | AR116: 100 | AS116: 113 | AT116: 115
A117: 顶流降临 | B117: 119 | C117: 119 | D117: 121 | E117: 122 | F117: 125 | G117: 129 | H117: 132 | I117: 138 | J117: 146 | K117: 148 | L117: 141 | M117: 126 | N117: 116 | O117: 118 | P117: 104 | Q117: 105 | R117: 100 | S117: 105 | T117: 104 | U117: 106 | V117: 99 | W117: 100 | X117: 101 | Y117: 104 | Z117: 111 | AA117: 115 | AB117: 110 | AC117: 120 | AD117: 129 | AE117: 140 | AF117: 140 | AG117: 132 | AH117: 137 | AI117: 131 | AJ117: 138 | AK117: 141 | AL117: 122 | AM117: 119 | AN117: 122 | AO117: 128 | AP117: 124 | AQ117: 121 | AR117: 120 | AS117: 125 | AT117: 116
A118: 帝尊风月史 | B118: 128 | C118: 148 | D118: 146 | E118: 146 | F118: 151 | G118: 156 | H118: 141 | I118: 141 | J118: 153 | K118: 135 | L118: 133 | M118: 146 | N118: 132 | O118: 117 | P118: 114 | S118: 173 | T118: 137 | U118: 138 | V118: 138 | W118: 166 | X118: 145 | Y118: 134 | Z118: 150 | AA118: 167 | AB118: 150 | AC118: 134 | AD118: 135 | AE118: 146 | AF118: 150 | AG118: 130 | AH118: 140 | AI118: 177 | AJ118: 196 | AK118: 193 | AM118: 193 | AN118: 175 | AO118: 182 | AP118: 152 | AQ118: 149 | AR118: 148 | AS118: 127 | AT118: 117
A119: 璀璨都市物语 | B119: 138 | C119: 135 | D119: 135 | E119: 128 | F119: 132 | G119: 128 | H119: 130 | I119: 118 | J119: 128 | K119: 119 | L119: 118 | M119: 114 | N119: 118 | O119: 157 | P119: 190 | Q119: 184 | R119: 197 | T119: 176 | U119: 162 | V119: 163 | W119: 158 | X119: 138 | Y119: 136 | Z119: 140 | AA119: 143 | AB119: 155 | AC119: 146 | AD119: 137 | AE119: 127 | AF119: 126 | AG119: 122 | AH119: 118 | AI119: 111 | AJ119: 122 | AK119: 117 | AL119: 121 | AM119: 121 | AN119: 133 | AO119: 111 | AP119: 105 | AQ119: 110 | AR119: 123 | AS119: 122 | AT119: 118
A120: 王府宅院多绝色 | B120: 103 | C120: 113 | D120: 120 | E120: 119 | F120: 129 | G120: 142 | H120: 145 | J120: 198 | L120: 193 | M120: 159 | N120: 126 | O120: 132 | P120: 121 | Q120: 102 | R120: 98 | S120: 111 | T120: 108 | U120: 133 | V120: 185 | W120: 175 | X120: 121 | Y120: 124 | Z120: 131 | AA120: 139 | AB120: 139 | AC120: 126 | AD120: 124 | AE120: 134 | AF120: 122 | AG120: 119 | AH120: 103 | AI120: 104 | AJ120: 101 | AK120: 96 | AL120: 98 | AM120: 98 | AN120: 97 | AO120: 109 | AP120: 109 | AQ120: 108 | AR120: 108 | AS120: 110 | AT120: 119
A121: 兄长大人请赐教 | B121: 90 | C121: 91 | D121: 92 | E121: 105 | F121: 97 | G121: 117 | H121: 121 | I121: 129 | J121: 132 | K121: 130 | L121: 113 | M121: 107 | N121: 112 | O121: 112 | P121: 90 | Q121: 79 | R121: 84 | S121: 84 | T121: 84 | U121: 104 | V121: 134 | W121: 157 | X121: 168 | Y121: 190 | AB121: 187 | AC121: 181 | AD121: 154 | AE121: 137 | AF121: 124 | AG121: 123 | AH121: 144 | AI121: 147 | AJ121: 131 | AK121: 140 | AL121: 120 | AM121: 127 | AN121: 139 | AO121: 126 | AP121: 129 | AQ121: 128 | AR121: 128 | AS121: 131 | AT121: 120
A122: 黑月光师尊拿命洗白 | B122: 105 | C122: 85 | D122: 82 | E122: 81 | F122: 81 | G122: 79 | H122: 81 | I122: 82 | J122: 70 | K122: 95 | L122: 87 | M122: 75 | N122: 114 | O122: 110 | P122: 98 | Q122: 100 | R122: 127 | S122: 175 | T122: 73 | U122: 64 | V122: 66 | W122: 52 | X122: 51 | Y122: 39 | Z122: 54 | AA122: 59 | AB122: 74 | AC122: 86 | AD122: 101 | AE122: 117 | AF122: 119 | AG122: 117 | AH122: 121 | AI122: 110 | AJ122: 106 | AK122: 92 | AL122: 88 | AM122: 81 | AN122: 83 | AO122: 97 | AP122: 107 | AQ122: 104 | AR122: 129 | AS122: 116 | AT122: 121
A123: 夏日相悖论 | B123: 86 | C123: 103 | D123: 101 | E123: 99 | F123: 108 | G123: 98 | H123: 92 | I123: 96 | J123: 87 | K123: 86 | L123: 99 | M123: 69 | N123: 91 | O123: 111 | P123: 119 | Q123: 132 | R123: 118 | S123: 143 | T123: 119 | U123: 126 | V123: 125 | W123: 115 | X123: 106 | Y123: 118 | Z123: 133 | AA123: 148 | AB123: 159 | AC123: 148 | AD123: 161 | AE123: 145 | AF123: 155 | AG123: 147 | AH123: 159 | AI123: 162 | AJ123: 135 | AK123: 139 | AL123: 158 | AM123: 137 | AN123: 130 | AO123: 129 | AP123: 142 | AQ123: 135 | AR123: 137 | AS123: 123 | AT123: 122
A124: 恶名远扬 | B124: 94 | C124: 96 | D124: 100 | E124: 101 | F124: 99 | G124: 96 | H124: 94 | I124: 62 | J124: 45 | K124: 45 | L124: 39 | M124: 30 | N124: 68 | O124: 84 | P124: 106 | Q124: 116 | R124: 144 | U124: 194 | V124: 157 | W124: 155 | X124: 184 | Z124: 183 | AA124: 192 | AB124: 174 | AC124: 161 | AE124: 152 | AF124: 148 | AG124: 152 | AH124: 166 | AI124: 133 | AJ124: 139 | AK124: 149 | AM124: 191 | AN124: 178 | AO124: 144 | AP124: 162 | AQ124: 166 | AR124: 140 | AS124: 129 | AT124: 123
A125: 山月随人归 | B125: 143 | C125: 129 | D125: 137 | E125: 150 | F125: 147 | G125: 143 | H125: 136 | I125: 114 | J125: 107 | K125: 103 | L125: 86 | M125: 70 | N125: 84 | O125: 85 | P125: 139 | Q125: 109 | R125: 113 | S125: 165 | T125: 132 | U125: 141 | V125: 196 | W125: 165 | X125: 98 | Y125: 88 | Z125: 69 | AA125: 76 | AB125: 84 | AC125: 88 | AD125: 88 | AE125: 109 | AF125: 133 | AG125: 148 | AH125: 161 | AI125: 153 | AJ125: 120 | AK125: 113 | AL125: 118 | AM125: 111 | AN125: 121 | AO125: 96 | AP125: 100 | AQ125: 122 | AR125: 130 | AS125: 133 | AT125: 124
A126: 古代渣女模拟器 | B126: 160 | C126: 153 | D126: 156 | E126: 161 | F126: 159 | G126: 157 | H126: 159 | I126: 167 | J126: 199 | L126: 159 | M126: 186 | N126: 151 | O126: 107 | P126: 96 | Q126: 92 | R126: 97 | S126: 101 | T126: 106 | U126: 112 | V126: 119 | W126: 152 | X126: 126 | Y126: 113 | Z126: 120 | AA126: 122 | AB126: 136 | AC126: 135 | AD126: 150 | AE126: 170 | AF126: 178 | AG126: 156 | AH126: 155 | AI126: 149 | AJ126: 163 | AK126: 160 | AL126: 153 | AM126: 174 | AN126: 163 | AO126: 137 | AP126: 136 | AQ126: 132 | AR126: 141 | AS126: 137 | AT126: 125
A127: 反派师妹自救攻略 | B127: 152 | C127: 158 | D127: 160 | E127: 159 | F127: 162 | G127: 165 | H127: 162 | I127: 194 | V127: 181 | W127: 163 | X127: 162 | Y127: 195 | Z127: 136 | AA127: 128 | AB127: 114 | AC127: 105 | AD127: 108 | AE127: 92 | AF127: 94 | AG127: 108 | AH127: 114 | AI127: 120 | AJ127: 107 | AK127: 105 | AL127: 105 | AM127: 101 | AN127: 90 | AO127: 100 | AP127: 112 | AQ127: 120 | AR127: 131 | AS127: 126 | AT127: 126
A128: 清宫梦几重 | B128: 122 | C128: 124 | D128: 126 | E128: 134 | F128: 123 | G128: 120 | H128: 113 | I128: 117 | J128: 112 | K128: 127 | L128: 98 | M128: 87 | N128: 97 | O128: 120 | P128: 108 | Q128: 114 | R128: 83 | S128: 82 | T128: 142 | U128: 142 | V128: 123 | W128: 117 | X128: 125 | Y128: 127 | Z128: 127 | AA128: 112 | AB128: 115 | AC128: 111 | AD128: 113 | AE128: 114 | AF128: 102 | AG128: 109 | AH128: 116 | AI128: 107 | AJ128: 126 | AK128: 125 | AL128: 127 | AM128: 122 | AN128: 117 | AO128: 118 | AP128: 119 | AQ128: 118 | AR128: 119 | AS128: 120 | AT128: 127
A129: 留学录像带 | B129: 130 | C129: 151 | D129: 150 | E129: 157 | F129: 149 | G129: 148 | H129: 134 | I129: 135 | J129: 126 | K129: 123 | L129: 111 | M129: 109 | N129: 92 | O129: 106 | P129: 124 | Q129: 111 | R129: 169 | S129: 99 | T129: 109 | U129: 88 | V129: 68 | W129: 56 | X129: 50 | Y129: 35 | Z129: 38 | AA129: 36 | AB129: 34 | AC129: 41 | AD129: 46 | AE129: 68 | AF129: 77 | AG129: 97 | AH129: 99 | AI129: 105 | AJ129: 105 | AK129: 98 | AL129: 113 | AM129: 97 | AN129: 105 | AO129: 98 | AP129: 94 | AQ129: 119 | AR129: 116 | AS129: 111 | AT129: 128
A130: 美女进化论 | B130: 115 | C130: 105 | D130: 108 | E130: 109 | F130: 109 | G130: 106 | H130: 106 | I130: 165 | J130: 168 | K130: 93 | L130: 76 | M130: 127 | N130: 140 | O130: 128 | P130: 125 | Q130: 115 | R130: 93 | S130: 75 | T130: 63 | U130: 66 | V130: 65 | W130: 66 | X130: 65 | Y130: 74 | Z130: 99 | AA130: 111 | AB130: 123 | AC130: 119 | AD130: 122 | AE130: 128 | AF130: 129 | AG130: 133 | AH130: 135 | AI130: 94 | AJ130: 100 | AK130: 72 | AL130: 81 | AM130: 124 | AN130: 119 | AO130: 85 | AP130: 120 | AQ130: 140 | AR130: 151 | AS130: 153 | AT130: 129
A131: 田园深处【完结】 | I131: 139 | J131: 185 | K131: 156 | V131: 191 | W131: 184 | AA131: 184 | AB131: 190 | AF131: 169 | AG131: 176 | AH131: 176 | AI131: 164 | AJ131: 184 | AL131: 192 | AP131: 130 | AQ131: 123 | AR131: 109 | AS131: 114 | AT131: 130
A132: 帝王之尊 | V132: 194 | AE132: 176 | AF132: 151 | AG132: 135 | AH132: 133 | AI132: 121 | AJ132: 129 | AK132: 133 | AL132: 155 | AM132: 178 | AN132: 199 | AO132: 150 | AP132: 141 | AQ132: 139 | AR132: 135 | AS132: 144 | AT132: 131
...

Sheet 人气变化
A1: 作品名 | B1: 2026-10-21 00:30 | C1: 2026-10-21 01:00 | D1: 2026-10-21 01:30 | E1: 2026-10-21 02:00 | F1: 2026-10-21 02:30 | G1: 2026-10-21 03:15 | H1: 2026-10-21 03:45 | I1: 2026-10-21 04:15 | J1: 2026-10-21 04:45 | K1: 2026-10-21 05:15 | L1: 2026-10-21 05:45 | M1: 2026-10-21 06:15 | N1: 2026-10-21 06:45 | O1: 2026-10-21 07:15 | P1: 2026-10-21 07:30 | Q1: 2026-10-21 08:00 | R1: 2026-10-21 08:15 | S1: 2026-10-21 09:00 | T1: 2026-10-21 09:30 | U1: 2026-10-21 10:00 | V1: 2026-10-21 10:30 | W1: 2026-10-21 11:00 | X1: 2026-10-21 11:30 | Y1: 2026-10-21 12:00 | Z1: 2026-10-21 12:30 | AA1: 2026-10-21 13:00 | AB1: 2026-10-21 13:30 | AC1: 2026-10-21 14:00 | AD1: 2026-10-21 14:30 | AE1: 2026-10-21 15:30 | AF1: 2026-10-21 16:00 | AG1: 2026-10-21 16:45 | AH1: 2026-10-21 17:15 | AI1: 2026-10-21 17:45 | AJ1: 2026-10-21 18:30 | AK1: 2026-10-21 19:00 | AL1: 2026-10-21 19:30 | AM1: 2026-10-21 20:00 | AN1: 2026-10-21 20:30 | AO1: 2026-10-21 21:15 | AP1: 2026-10-21 22:00 | AQ1: 2026-10-21 22:30 | AR1: 2026-10-21 23:00 | AS1: 2026-10-21 23:30 | AT1: 2026-10-22 00:00
A2: 师途 | B2: 159259914 | C2: 159259914 | D2: 159264438 | E2: 159264438 | F2: 159264438 | G2: 159264438 | H2: 159266166 | I2: 159266166 | J2: 159266593 | K2: 159266593 | L2: 159266593 | M2: 159266593 | N2: 159267116 | O2: 159267116 | P2: 159267508 | Q2: 159267508 | R2: 159267508 | S2: 159267508 | T2: 159268666 | U2: 159268666 | V2: 159269518 | W2: 159269518 | X2: 159269518 | Y2: 159269518 | Z2: 159271469 | AA2: 159271469 | AB2: 159272807 | AC2: 159272807 | AD2: 159274209 | AE2: 159274209 | AF2: 159274209 | AG2: 159276713 | AH2: 159277941 | AI2: 159277941 | AJ2: 159279176 | AK2: 159279176 | AL2: 159280549 | AM2: 159280549 | AN2: 159282122 | AO2: 159283918 | AP2: 159283918 | AQ2: 159285984 | AR2: 159285984 | AS2: 159285984 | AT2: 159285984
A3: 临帝阙 | B3: 141478309 | C3: 141478309 | D3: 141485274 | E3: 141485274 | F3: 141485274 | G3: 141485274 | H3: 141487882 | I3: 141487882 | J3: 141488513 | K3: 141488513 | L3: 141488513 | M3: 141488513 | N3: 141489286 | O3: 141489286 | P3: 141489770 | Q3: 141489770 | R3: 141489770 | S3: 141489770 | T3: 141491110 | U3: 141491110 | V3: 141492408 | W3: 141492408 | X3: 141492408 | Y3: 141492408 | Z3: 141495365 | AA3: 141495365 | AB3: 141497564 | AC3: 141497564 | AD3: 141500008 | AE3: 141500008 | AF3: 141500008 | AG3: 141504440 | AH3: 141504440 | AI3: 141504440 | AJ3: 141504440 | AK3: 141508845 | AL3: 141508845 | AM3: 141511058 | AN3: 141511058 | AO3: 141513778 | AP3: 141516835 | AQ3: 141520384 | AR3: 141520384 | AS3: 141520384 | AT3: 141520384
A4: 仙路漫漫 | B4: 93146529 | C4: 93146529 | D4: 93148357 | E4: 93148357 | F4: 93148357 | G4: 93148357 | H4: 93149003 | I4: 93149003 | J4: 93149133 | K4: 93149133 | L4: 93149133 | M4: 93149133 | N4: 93149384 | O4: 93149384 | P4: 93149654 | Q4: 93149654 | R4: 93149654 | S4: 93149654 | T4: 93150096 | U4: 93150096 | V4: 93150445 | W4: 93150445 | X4: 93150445 | Y4: 93150445 | Z4: 93151195 | AA4: 93151195 | AB4: 93151684 | AC4: 93151684 | AD4: 93152150 | AE4: 93152150 | AF4: 93152150 | AG4: 93153080 | AH4: 93153577 | AI4: 93153577 | AJ4: 93154029 | AK4: 93154029 | AL4: 93154555 | AM4: 93154555 | AN4: 93155127 | AO4: 93155794 | AP4: 93155794 | AQ4: 93156528 | AR4: 93156528 | AS4: 93156528 | AT4: 93156528
A5: 宫斗这件小事新版 | B5: 83879240 | C5: 83879240 | D5: 83879765 | E5: 83879765 | F5: 83879765 | G5: 83879765 | H5: 83879971 | I5: 83879971 | J5: 83880017 | K5: 83880017 | L5: 83880017 | M5: 83880017 | N5: 83880116 | O5: 83880116 | P5: 83880163 | Q5: 83880163 | R5: 83880163 | S5: 83880163 | T5: 83880266 | U5: 83880266 | V5: 83880350 | W5: 83880350 | X5: 83880350 | Y5: 83880350 | Z5: 83880557 | AA5: 83880557 | AB5: 83880728 | AC5: 83880728 | AD5: 83880888 | AE5: 83880888 | AF5: 83880888 | AG5: 83881321 | AH5: 83881483 | AI5: 83881483 | AJ5: 83881652 | AK5: 83881652 | AL5: 83881857 | AM5: 83881857 | AN5: 83882038 | AO5: 83882274 | AP5: 83882274 | AQ5: 83882545 | AR5: 83882545 | AS5: 83882545 | AT5: 83882545
A6: 怪我过分美丽 | B6: 62796856 | C6: 62796856 | D6: 62800552 | E6: 62800552 | F6: 62800552 | G6: 62800552 | H6: 62801765 | I6: 62801765 | J6: 62802059 | K6: 62802059 | L6: 62802059 | M6: 62802059 | N6: 62802429 | O6: 62802429 | P6: 62802739 | Q6: 62802739 | R6: 62802739 | S6: 62802739 | T6: 62803655 | U6: 62803655 | V6: 62804414 | W6: 62804414 | X6: 62804414 | Y6: 62804414 | Z6: 62806128 | AA6: 62806128 | AB6: 62807199 | AC6: 62807199 | AD6: 62808338 | AE6: 62808338 | AF6: 62808338 | AG6: 62810555 | AH6: 62810555 | AI6: 62810555 | AJ6: 62812599 | AK6: 62812599 | AL6: 62813636 | AM6: 62813636 | AN6: 62814853 | AO6: 62814853 | AP6: 62816168 | AQ6: 62817657 | AR6: 62817657 | AS6: 62817657 | AT6: 62817657
A7: 幼主本纪 | B7: 47002305 | C7: 47002305 | D7: 47002563 | E7: 47002563 | F7: 47002563 | G7: 47002563 | H7: 47002659 | I7: 47002659 | J7: 47002697 | K7: 47002697 | L7: 47002697 | M7: 47002697 | N7: 47002721 | O7: 47002721 | X7: 47002855 | Y7: 47002855 | Z7: 47002951 | AA7: 47002951 | AB7: 47003029 | AC7: 47003029 | AD7: 47003098 | AE7: 47003098 | AF7: 47003098 | AG7: 47003244 | AH7: 47003244 | AI7: 47003244 | AJ7: 47003372 | AK7: 47003372 | AL7: 47003456 | AM7: 47003456 | AN7: 47003549 | AO7: 47003549 | AP7: 47003655 | AQ7: 47003778 | AR7: 47003778 | AS7: 47003778 | AT7: 47003778
A8: 神也梦春秋 | B8: 42241956 | C8: 42241956 | D8: 42241956 | E8: 42244910 | F8: 42244910 | G8: 42244910 | H8: 42245961 | I8: 42245961 | J8: 42246222 | K8: 42246222 | L8: 42246222 | M8: 42246222 | N8: 42246479 | O8: 42246479 | P8: 42246479 | Q8: 42246713 | R8: 42246713 | S8: 42246713 | T8: 42246713 | U8: 42247388 | V8: 42247388 | W8: 42247884 | X8: 42247884 | Y8: 42247884 | Z8: 42247884 | AA8: 42247884 | AB8: 42247884 | AC8: 42249653 | AD8: 42249653 | AE8: 42250310 | AF8: 42250310 | AG8: 42251409 | AH8: 42251409 | AI8: 42251409 | AJ8: 42251409 | AK8: 42252599 | AL8: 42252599 | AM8: 42253335 | AN8: 42253335 | AO8: 42254022 | AP8: 42254862 | AQ8: 42254862 | AR8: 42255882 | AS8: 42255882 | AT8: 42255882
A9: 宫妃 | B9: 38359612 | C9: 38359612 | D9: 38360778 | E9: 38360778 | F9: 38360778 | G9: 38360778 | H9: 38361222 | I9: 38361222 | J9: 38361336 | K9: 38361336 | L9: 38361336 | M9: 38361336 | N9: 38361499 | O9: 38361499 | P9: 38361570 | Q9: 38361570 | R9: 38361570 | S9: 38361570 | T9: 38361769 | U9: 38361769 | V9: 38361977 | W9: 38361977 | X9: 38361977 | Y9: 38361977 | Z9: 38362549 | AA9: 38362549 | AB9: 38362957 | AC9: 38362957 | AD9: 38363298 | AE9: 38363298 | AF9: 38363298 | AG9: 38364078 | AH9: 38364456 | AI9: 38364456 | AJ9: 38364809 | AK9: 38364809 | AL9: 38365148 | AM9: 38365148 | AN9: 38365540 | AO9: 38366026 | AP9: 38366026 | AQ9: 38366496 | AR9: 38366496 | AS9: 38366496 | AT9: 38366496
A10: 江山千秋万代 | B10: 37557038 | C10: 37557038 | D10: 37557038 | E10: 37564202 | F10: 37564202 | G10: 37564202 | H10: 37567169 | I10: 37567169 | J10: 37567852 | K10: 37567852 | L10: 37567852 | M10: 37567852 | N10: 37568637 | O10: 37568637 | P10: 37568637 | Q10: 37569226 | R10: 37569226 | S10: 37569226 | T10: 37569226 | U10: 37571503 | V10: 37571503 | W10: 37573422 | X10: 37573422 | Y10: 37573422 | Z10: 37573422 | AA10: 37573422 | AB10: 37573422 | AC10: 37580736 | AD10: 37580736 | AE10: 37583598 | AF10: 37583598 | AG10: 37588705 | AH10: 37588705 | AI10: 37588705 | AJ10: 37588705 | AK10: 37593213 | AL10: 37593213 | AM10: 37595625 | AN10: 37595625 | AO10: 37598367 | AP10: 37601513 | AQ10: 37601513 | AR10: 37605180 | AS10: 37605180 | AT10: 37605180
A11: 皇后是只狐狸精 | B11: 35222168 | C11: 35222168 | D11: 35222575 | E11: 35222575 | F11: 35222575 | G11: 35222575 | H11: 35222747 | I11: 35222747 | J11: 35222785 | K11: 35222785 | L11: 35222785 | M11: 35222785 | N11: 35222851 | O11: 35222851 | P11: 35222882 | Q11: 35222882 | R11: 35222882 | S11: 35222882 | T11: 35222966 | U11: 35222966 | V11: 35223047 | W11: 35223047 | X11: 35223047 | Y11: 35223047 | Z11: 35223193 | AA11: 35223193 | AB11: 35223324 | AC11: 35223324 | AD11: 35223465 | AE11: 35223465 | AF11: 35223465 | AG11: 35223730 | AH11: 35223730 | AI11: 35223730 | AJ11: 35223943 | AK11: 35223943 | AL11: 35224144 | AM11: 35224144 | AN11: 35224338 | AO11: 35224338 | AP11: 35224564 | AQ11: 35224828 | AR11: 35224828 | AS11: 35224828 | AT11: 35224828
A12: 后宫乱芳时 | B12: 34255882 | C12: 34255882 | D12: 34256296 | E12: 34256296 | F12: 34256296 | G12: 34256296 | H12: 34256448 | I12: 34256448 | J12: 34256485 | K12: 34256485 | L12: 34256485 | M12: 34256485 | N12: 34256545 | O12: 34256545 | P12: 34256575 | Q12: 34256575 | R12: 34256575 | S12: 34256575 | T12: 34256658 | U12: 34256658 | V12: 34256717 | W12: 34256717 | X12: 34256717 | Y12: 34256717 | Z12: 34256884 | AA12: 34256884 | AB12: 34256986 | AC12: 34256986 | AD12: 34257091 | AE12: 34257091 | AF12: 34257091 | AG12: 34257322 | AH12: 34257322 | AI12: 34257322 | AJ12: 34257322 | AK12: 34257570 | AL12: 34257570 | AM12: 34257697 | AN12: 34257697 | AO12: 34257829 | AP12: 34258032 | AQ12: 34258248 | AR12: 34258248 | AS12: 34258248 | AT12: 34258248
A13: 都想攻略女魔头 | B13: 33458077 | C13: 33458077 | D13: 33458870 | E13: 33458870 | F13: 33458870 | G13: 33458870 | H13: 33459140 | I13: 33459140 | J13: 33459212 | K13: 33459212 | L13: 33459212 | M13: 33459212 | N13: 33459329 | O13: 33459329 | P13: 33459403 | Q13: 33459403 | R13: 33459403 | S13: 33459403 | T13: 33459579 | U13: 33459579 | V13: 33459708 | W13: 33459708 | X13: 33459708 | Y13: 33459708 | Z13: 33459978 | AA13: 33459978 | AB13: 33460168 | AC13: 33460168 | AD13: 33460361 | AE13: 33460361 | AF13: 33460361 | AG13: 33460623 | AH13: 33460623 | AI13: 33460623 | AJ13: 33460878 | AK13: 33460878 | AL13: 33461067 | AM13: 33461067 | AN13: 33461280 | AO13: 33461280 | AP13: 33461819 | AQ13: 33462335 | AR13: 33462335 | AS13: 33462335 | AT13: 33462335
A14: 逢尊 | B14: 33249813 | C14: 33249813 | D14: 33250192 | E14: 33250192 | F14: 33250192 | G14: 33250192 | H14: 33250357 | I14: 33250357 | J14: 33250401 | K14: 33250401 | L14: 33250401 | M14: 33250401 | N14: 33250465 | O14: 33250465 | P14: 33250479 | Q14: 33250479 | R14: 33250479 | S14: 33250479 | T14: 33250542 | W14: 33250604 | X14: 33250604 | Y14: 33250604 | Z14: 33250729 | AA14: 33250729 | AB14: 33250827 | AC14: 33250827 | AD14: 33250935 | AE14: 33250935 | AF14: 33250935 | AG14: 33251167 | AH14: 33251167 | AI14: 33251167 | AJ14: 33251400 | AK14: 33251400 | AL14: 33251539 | AM14: 33251539 | AN14: 33251699 | AO14: 33251699 | AP14: 33251854 | AQ14: 33252003 | AR14: 33252003 | AS14: 33252003 | AT14: 33252003
A15: 古代人生模拟器 | B15: 30117068 | C15: 30117068 | D15: 30117341 | E15: 30117341 | F15: 30117341 | G15: 30117341 | H15: 30117474 | I15: 30117474 | J15: 30117513 | K15: 30117513 | L15: 30117513 | M15: 30117513 | N15: 30117543 | O15: 30117543 | P15: 30117567 | Q15: 30117567 | R15: 30117567 | S15: 30117567 | T15: 30117602 | U15: 30117602 | V15: 30117655 | W15: 30117655 | X15: 30117655 | Y15: 30117655 | Z15: 30117758 | AA15: 30117758 | AB15: 30117853 | AC15: 30117853 | AD15: 30117932 | AE15: 30117932 | AF15: 30117932 | AG15: 30118101 | AH15: 30118101 | AI15: 30118101 | AJ15: 30118264 | AK15: 30118264 | AL15: 30118349 | AM15: 30118349 | AN15: 30118458 | AO15: 30118458 | AP15: 30118575 | AQ15: 30118666 | AR15: 30118666 | AS15: 30118666 | AT15: 30118666
A16: 捉鬼师后日谈 | B16: 30015426 | C16: 30015426 | D16: 30015426 | E16: 30018610 | F16: 30018610 | G16: 30018610 | H16: 30019565 | I16: 30019565 | J16: 30019749 | K16: 30019749 | L16: 30019749 | M16: 30019749 | N16: 30019749 | O16: 30020073 | P16: 30020073 | Q16: 30020558 | R16: 30020558 | S16: 30020558 | T16: 30020558 | U16: 30021294 | V16: 30021294 | W16: 30021713 | X16: 30021713 | Y16: 30021713 | Z16: 30021713 | AA16: 30021713 | AB16: 30021713 | AC16: 30023494 | AD16: 30023494 | AE16: 30024306 | AF16: 30024306 | AG16: 30024306 | AH16: 30025444 | AI16: 30025444 | AJ16: 30025444 | AK16: 30026822 | AL16: 30026822 | AM16: 30027664 | AN16: 30027664 | AO16: 30028720 | AP16: 30029903 | AQ16: 30029903 | AR16: 30031304 | AS16: 30031304 | AT16: 30031304
A17: 并不是一般穿游 | B17: 28591907 | C17: 28591907 | D17: 28591907 | E17: 28593703 | F17: 28593703 | G17: 28593703 | H17: 28593703 | I17: 28594331 | J17: 28594331 | K17: 28594469 | L17: 28594469 | M17: 28594469 | N17: 28594469 | O17: 28594645 | P17: 28594645 | Q17: 28594777 | R17: 28594777 | S17: 28594777 | T17: 28594777 | U17: 28595150 | V17: 28595150 | W17: 28595406 | X17: 28595406 | Y17: 28595406 | Z17: 28595406 | AA17: 28595406 | AB17: 28595406 | AC17: 28596385 | AD17: 28596385 | AE17: 28596809 | AF17: 28596809 | AG17: 28596809 | AH17: 28597513 | AI17: 28597513 | AJ17: 28597513 | AK17: 28598265 | AL17: 28598265 | AM17: 28598690 | AN17: 28598690 | AO17: 28599175 | AP17: 28599706 | AQ17: 28599706 | AR17: 28600307 | AS17: 28600307 | AT17: 28600307
A18: 宫妃风华录 | B18: 25386305 | C18: 25386305 | D18: 25386748 | E18: 25386748 | F18: 25386748 | G18: 25386748 | H18: 25386930 | I18: 25386930 | J18: 25386990 | K18: 25386990 | L18: 25386990 | M18: 25386990 | N18: 25387063 | O18: 25387063 | P18: 25387094 | Q18: 25387094 | R18: 25387094 | S18: 25387094 | T18: 25387198 | U18: 25387198 | V18: 25387264 | W18: 25387264 | X18: 25387264 | Y18: 25387264 | Z18: 25387447 | AA18: 25387447 | AB18: 25387570 | AC18: 25387570 | AD18: 25387709 | AE18: 25387709 | AF18: 25387709 | AG18: 25388141 | AH18: 25388632 | AI18: 25388632 | AJ18: 25388969 | AK18: 25388969 | AL18: 25389340 | AM18: 25389340 | AN18: 25389739 | AO18: 25389739 | AP18: 25390141 | AQ18: 25390567 | AR18: 25390567 | AS18: 25390567 | AT18: 25390567
A19: 恐游病娇boss爱的追逐战 | B19: 23155256 | C19: 23155256 | D19: 23155256 | E19: 23155934 | F19: 23155934 | G19: 23155934 | H19: 23155934 | I19: 23156223 | J19: 23156223 | K19: 23156298 | L19: 23156298 | M19: 23156298 | N19: 23156298 | O19: 23156393 | P19: 23156393 | Q19: 23156435 | R19: 23156435 | S19: 23156435 | T19: 23156435 | U19: 23156581 | V19: 23156581 | W19: 23156701 | X19: 23156701 | Y19: 23156701 | Z19: 23156701 | AA19: 23156701 | AB19: 23156701 | AC19: 23157057 | AD19: 23157057 | AE19: 23157229 | AF19: 23157229 | AG19: 23157229 | AH19: 23157516 | AI19: 23157516 | AJ19: 23157516 | AK19: 23157808 | AL19: 23157808 | AM19: 23157969 | AN19: 23157969 | AO19: 23158180 | AP19: 23158426 | AQ19: 23158426 | AR19: 23158719 | AS19: 23158719 | AT19: 23158719
A20: 玩转娱圈 | B20: 22500374 | C20: 22500374 | D20: 22500374 | E20: 22500799 | F20: 22500799 | G20: 22500799 | H20: 22500955 | I20: 22500955 | J20: 22500987 | K20: 22500987 | L20: 22500987 | M20: 22500987 | N20: 22501039 | O20: 22501039 | P20: 22501039 | Q20: 22501062 | R20: 22501062 | S20: 22501062 | T20: 22501062 | U20: 22501151 | V20: 22501151 | W20: 22501224 | X20: 22501224 | Y20: 22501224 | Z20: 22501224 | AA20: 22501224 | AB20: 22501224 | AC20: 22501527 | AD20: 22501527 | AE20: 22501647 | AF20: 22501647 | AG20: 22501889 | AH20: 22501889 | AI20: 22501889 | AJ20: 22501889 | AK20: 22502139 | AL20: 22502139 | AM20: 22502259 | AN20: 22502259 | AO20: 22502389 | AP20: 22502527 | AQ20: 22502527 | AR20: 22502691 | AS20: 22502691 | AT20: 22502691
A21: 渣皇本色 | B21: 18076705 | C21: 18076705 | D21: 18077011 | E21: 18077011 | F21: 18077011 | G21: 18077011 | H21: 18077192 | I21: 18077192 | J21: 18077244 | K21: 18077244 | L21: 18077244 | M21: 18077244 | N21: 18077267 | O21: 18077267 | P21: 18077289 | Q21: 18077289 | R21: 18077289 | S21: 18077289 | T21: 18077341 | U21: 18077341 | V21: 18077384 | W21: 18077384 | X21: 18077384 | Y21: 18077384 | Z21: 18077492 | AA21: 18077492 | AB21: 18077597 | AC21: 18077597 | AD21: 18077699 | AE21: 18077699 | AF21: 18077699 | AG21: 18077918 | AH21: 18077918 | AI21: 18077918 | AJ21: 18078097 | AK21: 18078097 | AL21: 18078097 | AM21: 18078193 | AN21: 18078316 | AO21: 18078316 | AP21: 18078455 | AQ21: 18078606 | AR21: 18078606 | AS21: 18078606 | AT21: 18078606
A22: 后妃成长录 | B22: 16847044 | C22: 16847044 | D22: 16847044 | E22: 16847882 | F22: 16847882 | G22: 16847882 | H22: 16848222 | I22: 16848222 | J22: 16848317 | K22: 16848317 | L22: 16848317 | M22: 16848317 | N22: 16848444 | O22: 16848444 | P22: 16848444 | Q22: 16848494 | R22: 16848494 | S22: 16848494 | T22: 16848494 | U22: 16848648 | V22: 16848648 | W22: 16848798 | X22: 16848798 | Y22: 16848798 | Z22: 16848798 | AA22: 16848798 | AB22: 16848798 | AC22: 16849484 | AD22: 16849484 | AE22: 16849826 | AF22: 16849826 | AG22: 16850441 | AH22: 16850441 | AI22: 16850441 | AJ22: 16850441 | AK22: 16850988 | AL22: 16850988 | AM22: 16851251 | AN22: 16851251 | AO22: 16851577 | AP22: 16851997 | AQ22: 16851997 | AR22: 16852465 | AS22: 16852465 | AT22: 16852465
A23: 渡前缘 | B23: 16666657 | C23: 16666657 | D23: 16666657 | E23: 16666657 | F23: 16667611 | G23: 16667611 | H23: 16667611 | I23: 16667948 | J23: 16667948 | K23: 16668027 | L23: 16668027 | M23: 16668027 | N23: 16668027 | O23: 16668027 | P23: 16668130 | Q23: 16668130 | R23: 16668250 | S23: 16668250 | T23: 16668250 | U23: 16668250 | V23: 16668447 | W23: 16668447 | X23: 16668610 | Y23: 16668610 | Z23: 16668610 | AA23: 16668610 | AB23: 16668610 | AC23: 16668610 | AD23: 16669137 | AE23: 16669137 | AF23: 16669329 | AG23: 16669329 | AH23: 16669683 | AI23: 16669683 | AJ23: 16669683 | AK23: 16669683 | AL23: 16670020 | AM23: 16670020 | AN23: 16670020 | AO23: 16670232 | AP23: 16670497 | AQ23: 16670802 | AR23: 16670802 | AS23: 16671131 | AT23: 16671131
A24: 娱乐圈|热搜预定 | B24: 15886161 | C24: 15886161 | D24: 15886161 | E24: 15886161 | F24: 15890186 | G24: 15890186 | H24: 15890186 | I24: 15891501 | J24: 15891501 | K24: 15891810 | L24: 15891810 | M24: 15891810 | N24: 15891810 | O24: 15892255 | P24: 15892255 | Q24: 15892255 | R24: 15892564 | S24: 15892564 | T24: 15892564 | U24: 15892564 | V24: 15893432 | W24: 15893432 | X24: 15894110 | Y24: 15894110 | Z24: 15894110 | AA24: 15894110 | AB24: 15894110 | AC24: 15894110 | AD24: 15896725 | AE24: 15897780 | AF24: 15897780 | AG24: 15897780 | AH24: 15899643 | AI24: 15899643 | AJ24: 15899643 | AK24: 15899643 | AL24: 15901445 | AM24: 15901445 | AN24: 15902390 | AO24: 15902390 | AP24: 15903523 | AQ24: 15904776 | AR24: 15904776 | AS24: 15906242 | AT24: 15906242
A25: 仙门第一纨绔 | B25: 15653054 | C25: 15653054 | D25: 15653205 | E25: 15653205 | F25: 15653205 | G25: 15653205 | H25: 15653266 | I25: 15653266 | J25: 15653287 | K25: 15653287 | L25: 15653287 | M25: 15653287 | N25: 15653308 | O25: 15653308 | P25: 15653322 | Q25: 15653322 | R25: 15653322 | S25: 15653322 | T25: 15653360 | U25: 15653360 | V25: 15653389 | W25: 15653389 | X25: 15653389 | Y25: 15653389 | Z25: 15653438 | AA25: 15653438 | AB25: 15653491 | AC25: 15653491 | AD25: 15653536 | AH25: 15653653 | AI25: 15653653 | AS25: 15653891 | AT25: 15653891
A26: 古代女子生存实录 | B26: 15632844 | C26: 15632844 | D26: 15632844 | E26: 15633539 | F26: 15633539 | G26: 15633539 | H26: 15633752 | I26: 15633752 | J26: 15633806 | K26: 15633806 | L26: 15633806 | M26: 15633806 | N26: 15633806 | O26: 15633877 | P26: 15633877 | Q26: 15633920 | R26: 15633920 | S26: 15633920 | T26: 15633920 | U26: 15634048 | V26: 15634048 | W26: 15634146 | X26: 15634146 | Y26: 15634146 | Z26: 15634146 | AA26: 15634146 | AB26: 15634146 | AC26: 15634561 | AD26: 15634561 | AE26: 15634765 | AF26: 15634765 | AG26: 15634765 | AH26: 15635135 | AI26: 15635135 | AJ26: 15635135 | AK26: 15635438 | AL26: 15635438 | AM26: 15635606 | AN26: 15635606 | AO26: 15635859 | AP26: 15636283 | AQ26: 15636283 | AR26: 15636735 | AS26: 15636735 | AT26: 15636735
A27: 千秋百代：帝王一小时 | B27: 15629264 | C27: 15629264 | D27: 15629264 | E27: 15629711 | F27: 15629711 | G27: 15629711 | H27: 15629905 | I27: 15629905 | J27: 15629948 | K27: 15629948 | L27: 15629948 | M27: 15629948 | N27: 15630003 | O27: 15630003 | P27: 15630003 | Q27: 15630035 | R27: 15630035 | S27: 15630035 | T27: 15630035 | U27: 15630116 | V27: 15630116 | W27: 15630185 | X27: 15630185 | Y27: 15630185 | Z27: 15630185 | AA27: 15630185 | AB27: 15630185 | AC27: 15630431 | AD27: 15630431 | AE27: 15630576 | AF27: 15630576 | AG27: 15630864 | AH27: 15630864 | AI27: 15630864 | AJ27: 15630864 | AK27: 15631112 | AL27: 15631112 | AM27: 15631264 | AN27: 15631264 | AO27: 15631393 | AP27: 15631573 | AQ27: 15631573 | AR27: 15631769 | AS27: 15631769 | AT27: 15631769
A28: 勿扰修仙中 | B28: 15331768 | C28: 15331768 | D28: 15331768 | E28: 15335140 | F28: 15335140 | G28: 15335140 | H28: 15336254 | I28: 15336254 | J28: 15336535 | K28: 15336535 | L28: 15336535 | M28: 15336535 | N28: 15336852 | O28: 15336852 | P28: 15336852 | Q28: 15337125 | R28: 15337125 | S28: 15337125 | T28: 15337125 | U28: 15337910 | V28: 15337910 | W28: 15338522 | X28: 15338522 | Y28: 15338522 | Z28: 15338522 | AA28: 15338522 | AB28: 15338522 | AC28: 15340816 | AD28: 15340816 | AE28: 15341788 | AF28: 15341788 | AG28: 15343335 | AH28: 15343335 | AI28: 15343335 | AJ28: 15343335 | AK28: 15344936 | AL28: 15344936 | AM28: 15345720 | AN28: 15345720 | AO28: 15346615 | AP28: 15347646 | AQ28: 15347646 | AR28: 15348739 | AS28: 15348739 | AT28: 15348739
A29: 信息素诱惑 | B29: 14902978 | C29: 14902978 | D29: 14903124 | E29: 14903124 | F29: 14903124 | G29: 14903124 | H29: 14903182 | I29: 14903182 | J29: 14903204 | K29: 14903204 | L29: 14903204 | M29: 14903204 | N29: 14903219 | O29: 14903219 | P29: 14903225 | Q29: 14903225 | R29: 14903225 | S29: 14903225 | T29: 14903253 | U29: 14903253 | V29: 14903283 | W29: 14903283 | X29: 14903283 | Y29: 14903283 | Z29: 14903352 | AA29: 14903352 | AB29: 14903458 | AC29: 14903458 | AD29: 14903546 | AE29: 14903546 | AF29: 14903546 | AG29: 14903714 | AH29: 14903714 | AI29: 14903714 | AJ29: 14903889 | AK29: 14903889 | AL29: 14903981 | AM29: 14903981 | AN29: 14904097 | AO29: 14904097 | AP29: 14904225 | AQ29: 14904341 | AR29: 14904341 | AS29: 14904341 | AT29: 14904341
A30: 主播在线宫斗 | B30: 14803798 | C30: 14803798 | D30: 14803798 | E30: 14804042 | F30: 14804042 | G30: 14804042 | H30: 14804150 | K30: 14804169 | L30: 14804169 | M30: 14804169 | N30: 14804203 | O30: 14804203 | P30: 14804203 | Q30: 14804231 | R30: 14804231 | S30: 14804231 | T30: 14804231 | U30: 14804278 | V30: 14804278 | W30: 14804320 | X30: 14804320 | Y30: 14804320 | Z30: 14804320 | AA30: 14804320 | AB30: 14804320 | AC30: 14804472 | AD30: 14804472 | AE30: 14804522 | AF30: 14804522 | AG30: 14804640 | AH30: 14804640 | AI30: 14804640 | AJ30: 14804640 | AK30: 14804772 | AL30: 14804772 | AM30: 14804844 | AN30: 14804844 | AO30: 14804927 | AP30: 14804982 | AQ30: 14804982 | AR30: 14805103 | AS30: 14805103 | AT30: 14805103
A31: 聚光灯后 | B31: 14186013 | C31: 14186013 | D31: 14186013 | E31: 14186541 | F31: 14186541 | G31: 14186541 | H31: 14186749 | I31: 14186749 | J31: 14186749 | K31: 14186808 | L31: 14186808 | M31: 14186808 | N31: 14186808 | O31: 14186848 | P31: 14186848 | Q31: 14186878 | R31: 14186878 | S31: 14186878 | T31: 14186878 | U31: 14186983 | V31: 14186983 | W31: 14187076 | X31: 14187076 | Y31: 14187076 | Z31: 14187076 | AA31: 14187076 | AB31: 14187076 | AC31: 14187649 | AD31: 14187649 | AE31: 14187874 | AF31: 14187874 | AG31: 14187874 | AH31: 14188309 | AI31: 14188309 | AJ31: 14188309 | AK31: 14188744 | AL31: 14188744 | AM31: 14188993 | AN31: 14188993 | AO31: 14189247 | AP31: 14189589 | AQ31: 14189589 | AR31: 14189984 | AS31: 14189984 | AT31: 14189984
A32: 天纵 | B32: 13453519 | C32: 13453519 | D32: 13453519 | E32: 13455748 | F32: 13455748 | G32: 13455748 | H32: 13455748 | I32: 13456460 | J32: 13456460 | K32: 13456627 | L32: 13456627 | M32: 13456627 | N32: 13456627 | O32: 13456871 | P32: 13456871 | Q32: 13457059 | R32: 13457059 | S32: 13457059 | T32: 13457059 | U32: 13457538 | V32: 13457538 | W32: 13457967 | X32: 13457967 | Y32: 13457967 | Z32: 13457967 | AA32: 13457967 | AB32: 13457967 | AC32: 13459300 | AD32: 13459300 | AE32: 13459928 | AF32: 13459928 | AG32: 13459928 | AH32: 13460823 | AI32: 13460823 | AJ32: 13460823 | AK32: 13461717 | AL32: 13461717 | AM32: 13462264 | AN32: 13462264 | AO32: 13462854 | AP32: 13463550 | AQ32: 13463550 | AR32: 13464346 | AS32: 13464346 | AT32: 13464346
A33: 王府宅院多绝色 | B33: 13288801 | C33: 13288801 | D33: 13289039 | E33: 13289039 | F33: 13289039 | G33: 13289039 | H33: 13289140 | J33: 13289160 | L33: 13289160 | M33: 13289160 | N33: 13289194 | O33: 13289194 | P33: 13289216 | Q33: 13289216 | R33: 13289216 | S33: 13289216 | T33: 13289261 | U33: 13289261 | V33: 13289315 | W33: 13289315 | X33: 13289315 | Y33: 13289315 | Z33: 13289441 | AA33: 13289441 | AB33: 13289525 | AC33: 13289525 | AD33: 13289625 | AE33: 13289625 | AF33: 13289625 | AG33: 13289830 | AH33: 13289830 | AI33: 13289830 | AJ33: 13290000 | AK33: 13290000 | AL33: 13290080 | AM33: 13290080 | AN33: 13290203 | AO33: 13290203 | AP33: 13290322 | AQ33: 13290462 | AR33: 13290462 | AS33: 13290462 | AT33: 13290462
A34: 请拒绝罪犯们的疯狂示爱 | B34: 12847397 | C34: 12847397 | D34: 12847397 | E34: 12848583 | F34: 12848583 | G34: 12848583 | H34: 12849009 | I34: 12849009 | J34: 12849110 | K34: 12849110 | L34: 12849110 | M34: 12849110 | N34: 12849110 | O34: 12849252 | P34: 12849252 | Q34: 12849406 | R34: 12849406 | S34: 12849406 | T34: 12849406 | U34: 12849670 | V34: 12849670 | W34: 12849812 | X34: 12849812 | Y34: 12849812 | Z34: 12849812 | AA34: 12849812 | AB34: 12849812 | AC34: 12850411 | AD34: 12850411 | AE34: 12850648 | AF34: 12850648 | AG34: 12850648 | AH34: 12850958 | AI34: 12850958 | AJ34: 12850958 | AK34: 12851299 | AL34: 12851299 | AM34: 12851466 | AN34: 12851466 | AO34: 12851679 | AP34: 12851954 | AQ34: 12851954 | AR34: 12852232 | AS34: 12852232 | AT34: 12852232
A35: 凭什么我是反派 | B35: 12322845 | C35: 12322845 | D35: 12322845 | E35: 12323763 | F35: 12323763 | G35: 12323763 | H35: 12324161 | I35: 12324161 | J35: 12324161 | K35: 12324238 | L35: 12324238 | M35: 12324238 | N35: 12324238 | O35: 12324349 | P35: 12324349 | Q35: 12324432 | R35: 12324432 | S35: 12324432 | T35: 12324432 | U35: 12324607 | V35: 12324607 | W35: 12324783 | X35: 12324783 | Y35: 12324783 | Z35: 12324783 | AA35: 12324783 | AB35: 12324783 | AC35: 12325345 | AD35: 12325345 | AE35: 12325583 | AF35: 12325583 | AG35: 12325583 | AH35: 12325961 | AI35: 12325961 | AJ35: 12325961 | AK35: 12326408 | AL35: 12326408 | AM35: 12326658 | AN35: 12326658 | AO35: 12326942 | AP35: 12327244 | AQ35: 12327244 | AR35: 12327576 | AS35: 12327576 | AT35: 12327576
A36: 中宫辞 | B36: 12094426 | C36: 12094426 | D36: 12094426 | E36: 12094426 | F36: 12094765 | G36: 12094765 | H36: 12094765 | L36: 12094924 | M36: 12094924 | N36: 12094924 | O36: 12094924 | P36: 12094980 | U36: 12095003 | V36: 12095066 | W36: 12095066 | X36: 12095109 | Y36: 12095109 | Z36: 12095109 | AA36: 12095109 | AB36: 12095109 | AC36: 12095109 | AD36: 12095313 | AE36: 12095313 | AF36: 12095421 | AK36: 12095561 | AL36: 12095706 | AM36: 12095706 | AN36: 12095706 | AO36: 12095775 | AP36: 12095897 | AQ36: 12095975 | AR36: 12095975 | AS36: 12096092 | AT36: 12096092
A37: 黑月光师尊拿命洗白 | B37: 11772856 | C37: 11772856 | D37: 11772856 | E37: 11773584 | F37: 11773584 | G37: 11773584 | H37: 11773840 | I37: 11773840 | J37: 11773911 | K37: 11773911 | L37: 11773911 | M37: 11773911 | N37: 11773976 | O37: 11773976 | P37: 11773976 | Q37: 11774043 | R37: 11774043 | S37: 11774043 | T37: 11774043 | U37: 11774158 | V37: 11774158 | W37: 11774264 | X37: 11774264 | Y37: 11774264 | Z37: 11774264 | AA37: 11774264 | AB37: 11774264 | AC37: 11774636 | AD37: 11774636 | AE37: 11774768 | AF37: 11774768 | AG37: 11774997 | AH37: 11774997 | AI37: 11774997 | AJ37: 11774997 | AK37: 11775219 | AL37: 11775219 | AM37: 11775350 | AN37: 11775350 | AO37: 11775516 | AP37: 11775663 | AQ37: 11775663 | AR37: 11775883 | AS37: 11775883 | AT37: 11775883
A38: 三国攻略手札 | B38: 11608894 | C38: 11608894 | D38: 11609229 | E38: 11609229 | F38: 11609229 | G38: 11609229 | H38: 11609368 | I38: 11609368 | M38: 11609420 | O38: 11609455 | P38: 11609477 | W38: 11609588 | X38: 11609588 | Y38: 11609588 | Z38: 11609700 | AA38: 11609700 | AB38: 11609768 | AC38: 11609768 | AD38: 11609832 | AE38: 11609832 | AF38: 11609832 | AG38: 11609966 | AH38: 11610036 | AI38: 11610036 | AJ38: 11610098 | AK38: 11610098 | AL38: 11610146 | AM38: 11610146 | AN38: 11610249 | AO38: 11610249 | AP38: 11610371 | AQ38: 11610510 | AR38: 11610510 | AS38: 11610510 | AT38: 11610510
A39: 世家主母日常 | B39: 11480974 | C39: 11480974 | D39: 11482183 | E39: 11482183 | F39: 11482183 | G39: 11482183 | H39: 11482631 | I39: 11482631 | J39: 11482731 | K39: 11482731 | L39: 11482731 | M39: 11482731 | N39: 11482872 | O39: 11482872 | P39: 11482953 | Q39: 11482953 | R39: 11482953 | S39: 11482953 | T39: 11483177 | U39: 11483177 | V39: 11483387 | W39: 11483387 | X39: 11483387 | Y39: 11483387 | Z39: 11483911 | AA39: 11483911 | AB39: 11484288 | AC39: 11484288 | AD39: 11484640 | AE39: 11484640 | AF39: 11484640 | AG39: 11485395 | AH39: 11485395 | AI39: 11485395 | AJ39: 11486165 | AK39: 11486165 | AL39: 11486559 | AM39: 11486559 | AN39: 11487017 | AO39: 11487017 | AP39: 11487542 | AQ39: 11488082 | AR39: 11488082 | AS39: 11488082 | AT39: 11488082
A40: 问道缥缈 | B40: 11377045 | C40: 11377045 | D40: 11377045 | E40: 11377656 | F40: 11377656 | G40: 11377656 | H40: 11377656 | I40: 11377930 | J40: 11377930 | K40: 11377983 | L40: 11377983 | M40: 11377983 | N40: 11377983 | O40: 11378078 | P40: 11378078 | Q40: 11378149 | R40: 11378149 | S40: 11378149 | T40: 11378149 | U40: 11378276 | V40: 11378276 | W40: 11378354 | X40: 11378354 | Y40: 11378354 | Z40: 11378354 | AA40: 11378354 | AB40: 11378354 | AC40: 11378796 | AD40: 11378796 | AE40: 11378976 | AF40: 11378976 | AG40: 11378976 | AH40: 11379327 | AI40: 11379327 | AJ40: 11379327 | AK40: 11379691 | AL40: 11379691 | AM40: 11379875 | AN40: 11379875 | AO40: 11380058 | AP40: 11380266 | AQ40: 11380266 | AR40: 11380541 | AS40: 11380541 | AT40: 11380541
A41: 世代本纪 | AQ41: 11343600 | AR41: 11343666 | AS41: 11343666 | AT41: 11343666
A42: 仙履奇谈 | B42: 10741410 | C42: 10741410 | D42: 10742301 | E42: 10742301 | F42: 10742301 | G42: 10742301 | H42: 10742675 | I42: 10742675 | J42: 10742796 | K42: 10742796 | L42: 10742796 | M42: 10742796 | N42: 10742929 | O42: 10742929 | P42: 10743017 | Q42: 10743017 | R42: 10743017 | S42: 10743017 | T42: 10743208 | U42: 10743208 | V42: 10743331 | W42: 10743331 | X42: 10743331 | Y42: 10743331 | Z42: 10743605 | AA42: 10743605 | AB42: 10743824 | AC42: 10743824 | AD42: 10744041 | AE42: 10744041 | AF42: 10744041 | AG42: 10744400 | AH42: 10744400 | AI42: 10744400 | AJ42: 10744829 | AK42: 10744829 | AL42: 10745092 | AM42: 10745092 | AN42: 10745321 | AO42: 10745321 | AP42: 10745629 | AQ42: 10746050 | AR42: 10746050 | AS42: 10746050 | AT42: 10746050
A43: 恶女模拟器 | B43: 10689679 | C43: 10689679 | D43: 10689679 | E43: 10691660 | F43: 10691660 | G43: 10691660 | H43: 10691660 | I43: 10692382 | J43: 10692382 | K43: 10692591 | L43: 10692591 | M43: 10692591 | N43: 10692591 | O43: 10692818 | P43: 10692818 | Q43: 10692928 | R43: 10692928 | S43: 10692928 | T43: 10692928 | U43: 10693251 | V43: 10693251 | W43: 10693548 | X43: 10693548 | Y43: 10693548 | Z43: 10693548 | AA43: 10693548 | AB43: 10693548 | AC43: 10694782 | AD43: 10694782 | AE43: 10695309 | AF43: 10695309 | AG43: 10695309 | AH43: 10696320 | AI43: 10696320 | AJ43: 10696320 | AK43: 10697279 | AL43: 10697279 | AM43: 10697740 | AN43: 10697740 | AO43: 10698355 | AP43: 10699049 | AQ43: 10699049 | AR43: 10699765 | AS43: 10699765 | AT43: 10699765
A44: 女帝风月鉴 | B44: 10680403 | C44: 10680403 | D44: 10680403 | E44: 10680822 | F44: 10680822 | G44: 10680822 | H44: 10680822 | I44: 10681021 | J44: 10681021 | K44: 10681071 | L44: 10681071 | M44: 10681071 | N44: 10681071 | O44: 10681115 | P44: 10681115 | Q44: 10681156 | R44: 10681156 | S44: 10681156 | T44: 10681156 | U44: 10681228 | V44: 10681228 | W44: 10681323 | X44: 10681323 | Y44: 10681323 | Z44: 10681323 | AA44: 10681323 | AB44: 10681323 | AC44: 10681584 | AD44: 10681584 | AE44: 10681695 | AF44: 10681695 | AG44: 10681695 | AH44: 10681965 | AI44: 10681965 | AJ44: 10681965 | AK44: 10682187 | AL44: 10682187 | AM44: 10682311 | AN44: 10682311 | AO44: 10682438 | AP44: 10682601 | AQ44: 10682601 | AR44: 10682771 | AS44: 10682771 | AT44: 10682771
A45: 九韶 | C45: 10592564 | D45: 10592879 | E45: 10592879 | F45: 10592879 | G45: 10592879 | H45: 10593047 | I45: 10593047 | J45: 10593102 | K45: 10593102 | L45: 10593102 | M45: 10593102 | N45: 10593137 | O45: 10593137 | P45: 10593172 | Q45: 10593172 | R45: 10593172 | S45: 10593172 | T45: 10593261 | U45: 10593261 | V45: 10593310 | W45: 10593310 | X45: 10593310 | Y45: 10593310 | Z45: 10593397 | AA45: 10593397 | AB45: 10593475 | AC45: 10593475 | AD45: 10593532 | AE45: 10593532 | AF45: 10593532 | AG45: 10593647 | AH45: 10593713 | AI45: 10593713 | AJ45: 10593786 | AK45: 10593786 | AL45: 10593852 | AM45: 10593852 | AN45: 10593958 | AO45: 10594064 | AP45: 10594064 | AQ45: 10594151 | AR45: 10594151 | AS45: 10594151 | AT45: 10594151
A46: 后宫升职手札 | B46: 10324038 | C46: 10324038 | D46: 10324038 | E46: 10325604 | F46: 10325604 | G46: 10325604 | H46: 10326266 | I46: 10326266 | J46: 10326579 | K46: 10326579 | L46: 10326579 | M46: 10326579 | N46: 10326940 | O46: 10326940 | P46: 10326940 | Q46: 10327177 | R46: 10327177 | S46: 10327177 | T46: 10327177 | U46: 10328021 | V46: 10328021 | W46: 10328669 | X46: 10328669 | Y46: 10328669 | Z46: 10328669 | AA46: 10328669 | AB46: 10328669 | AC46: 10330930 | AD46: 10330930 | AE46: 10331844 | AF46: 10331844 | AG46: 10333291 | AH46: 10333291 | AI46: 10333291 | AJ46: 10333291 | AK46: 10334677 | AL46: 10334677 | AM46: 10335353 | AN46: 10335353 | AO46: 10336137 | AP46: 10337048 | AQ46: 10337048 | AR46: 10338107 | AS46: 10338107 | AT46: 10338107
A47: 问天·神显 | G47: 9944372 | H47: 9944372 | J47: 9944526 | K47: 9944526 | L47: 9944554 | M47: 9944554 | N47: 9944554 | O47: 9944554 | P47: 9944583 | Q47: 9944583 | R47: 9944583 | S47: 9944620 | T47: 9944620 | U47: 9944620 | V47: 9944696 | W47: 9944696 | X47: 9944763 | Y47: 9944763 | Z47: 9944763 | AA47: 9944763 | AB47: 9944763 | AC47: 9944763 | AD47: 9944938 | AE47: 9944938 | AF47: 9945042 | AG47: 9945042 | AH47: 9945042 | AI47: 9945042 | AJ47: 9945042 | AK47: 9945042 | AL47: 9945342 | AM47: 9945342 | AN47: 9945342 | AO47: 9945435 | AP47: 9945528 | AQ47: 9945653 | AR47: 9945653 | AS47: 9945778 | AT47: 9945778
A48: 凰途似锦 | B48: 9800967 | C48: 9800967 | D48: 9800967 | E48: 9801368 | F48: 9801368 | G48: 9801368 | H48: 9801368 | I48: 9801546 | J48: 9801546 | K48: 9801583 | L48: 9801583 | M48: 9801583 | N48: 9801583 | O48: 9801626 | P48: 9801626 | Q48: 9801655 | R48: 9801655 | U48: 9801724 | V48: 9801724 | W48: 9801803 | X48: 9801803 | Y48: 9801803 | Z48: 9801803 | AA48: 9801803 | AB48: 9801803 | AC48: 9802070 | AD48: 9802070 | AE48: 9802178 | AF48: 9802178 | AG48: 9802178 | AH48: 9802434 | AI48: 9802434 | AJ48: 9802434 | AK48: 9802672 | AL48: 9802672 | AM48: 9802813 | AN48: 9802813 | AO48: 9802941 | AP48: 9803105 | AQ48: 9803105 | AR48: 9803260 | AS48: 9803260 | AT48: 9803260
A49: 无情笺 | B49: 9703075 | C49: 9703075 | D49: 9703075 | E49: 9703075 | F49: 9703995 | G49: 9703995 | H49: 9703995 | I49: 9703995 | J49: 9704383 | K49: 9704383 | L49: 9704491 | M49: 9704491 | N49: 9704491 | O49: 9704491 | P49: 9704587 | Q49: 9704587 | R49: 9704587 | S49: 9704682 | T49: 9704682 | U49: 9704682 | V49: 9704937 | W49: 9704937 | X49: 9705100 | Y49: 9705100 | Z49: 9705100 | AA49: 9705100 | AB49: 9705100 | AC49: 9705100 | AD49: 9705647 | AE49: 9705647 | AF49: 9705895 | AG49: 9705895 | AH49: 9705895 | AI49: 9705895 | AJ49: 9705895 | AK49: 9705895 | AL49: 9705895 | AM49: 9706734 | AN49: 9706734 | AO49: 9706990 | AP49: 9707308 | AQ49: 9707606 | AR49: 9707606 | AS49: 9708000 | AT49: 9708000
A50: AMNESIA 失忆症 | B50: 9340478 | C50: 9340478 | D50: 9341881 | E50: 9341881 | F50: 9341881 | G50: 9341881 | H50: 9342448 | I50: 9342448 | J50: 9342593 | K50: 9342593 | L50: 9342593 | M50: 9342593 | N50: 9342767 | O50: 9342767 | P50: 9342926 | Q50: 9342926 | R50: 9342926 | S50: 9342926 | T50: 9343279 | U50: 9343279 | V50: 9343598 | W50: 9343598 | X50: 9343598 | Y50: 9343598 | Z50: 9344198 | AA50: 9344198 | AB50: 9344672 | AC50: 9344672 | AD50: 9345081 | AE50: 9345081 | AF50: 9345081 | AG50: 9345932 | AH50: 9346306 | AI50: 9346306 | AJ50: 9346624 | AK50: 9346624 | AL50: 9347096 | AM50: 9347096 | AN50: 9347612 | AO50: 9348078 | AP50: 9348078 | AQ50: 9348839 | AR50: 9348839 | AS50: 9348839 | AT50: 9348839
A51: 纵神欢 | B51: 9264657 | C51: 9265125 | D51: 9265125 | E51: 9265125 | F51: 9265922 | G51: 9265922 | H51: 9265922 | I51: 9265922 | J51: 9266286 | K51: 9266286 | L51: 9266367 | M51: 9266367 | N51: 9266367 | O51: 9266367 | P51: 9266476 | Q51: 9266476 | R51: 9266476 | S51: 9266547 | T51: 9266547 | U51: 9266547 | V51: 9266710 | W51: 9266710 | X51: 9266876 | Y51: 9266876 | Z51: 9266876 | AA51: 9266876 | AB51: 9266876 | AC51: 9266876 | AD51: 9267451 | AE51: 9267451 | AF51: 9267695 | AG51: 9267695 | AH51: 9267695 | AI51: 9267695 | AJ51: 9267695 | AK51: 9267695 | AL51: 9267695 | AM51: 9268620 | AN51: 9268620 | AO51: 9268839 | AP51: 9269060 | AQ51: 9269060 | AR51: 9269368 | AS51: 9269368 | AT51: 9269763
A52: 诱君多采撷 | B52: 9144670 | C52: 9144670 | D52: 9144670 | E52: 9144670 | F52: 9145367 | G52: 9145367 | H52: 9145367 | I52: 9145367 | J52: 9145686 | K52: 9145686 | L52: 9145754 | M52: 9145754 | N52: 9145754 | O52: 9145754 | P52: 9145824 | Q52: 9145824 | R52: 9145824 | S52: 9145884 | T52: 9145884 | U52: 9145884 | V52: 9146014 | W52: 9146014 | X52: 9146121 | Y52: 9146121 | Z52: 9146121 | AA52: 9146121 | AB52: 9146121 | AC52: 9146121 | AD52: 9146822 | AE52: 9146822 | AF52: 9147307 | AG52: 9147307 | AH52: 9147307 | AI52: 9147307 | AJ52: 9147307 | AK52: 9147307 | AL52: 9148685 | AM52: 9148685 | AN52: 9148685 | AO52: 9149005 | AP52: 9149380 | AQ52: 9149768 | AR52: 9149768 | AS52: 9150171 | AT52: 9150171
A53: 殿下能有什么坏心思 | B53: 8930190 | C53: 8930190 | D53: 8930190 | E53: 8930418 | F53: 8930418 | G53: 8930418 | H53: 8930418 | I53: 8930502 | J53: 8930502 | K53: 8930534 | L53: 8930534 | M53: 8930534 | N53: 8930534 | O53: 8930571 | P53: 8930571 | Q53: 8930587 | R53: 8930587 | S53: 8930587 | T53: 8930587 | U53: 8930629 | V53: 8930629 | W53: 8930664 | X53: 8930664 | Y53: 8930664 | Z53: 8930664 | AA53: 8930664 | AB53: 8930664 | AC53: 8930775 | AD53: 8930775 | AE53: 8930821 | AF53: 8930821 | AG53: 8930821 | AH53: 8930882 | AI53: 8930882 | AJ53: 8930882 | AK53: 8930980 | AL53: 8930980 | AM53: 8931031 | AN53: 8931031 | AO53: 8931088 | AP53: 8931153 | AQ53: 8931153 | AR53: 8931222 | AS53: 8931222 | AT53: 8931222
A54: 后宅春庭月 | B54: 8724582 | C54: 8724582 | D54: 8724582 | E54: 8724778 | F54: 8724778 | G54: 8724778 | H54: 8724849 | I54: 8724849 | J54: 8724849 | L54: 8724864 | R54: 8724884 | S54: 8724884 | T54: 8724884 | U54: 8724925 | V54: 8724925 | W54: 8724962 | X54: 8724962 | Y54: 8724962 | Z54: 8724962 | AA54: 8724962 | AB54: 8724962 | AC54: 8725099 | AD54: 8725099 | AE54: 8725151 | AF54: 8725151 | AG54: 8725151 | AH54: 8725280 | AI54: 8725280 | AJ54: 8725280 | AK54: 8725392 | AL54: 8725392 | AM54: 8725454 | AN54: 8725454 | AO54: 8725548 | AP54: 8725623 | AQ54: 8725623 | AR54: 8725707 | AS54: 8725707 | AT54: 8725707
A55: 花魁宝鉴 | B55: 8652731 | N55: 8652958 | O55: 8652958 | P55: 8652958 | Q55: 8652971 | R55: 8652971 | S55: 8652971 | T55: 8652971 | U55: 8653003 | V55: 8653003 | W55: 8653031 | X55: 8653031 | Y55: 8653031 | Z55: 8653031 | AA55: 8653031 | AB55: 8653031 | AC55: 8653132 | AD55: 8653132 | AE55: 8653178 | AF55: 8653178 | AG55: 8653260 | AH55: 8653260 | AI55: 8653260 | AJ55: 8653260 | AK55: 8653322 | AL55: 8653322 | AM55: 8653361 | AN55: 8653361 | AO55: 8653423 | AP55: 8653489 | AQ55: 8653489 | AR55: 8653533 | AS55: 8653533 | AT55: 8653533
A56: 田园深处【完结】 | C56: 8516122 | D56: 8516228 | E56: 8516228 | F56: 8516228 | G56: 8516228 | H56: 8516270 | I56: 8516270 | J56: 8516280 | K56: 8516280 | L56: 8516280 | M56: 8516280 | N56: 8516321 | O56: 8516321 | P56: 8516329 | Q56: 8516329 | R56: 8516329 | S56: 8516329 | T56: 8516349 | U56: 8516349 | V56: 8516366 | W56: 8516366 | X56: 8516366 | Y56: 8516366 | Z56: 8516448 | AA56: 8516448 | AB56: 8516475 | AC56: 8516475 | AD56: 8516509 | AE56: 8516509 | AF56: 8516509 | AG56: 8516602 | AH56: 8516630 | AI56: 8516630 | AJ56: 8516662 | AK56: 8516662 | AL56: 8516697 | AM56: 8516697 | AN56: 8516743 | AO56: 8516788 | AP56: 8516788 | AQ56: 8516851 | AR56: 8516851 | AS56: 8516851 | AT56: 8516851
A57: 星期天不上头条 | B57: 8442171 | C57: 8442171 | D57: 8442171 | E57: 8445984 | F57: 8445984 | G57: 8445984 | H57: 8445984 | I57: 8447205 | J57: 8447205 | K57: 8447453 | L57: 8447453 | M57: 8447453 | N57: 8447453 | O57: 8447787 | P57: 8447787 | Q57: 8448039 | R57: 8448039 | S57: 8448039 | T57: 8448039 | U57: 8448921 | V57: 8448921 | W57: 8449706 | X57: 8449706 | Y57: 8449706 | Z57: 8449706 | AA57: 8449706 | AB57: 8449706 | AC57: 8452745 | AD57: 8452745 | AE57: 8454001 | AF57: 8454001 | AG57: 8454001 | AH57: 8456180 | AI57: 8456180 | AJ57: 8456180 | AK57: 8458356 | AL57: 8458356 | AM57: 8459454 | AN57: 8459454 | AO57: 8460789 | AP57: 8462260 | AQ57: 8462260 | AR57: 8464060 | AS57: 8464060 | AT57: 8464060
A58: 美女进化论 | B58: 8336435 | C58: 8336435 | D58: 8336780 | E58: 8336780 | F58: 8336780 | G58: 8336780 | H58: 8336904 | I58: 8336904 | J58: 8336933 | K58: 8336933 | L58: 8336933 | M58: 8336933 | N58: 8336991 | O58: 8336991 | P58: 8337017 | Q58: 8337017 | R58: 8337017 | S58: 8337017 | T58: 8337105 | U58: 8337105 | V58: 8337192 | W58: 8337192 | X58: 8337192 | Y58: 8337192 | Z58: 8337320 | AA58: 8337320 | AB58: 8337415 | AC58: 8337415 | AD58: 8337514 | AE58: 8337514 | AF58: 8337514 | AG58: 8337677 | AH58: 8337677 | AI58: 8337677 | AJ58: 8337677 | AK58: 8337837 | AL58: 8337837 | AM58: 8337951 | AN58: 8337951 | AO58: 8338038 | AP58: 8338147 | AQ58: 8338293 | AR58: 8338293 | AS58: 8338293 | AT58: 8338293
A59: 举杯吧！少女 | B59: 8279034 | C59: 8279034 | D59: 8279034 | E59: 8279199 | F59: 8279199 | G59: 8279199 | H59: 8279271 | I59: 8279271 | J59: 8279277 | K59: 8279277 | L59: 8279277 | M59: 8279277 | N59: 8279297 | O59: 8279297 | P59: 8279297 | Q59: 8279312 | R59: 8279312 | S59: 8279312 | T59: 8279312 | U59: 8279349 | V59: 8279349 | W59: 8279388 | X59: 8279388 | Y59: 8279388 | Z59: 8279388 | AA59: 8279388 | AB59: 8279388 | AC59: 8279514 | AD59: 8279514 | AE59: 8279563 | AF59: 8279563 | AG59: 8279693 | AH59: 8279693 | AI59: 8279693 | AJ59: 8279693 | AK59: 8279790 | AL59: 8279790 | AM59: 8279830 | AN59: 8279830 | AO59: 8279883 | AP59: 8279983 | AQ59: 8279983 | AR59: 8280058 | AS59: 8280058 | AT59: 8280058
A60: 偏执大佬的金丝雀 | B60: 8243963 | C60: 8243963 | D60: 8243963 | E60: 8244497 | F60: 8244497 | G60: 8244497 | H60: 8244678 | I60: 8244678 | J60: 8244715 | K60: 8244715 | L60: 8244715 | M60: 8244715 | N60: 8244784 | O60: 8244784 | P60: 8244784 | Q60: 8244831 | R60: 8244831 | S60: 8244831 | T60: 8244831 | U60: 8244950 | V60: 8244950 | W60: 8245010 | X60: 8245010 | Y60: 8245010 | Z60: 8245010 | AA60: 8245010 | AB60: 8245010 | AC60: 8245308 | AD60: 8245308 | AE60: 8245411 | AF60: 8245411 | AG60: 8245574 | AH60: 8245574 | AI60: 8245574 | AJ60: 8245574 | AK60: 8245764 | AL60: 8245764 | AM60: 8245879 | AN60: 8245879 | AO60: 8246006 | AP60: 8246132 | AQ60: 8246132 | AR60: 8246303 | AS60: 8246303 | AT60: 8246303
A61: 妖神榻上眠 | B61: 8156064 | C61: 8156064 | D61: 8156064 | E61: 8156309 | F61: 8156309 | G61: 8156309 | H61: 8156309 | I61: 8156427 | J61: 8156427 | K61: 8156456 | L61: 8156456 | M61: 8156456 | N61: 8156456 | O61: 8156482 | P61: 8156482 | Q61: 8156502 | R61: 8156502 | S61: 8156502 | T61: 8156502 | U61: 8156546 | V61: 8156546 | W61: 8156577 | X61: 8156577 | Y61: 8156577 | Z61: 8156577 | AA61: 8156577 | AB61: 8156577 | AC61: 8156675 | AD61: 8156675 | AE61: 8156746 | AF61: 8156746 | AG61: 8156746 | AH61: 8156845 | AI61: 8156845 | AJ61: 8156845 | AK61: 8156903 | AL61: 8156903 | AM61: 8156957 | AN61: 8156957 | AO61: 8157022 | AP61: 8157081 | AQ61: 8157081 | AR61: 8157158 | AS61: 8157158 | AT61: 8157158
A62: 古代主母风华录 | B62: 7416152 | C62: 7416152 | D62: 7416152 | E62: 7417481 | F62: 7417481 | G62: 7417481 | H62: 7418144 | I62: 7418144 | J62: 7418283 | K62: 7418283 | L62: 7418283 | M62: 7418283 | N62: 7418470 | O62: 7418470 | P62: 7418470 | Q62: 7418636 | R62: 7418636 | S62: 7418636 | T62: 7418636 | U62: 7419120 | V62: 7419120 | W62: 7419520 | X62: 7419520 | Y62: 7419520 | Z62: 7419520 | AA62: 7419520 | AB62: 7419520 | AC62: 7420845 | AD62: 7420845 | AE62: 7421370 | AF62: 7421370 | AG62: 7422250 | AH62: 7422250 | AI62: 7422250 | AJ62: 7422250 | AK62: 7423072 | AL62: 7423072 | AM62: 7423517 | AN62: 7423517 | AO62: 7424014 | AP62: 7424603 | AQ62: 7424603 | AR62: 7425214 | AS62: 7425214 | AT62: 7425214
A63: 孤辰行 | B63: 7392872 | C63: 7392872 | I63: 7393268 | J63: 7393400 | K63: 7393400 | L63: 7393431 | M63: 7393431 | N63: 7393431 | O63: 7393431 | T63: 7393525 | U63: 7393525 | V63: 7393605 | W63: 7393605 | X63: 7393685 | Y63: 7393685 | Z63: 7393685 | AA63: 7393685 | AB63: 7393685 | AC63: 7393685 | AD63: 7393937 | AE63: 7393937 | AF63: 7394023 | AG63: 7394023 | AH63: 7394023 | AI63: 7394023 | AJ63: 7394023 | AK63: 7394023 | AL63: 7394334 | AM63: 7394334 | AN63: 7394334 | AO63: 7394410 | AP63: 7394514 | AQ63: 7394658 | AR63: 7394658 | AS63: 7394825 | AT63: 7394825
A64: 从寒门开始 | B64: 7331063 | C64: 7331063 | D64: 7331063 | E64: 7332270 | F64: 7332270 | G64: 7332270 | H64: 7332270 | I64: 7332721 | J64: 7332721 | K64: 7332854 | L64: 7332854 | M64: 7332854 | N64: 7332854 | O64: 7332998 | P64: 7332998 | Q64: 7333096 | R64: 7333096 | S64: 7333096 | T64: 7333096 | U64: 7333416 | V64: 7333416 | W64: 7333729 | X64: 7333729 | Y64: 7333729 | Z64: 7333729 | AA64: 7333729 | AB64: 7333729 | AC64: 7334976 | AD64: 7334976 | AE64: 7335450 | AF64: 7335450 | AG64: 7335450 | AH64: 7336398 | AI64: 7336398 | AJ64: 7336398 | AK64: 7336398 | AL64: 7337278 | AM64: 7337278 | AN64: 7337750 | AO64: 7338300 | AP64: 7338300 | AQ64: 7338895 | AR64: 7339530 | AS64: 7339530 | AT64: 7339530
A65: 无情道在逃毕业生 | B65: 7059785 | C65: 7059785 | D65: 7059785 | E65: 7059785 | F65: 7060192 | G65: 7060192 | H65: 7060192 | I65: 7060192 | J65: 7060358 | K65: 7060358 | L65: 7060401 | M65: 7060401 | N65: 7060401 | O65: 7060401 | P65: 7060453 | Q65: 7060453 | R65: 7060497 | S65: 7060497 | T65: 7060497 | U65: 7060497 | V65: 7060578 | W65: 7060578 | X65: 7060636 | Y65: 7060636 | Z65: 7060636 | AA65: 7060636 | AB65: 7060636 | AC65: 7060636 | AD65: 7060848 | AE65: 7060848 | AF65: 7060956 | AG65: 7060956 | AH65: 7061113 | AI65: 7061113 | AJ65: 7061113 | AK65: 7061113 | AL65: 7061283 | AM65: 7061283 | AN65: 7061283 | AO65: 7061403 | AP65: 7061519 | AQ65: 7061654 | AR65: 7061654 | AS65: 7061799 | AT65: 7061799
A66: 入罗帷 | B66: 7037064 | C66: 7037064 | D66: 7037064 | E66: 7037064 | F66: 7039004 | G66: 7039004 | H66: 7039004 | I66: 7039004 | J66: 7039605 | K66: 7039605 | L66: 7039737 | M66: 7039737 | N66: 7039737 | O66: 7039737 | P66: 7039855 | Q66: 7039855 | R66: 7039855 | S66: 7040008 | T66: 7040008 | U66: 7040008 | V66: 7040360 | W66: 7040360 | X66: 7040571 | Y66: 7040571 | Z66: 7040571 | AA66: 7040571 | AB66: 7040571 | AC66: 7040571 | AD66: 7041372 | AE66: 7041372 | AF66: 7041710 | AG66: 7041710 | AH66: 7041710 | AI66: 7041710 | AJ66: 7041710 | AK66: 7041710 | AL66: 7042739 | AM66: 7042739 | AN66: 7042739 | AO66: 7043015 | AP66: 7043290 | AQ66: 7043639 | AR66: 7043639 | AS66: 7044073 | AT66: 7044073
A67: 仙迹朝闻录 | B67: 6857911 | C67: 6858298 | D67: 6858298 | E67: 6858298 | F67: 6858298 | G67: 6858970 | H67: 6858970 | I67: 6858970 | K67: 6859147 | L67: 6859147 | M67: 6859217 | N67: 6859217 | O67: 6859217 | P67: 6859217 | Q67: 6859304 | R67: 6859304 | S67: 6859363 | T67: 6859363 | U67: 6859363 | V67: 6859363 | W67: 6859518 | X67: 6859518 | Y67: 6859644 | Z67: 6859644 | AA67: 6859644 | AB67: 6859644 | AC67: 6859644 | AD67: 6859644 | AE67: 6860008 | AF67: 6860008 | AG67: 6860008 | AH67: 6860008 | AI67: 6860008 | AJ67: 6860008 | AK67: 6860008 | AL67: 6860008 | AM67: 6860756 | AN67: 6860756 | AO67: 6860910 | AP67: 6860910 | AQ67: 6861094 | AR67: 6861343 | AS67: 6861343 | AT67: 6861577
A68: 古代渣女模拟器 | B68: 6656851 | C68: 6656851 | D68: 6656851 | E68: 6656851 | F68: 6657077 | G68: 6657077 | H68: 6657077 | I68: 6657194 | J68: 6657194 | K68: 6657226 | L68: 6657226 | M68: 6657226 | N68: 6657226 | O68: 6657226 | P68: 6657272 | Q68: 6657272 | R68: 6657295 | S68: 6657295 | T68: 6657295 | U68: 6657295 | V68: 6657342 | W68: 6657342 | X68: 6657376 | Y68: 6657376 | Z68: 6657376 | AA68: 6657376 | AB68: 6657376 | AC68: 6657376 | AD68: 6657517 | AE68: 6657517 | AF68: 6657578 | AG68: 6657578 | AH68: 6657738 | AI68: 6657738 | AJ68: 6657738 | AK68: 6657738 | AL68: 6657828 | AM68: 6657828 | AN68: 6657828 | AO68: 6657895 | AP68: 6658007 | AQ68: 6658150 | AR68: 6658150 | AS68: 6658242 | AT68: 6658242
A69: 司星·天命在我 | C69: 6609128 | D69: 6609372 | I69: 6609471 | P69: 6609547 | U69: 6609610 | V69: 6609682 | W69: 6609682 | Z69: 6609810 | AA69: 6609810 | AB69: 6609888 | AC69: 6609888 | AD69: 6609961 | AE69: 6609961 | AF69: 6609961 | AG69: 6610072 | AH69: 6610072 | AI69: 6610072 | AJ69: 6610072 | AK69: 6610184 | AL69: 6610184 | AM69: 6610251 | AN69: 6610251 | AO69: 6610318 | AP69: 6610420 | AQ69: 6610503 | AR69: 6610503 | AS69: 6610503 | AT69: 6610503
A70: 世系长歌 | B70: 6492125 | C70: 6492125 | D70: 6492125 | E70: 6493894 | F70: 6493894 | G70: 6493894 | H70: 6494736 | I70: 6494736 | J70: 6494935 | K70: 6494935 | L70: 6494935 | M70: 6494935 | N70: 6495209 | O70: 6495209 | P70: 6495209 | Q70: 6495471 | R70: 6495471 | S70: 6495471 | T70: 6495471 | U70: 6496075 | V70: 6496075 | W70: 6496486 | X70: 6496486 | Y70: 6496486 | Z70: 6496486 | AA70: 6496486 | AB70: 6496486 | AC70: 6497870 | AD70: 6497870 | AE70: 6498457 | AF70: 6498457 | AG70: 6499364 | AH70: 6499364 | AI70: 6499364 | AJ70: 6499364 | AK70: 6500174 | AL70: 6500174 | AM70: 6500587 | AN70: 6500587 | AO70: 6501055 | AP70: 6501666 | AQ70: 6501666 | AR70: 6502317 | AS70: 6502317 | AT70: 6502317
A71: 人生纪事簿 | U71: 6440670 | V71: 6440670 | Z71: 6440698 | AN71: 6441178 | AO71: 6441229 | AP71: 6441308 | AQ71: 6441308 | AR71: 6441399 | AS71: 6441399 | AT71: 6441399
A72: 京中叙 | B72: 6212125 | C72: 6213780 | D72: 6213780 | E72: 6213780 | F72: 6213780 | G72: 6217313 | H72: 6217313 | I72: 6217313 | J72: 6217313 | K72: 6219153 | L72: 6219153 | M72: 6219483 | N72: 6219483 | O72: 6219483 | P72: 6219483 | Q72: 6219923 | R72: 6219923 | S72: 6219923 | T72: 6220421 | U72: 6220421 | V72: 6220421 | W72: 6221432 | X72: 6221432 | Y72: 6221432 | Z72: 6221432 | AA72: 6221432 | AB72: 6221432 | AC72: 6221432 | AD72: 6221432 | AE72: 6224273 | AF72: 6224273 | AG72: 6224273 | AH72: 6224273 | AI72: 6224273 | AJ72: 6224273 | AK72: 6224273 | AL72: 6224273 | AM72: 6227710 | AN72: 6227710 | AO72: 6227710 | AP72: 6228448 | AQ72: 6229296 | AR72: 6230257 | AS72: 6230257 | AT72: 6231338
A73: 风月择枝栖 | B73: 6148341 | C73: 6148341 | D73: 6148341 | E73: 6148341 | F73: 6148719 | G73: 6148719 | H73: 6148719 | I73: 6148719 | J73: 6148850 | K73: 6148850 | L73: 6148900 | M73: 6148900 | N73: 6148900 | O73: 6148900 | P73: 6148944 | Q73: 6148944 | R73: 6148944 | S73: 6148966 | T73: 6148966 | U73: 6148966 | V73: 6149017 | W73: 6149017 | X73: 6149074 | Y73: 6149074 | Z73: 6149074 | AA73: 6149074 | AB73: 6149074 | AC73: 6149074 | AD73: 6149257 | AE73: 6149257 | AF73: 6149323 | AG73: 6149323 | AH73: 6149323 | AI73: 6149323 | AJ73: 6149323 | AK73: 6149323 | AL73: 6149586 | AM73: 6149586 | AN73: 6149586 | AO73: 6149666 | AP73: 6149751 | AQ73: 6149858 | AR73: 6149858 | AS73: 6149977 | AT73: 6149977
A74: 赴韶光 | B74: 6120486 | C74: 6120486 | D74: 6120486 | E74: 6120486 | F74: 6121505 | G74: 6121505 | H74: 6121505 | I74: 6121505 | J74: 6121866 | K74: 6121866 | L74: 6121991 | M74: 6121991 | N74: 6121991 | O74: 6121991 | P74: 6122120 | Q74: 6122120 | R74: 6122120 | S74: 6122219 | T74: 6122219 | U74: 6122219 | V74: 6122460 | W74: 6122460 | X74: 6122618 | Y74: 6122618 | Z74: 6122618 | AA74: 6122618 | AB74: 6122618 | AC74: 6122618 | AD74: 6123179 | AE74: 6123179 | AF74: 6123429 | AG74: 6123429 | AH74: 6123429 | AI74: 6123429 | AJ74: 6123429 | AK74: 6123429 | AL74: 6123429 | AM74: 6124285 | AN74: 6124285 | AO74: 6124516 | AP74: 6124814 | AQ74: 6124814 | AR74: 6125117 | AS74: 6125490 | AT74: 6125490
A75: 虔诚之花的晚钟 | B75: 6084304 | C75: 6084304 | D75: 6085082 | E75: 6085082 | F75: 6085082 | G75: 6085082 | H75: 6085402 | I75: 6085402 | J75: 6085482 | K75: 6085482 | L75: 6085482 | M75: 6085482 | N75: 6085568 | O75: 6085568 | P75: 6085633 | Q75: 6085633 | R75: 6085633 | S75: 6085633 | T75: 6085794 | U75: 6085794 | V75: 6085918 | W75: 6085918 | X75: 6085918 | Y75: 6085918 | Z75: 6086200 | AA75: 6086200 | AB75: 6086443 | AC75: 6086443 | AD75: 6086663 | AE75: 6086663 | AF75: 6086663 | AG75: 6087044 | AH75: 6087226 | AI75: 6087226 | AJ75: 6087439 | AK75: 6087439 | AL75: 6087683 | AM75: 6087683 | AN75: 6087964 | AO75: 6088224 | AP75: 6088224 | AQ75: 6088557 | AR75: 6088557 | AS75: 6088557 | AT75: 6088557
A76: 模拟古代生活：万年无疆 | B76: 5961574 | C76: 5961574 | D76: 5961574 | E76: 5961574 | F76: 5961820 | G76: 5961820 | H76: 5961820 | I76: 5961947 | J76: 5961947 | K76: 5961961 | L76: 5961961 | M76: 5961961 | N76: 5961961 | O76: 5961998 | P76: 5961998 | Q76: 5961998 | R76: 5962028 | S76: 5962028 | T76: 5962028 | U76: 5962028 | V76: 5962077 | W76: 5962077 | X76: 5962138 | Y76: 5962138 | Z76: 5962138 | AA76: 5962138 | AB76: 5962138 | AC76: 5962138 | AD76: 5962323 | AE76: 5962426 | AF76: 5962426 | AG76: 5962426 | AH76: 5962606 | AI76: 5962606 | AJ76: 5962606 | AK76: 5962606 | AL76: 5962759 | AM76: 5962759 | AN76: 5962814 | AO76: 5962814 | AP76: 5962904 | AQ76: 5963006 | AR76: 5963006 | AS76: 5963122 | AT76: 5963122
A77: 风华临安 | B77: 5845958 | C77: 5845958 | D77: 5850182 | E77: 5850182 | F77: 5850182 | G77: 5858257 | H77: 5858257 | I77: 5858257 | J77: 5858257 | K77: 5861061 | L77: 5861061 | M77: 5861641 | N77: 5861641 | O77: 5861641 | P77: 5861641 | Q77: 5861641 | R77: 5862369 | S77: 5862369 | T77: 5862861 | U77: 5862861 | V77: 5862861 | W77: 5864316 | X77: 5864316 | Y77: 5864316 | Z77: 5864316 | AA77: 5864316 | AB77: 5864316 | AC77: 5864316 | AD77: 5864316 | AE77: 5869685 | AF77: 5869685 | AG77: 5869685 | AH77: 5869685 | AI77: 5869685 | AJ77: 5869685 | AK77: 5869685 | AL77: 5869685 | AM77: 5869685 | AN77: 5877002 | AO77: 5877002 | AP77: 5878525 | AQ77: 5878525 | AR77: 5880227 | AS77: 5882090 | AT77: 5882090
A78: 众生传说 | B78: 5735763 | C78: 5735763 | D78: 5735916 | E78: 5735916 | F78: 5735916 | G78: 5735916 | H78: 5735990 | I78: 5735990 | J78: 5736008 | K78: 5736008 | L78: 5736008 | M78: 5736008 | N78: 5736030 | O78: 5736030 | P78: 5736040 | Q78: 5736040 | R78: 5736040 | S78: 5736040 | T78: 5736088 | U78: 5736088 | V78: 5736116 | W78: 5736116 | X78: 5736116 | Y78: 5736116 | Z78: 5736167 | AA78: 5736167 | AB78: 5736215 | AC78: 5736215 | AD78: 5736265 | AE78: 5736265 | AF78: 5736265 | AG78: 5736376 | AH78: 5736376 | AI78: 5736376 | AJ78: 5736376 | AK78: 5736486 | AL78: 5736486 | AM78: 5736541 | AN78: 5736541 | AO78: 5736589 | AP78: 5736639 | AQ78: 5736683 | AR78: 5736683 | AS78: 5736683 | AT78: 5736683
A79: 随身仙府记 | AT79: 5699737
A80: 诱捕计划 | B80: 5483525 | C80: 5483525 | D80: 5483525 | E80: 5483706 | F80: 5483706 | G80: 5483706 | H80: 5483706 | I80: 5483810 | J80: 5483810 | K80: 5483824 | L80: 5483824 | M80: 5483824 | N80: 5483824 | O80: 5483841 | P80: 5483841 | Q80: 5483841 | R80: 5483857 | S80: 5483857 | T80: 5483857 | U80: 5483883 | V80: 5483883 | W80: 5483909 | X80: 5483909 | Y80: 5483909 | Z80: 5483909 | AA80: 5483909 | AB80: 5483909 | AC80: 5484087 | AD80: 5484087 | AE80: 5484196 | AF80: 5484196 | AG80: 5484196 | AH80: 5484369 | AI80: 5484369 | AJ80: 5484369 | AK80: 5484369 | AL80: 5484589 | AM80: 5484589 | AN80: 5484680 | AO80: 5484802 | AP80: 5484802 | AQ80: 5484923 | AR80: 5485067 | AS80: 5485067 | AT80: 5485067
A81: 在下凤三离 | B81: 5368412 | C81: 5368412 | D81: 5368412 | E81: 5368997 | F81: 5368997 | G81: 5368997 | H81: 5369214 | I81: 5369214 | J81: 5369263 | K81: 5369263 | L81: 5369263 | M81: 5369263 | N81: 5369320 | O81: 5369320 | P81: 5369320 | Q81: 5369359 | R81: 5369359 | S81: 5369359 | T81: 5369359 | U81: 5369473 | V81: 5369473 | W81: 5369537 | X81: 5369537 | Y81: 5369537 | Z81: 5369537 | AA81: 5369537 | AB81: 5369537 | AC81: 5369792 | AD81: 5369792 | AI81: 5370126 | AJ81: 5370126 | AK81: 5370324 | AL81: 5370324 | AM81: 5370436 | AN81: 5370436 | AO81: 5370562 | AP81: 5370719 | AQ81: 5370719 | AR81: 5370881 | AS81: 5370881 | AT81: 5370881
A82: 校园进化论 | B82: 5174038 | C82: 5174038 | D82: 5174038 | E82: 5174038 | F82: 5174344 | G82: 5174344 | I82: 5174344 | J82: 5174469 | K82: 5174469 | L82: 5174523 | M82: 5174523 | N82: 5174523 | O82: 5174523 | P82: 5174559 | Q82: 5174559 | R82: 5174559 | S82: 5174578 | T82: 5174578 | U82: 5174578 | V82: 5174632 | W82: 5174632 | X82: 5174679 | Y82: 5174679 | Z82: 5174679 | AA82: 5174679 | AB82: 5174679 | AC82: 5174679 | AE82: 5174820 | AF82: 5174912 | AG82: 5174912 | AH82: 5174912 | AI82: 5174912 | AJ82: 5174912 | AK82: 5174912 | AL82: 5175210 | AM82: 5175210 | AN82: 5175210 | AO82: 5175297 | AP82: 5175376 | AQ82: 5175499 | AR82: 5175499 | AS82: 5175625 | AT82: 5175625
A83: 璀璨都市物语 | B83: 5126977 | C83: 5126977 | D83: 5126977 | E83: 5126977 | F83: 5127296 | G83: 5127296 | H83: 5127296 | I83: 5127432 | J83: 5127432 | K83: 5127459 | L83: 5127459 | M83: 5127459 | N83: 5127459 | O83: 5127497 | P83: 5127497 | Q83: 5127497 | R83: 5127527 | S83: 5127527 | T83: 5127527 | U83: 5127600 | V83: 5127600 | W83: 5127600 | X83: 5127641 | Y83: 5127641 | Z83: 5127641 | AA83: 5127641 | AB83: 5127641 | AC83: 5127881 | AD83: 5127881 | AE83: 5127990 | AF83: 5127990 | AG83: 5127990 | AH83: 5128190 | AI83: 5128190 | AJ83: 5128190 | AK83: 5128190 | AL83: 5128391 | AM83: 5128391 | AN83: 5128480 | AO83: 5128480 | AP83: 5128556 | AQ83: 5128705 | AR83: 5128705 | AS83: 5128859 | AT83: 5128859
A84: 折灵 | B84: 5114295 | C84: 5114295 | D84: 5114295 | E84: 5114295 | F84: 5114723 | G84: 5114723 | H84: 5114723 | J84: 5114897 | K84: 5114897 | L84: 5114969 | M84: 5114969 | N84: 5114969 | O84: 5114969 | P84: 5115033 | Q84: 5115033 | R84: 5115033 | S84: 5115071 | U84: 5115071 | V84: 5115139 | W84: 5115139 | X84: 5115216 | Y84: 5115216 | Z84: 5115216 | AA84: 5115216 | AB84: 5115216 | AF84: 5115544 | AG84: 5115544 | AH84: 5115544 | AI84: 5115544 | AJ84: 5115544 | AK84: 5115544 | AL84: 5115544 | AM84: 5115908 | AN84: 5115908 | AO84: 5116026 | AP84: 5116134 | AQ84: 5116294 | AR84: 5116294 | AS84: 5116451 | AT84: 5116451
A85: 与君共长生 | C85: 4990658 | D85: 4990658 | E85: 4990936 | F85: 4990936 | G85: 4990936 | H85: 4990936 | I85: 4991049 | J85: 4991049 | K85: 4991094 | L85: 4991094 | M85: 4991094 | N85: 4991094 | O85: 4991130 | P85: 4991130 | Q85: 4991154 | R85: 4991154 | S85: 4991154 | T85: 4991154 | U85: 4991225 | V85: 4991225 | W85: 4991310 | X85: 4991310 | Y85: 4991310 | Z85: 4991310 | AA85: 4991310 | AB85: 4991310 | AC85: 4991549 | AD85: 4991549 | AE85: 4991635 | AF85: 4991635 | AG85: 4991635 | AH85: 4991821 | AI85: 4991821 | AJ85: 4991821 | AK85: 4991983 | AL85: 4991983 | AM85: 4992057 | AN85: 4992057 | AO85: 4992163 | AP85: 4992287 | AQ85: 4992287 | AR85: 4992408 | AS85: 4992408 | AT85: 4992408
A86: 宫官手记 | B86: 4916171 | E86: 4916523 | F86: 4916523 | G86: 4916523 | H86: 4916641 | I86: 4916641 | J86: 4916672 | K86: 4916672 | L86: 4916672 | M86: 4916672 | N86: 4916701 | O86: 4916701 | P86: 4916701 | Q86: 4916727 | R86: 4916727 | S86: 4916727 | T86: 4916727 | U86: 4916808 | V86: 4916808 | W86: 4916870 | X86: 4916870 | Y86: 4916870 | Z86: 4916870 | AA86: 4916870 | AB86: 4916870 | AC86: 4917201 | AD86: 4917201 | AE86: 4917438 | AF86: 4917438 | AG86: 4917774 | AH86: 4917774 | AI86: 4917774 | AJ86: 4917774 | AK86: 4918080 | AL86: 4918080 | AM86: 4918214 | AN86: 4918214 | AO86: 4918361 | AP86: 4918543 | AQ86: 4918543 | AR86: 4918713 | AS86: 4918713 | AT86: 4918713
A87: 寡夫房里是非多 | B87: 4899514 | C87: 4899839 | D87: 4899839 | E87: 4899839 | F87: 4899839 | G87: 4900537 | H87: 4900537 | I87: 4900537 | J87: 4900815 | K87: 4900815 | L87: 4900879 | M87: 4900879 | N87: 4900879 | O87: 4900879 | P87: 4900879 | Q87: 4900934 | R87: 4900934 | S87: 4900988 | T87: 4900988 | U87: 4900988 | V87: 4900988 | W87: 4901178 | X87: 4901178 | Y87: 4901319 | Z87: 4901319 | AA87: 4901319 | AB87: 4901319 | AC87: 4901319 | AD87: 4901773 | AE87: 4901773 | AF87: 4901929 | AG87: 4901929 | AH87: 4901929 | AI87: 4901929 | AJ87: 4901929 | AK87: 4901929 | AL87: 4901929 | AM87: 4902422 | AN87: 4902422 | AO87: 4902523 | AP87: 4902523 | AQ87: 4902666 | AR87: 4902864 | AS87: 4902864 | AT87: 4903075
A88: 长行渡云间 | AG88: 4846286 | AH88: 4846286 | AI88: 4846286 | AJ88: 4846286 | AK88: 4846286 | AL88: 4846286 | AM88: 4846498 | AN88: 4846498 | AO88: 4846574 | AP88: 4846574 | AQ88: 4846640 | AR88: 4846711 | AS88: 4846711 | AT88: 4846800
A89: 社恐勇闯恋综 | B89: 4810483 | C89: 4810764 | D89: 4810764 | E89: 4810764 | F89: 4810764 | G89: 4811389 | H89: 4811389 | I89: 4811389 | J89: 4811807 | K89: 4811807 | L89: 4811931 | M89: 4811931 | N89: 4811931 | O89: 4811931 | P89: 4811931 | Q89: 4812054 | R89: 4812054 | S89: 4812204 | T89: 4812204 | U89: 4812204 | V89: 4812204 | W89: 4812609 | X89: 4812609 | Y89: 4812839 | Z89: 4812839 | AA89: 4812839 | AB89: 4812839 | AC89: 4812839 | AD89: 4812839 | AE89: 4813439 | AF89: 4813705 | AG89: 4813705 | AH89: 4813705 | AI89: 4813705 | AJ89: 4813705 | AK89: 4813705 | AL89: 4813705 | AM89: 4814501 | AN89: 4814501 | AO89: 4814720 | AP89: 4814720 | AQ89: 4814932 | AR89: 4815246 | AS89: 4815246 | AT89: 4815580
A90: 半荀来袭 | B90: 4791540 | C90: 4791540 | D90: 4792247 | E90: 4792247 | F90: 4792247 | G90: 4792247 | H90: 4792441 | I90: 4792441 | J90: 4792488 | K90: 4792488 | L90: 4792488 | M90: 4792488 | N90: 4792528 | O90: 4792528 | P90: 4792578 | Q90: 4792578 | R90: 4792578 | S90: 4792578 | T90: 4792683 | U90: 4792683 | V90: 4792763 | W90: 4792763 | X90: 4792763 | Y90: 4792763 | Z90: 4792914 | AA90: 4792914 | AB90: 4793062 | AC90: 4793062 | AD90: 4793173 | AE90: 4793173 | AF90: 4793173 | AI90: 4793345 | AJ90: 4793550 | AK90: 4793550 | AL90: 4793646 | AO90: 4793905 | AP90: 4794150 | AQ90: 4794381 | AR90: 4794381 | AS90: 4794381 | AT90: 4794381
A91: 金珠遗梦 | B91: 4787133 | C91: 4787133 | D91: 4787133 | E91: 4787133 | F91: 4788333 | G91: 4788333 | H91: 4788333 | I91: 4788333 | J91: 4788768 | K91: 4788768 | L91: 4788882 | M91: 4788882 | N91: 4788882 | O91: 4788882 | P91: 4788995 | Q91: 4788995 | R91: 4788995 | S91: 4789101 | T91: 4789101 | U91: 4789101 | V91: 4789366 | W91: 4789366 | X91: 4789535 | Y91: 4789535 | Z91: 4789535 | AA91: 4789535 | AB91: 4789535 | AC91: 4789535 | AD91: 4790219 | AE91: 4790219 | AF91: 4790505 | AG91: 4790505 | AH91: 4790505 | AI91: 4790505 | AJ91: 4790505 | AK91: 4790505 | AL91: 4790505 | AM91: 4791437 | AN91: 4791437 | AO91: 4791705 | AP91: 4792007 | AQ91: 4792389 | AR91: 4792389 | AS91: 4792779 | AT91: 4792779
A92: 仙门逸事 | B92: 4549096 | C92: 4549096 | D92: 4549605 | E92: 4549605 | F92: 4549605 | G92: 4549605 | H92: 4549772 | I92: 4549772 | J92: 4549817 | K92: 4549817 | L92: 4549817 | M92: 4549817 | N92: 4549886 | O92: 4549886 | P92: 4549932 | Q92: 4549932 | R92: 4549932 | S92: 4549932 | T92: 4550045 | U92: 4550045 | V92: 4550132 | W92: 4550132 | X92: 4550132 | Y92: 4550132 | Z92: 4550327 | AA92: 4550327 | AB92: 4550455 | AC92: 4550455 | AD92: 4550625 | AE92: 4550625 | AF92: 4550625 | AG92: 4550877 | AH92: 4550877 | AI92: 4550877 | AJ92: 4550877 | AK92: 4551162 | AL92: 4551162 | AM92: 4551281 | AN92: 4551281 | AO92: 4551397 | AP92: 4551602 | AQ92: 4551805 | AR92: 4551805 | AS92: 4551805 | AT92: 4551805
A93: 灰日告白 | B93: 4518669 | C93: 4519916 | D93: 4519916 | E93: 4519916 | F93: 4519916 | G93: 4522078 | H93: 4522078 | I93: 4522078 | J93: 4522078 | K93: 4522778 | L93: 4522778 | M93: 4522931 | N93: 4522931 | O93: 4522931 | P93: 4522931 | Q93: 4523149 | R93: 4523149 | S93: 4523149 | T93: 4523299 | U93: 4523299 | V93: 4523299 | W93: 4523526 | X93: 4523526 | Y93: 4523526 | Z93: 4523526 | AA93: 4523526 | AB93: 4523526 | AC93: 4523526 | AD93: 4523526 | AE93: 4524453 | AF93: 4524453 | AG93: 4524453 | AH93: 4524453 | AI93: 4524453 | AJ93: 4524453 | AK93: 4524453 | AL93: 4524453 | AM93: 4525975 | AN93: 4525975 | AO93: 4525975 | AP93: 4526381 | AQ93: 4526916 | AR93: 4527496 | AS93: 4527496 | AT93: 4528226
A94: 吞噬：Swallow | B94: 4423680 | C94: 4423960 | D94: 4423960 | E94: 4423960 | F94: 4423960 | G94: 4424473 | H94: 4424473 | I94: 4424473 | J94: 4424473 | K94: 4424693 | L94: 4424693 | M94: 4424745 | N94: 4424745 | O94: 4424745 | P94: 4424745 | Q94: 4424815 | R94: 4424815 | S94: 4424815 | T94: 4424889 | U94: 4424889 | V94: 4424889 | W94: 4425002 | X94: 4425002 | Y94: 4425002 | Z94: 4425002 | AA94: 4425002 | AB94: 4425002 | AC94: 4425002 | AD94: 4425002 | AE94: 4425323 | AF94: 4425323 | AG94: 4425323 | AH94: 4425323 | AI94: 4425323 | AJ94: 4425323 | AK94: 4425323 | AL94: 4425323 | AM94: 4425323 | AN94: 4425877 | AO94: 4425877 | AP94: 4426022 | AQ94: 4426166 | AR94: 4426166 | AS94: 4426323 | AT94: 4426491
A95: 师尊她体带情花 | C95: 4329838 | D95: 4329838 | E95: 4329838 | F95: 4330081 | G95: 4330081 | H95: 4330081 | I95: 4330081 | J95: 4330181 | K95: 4330181 | L95: 4330218 | M95: 4330218 | N95: 4330218 | O95: 4330218 | P95: 4330242 | Q95: 4330242 | R95: 4330253 | S95: 4330253 | T95: 4330253 | U95: 4330253 | V95: 4330288 | W95: 4330288 | X95: 4330332 | Y95: 4330332 | Z95: 4330332 | AA95: 4330332 | AB95: 4330332 | AC95: 4330332 | AD95: 4330459 | AE95: 4330459 | AF95: 4330522 | AG95: 4330522 | AH95: 4330627 | AI95: 4330627 | AJ95: 4330627 | AK95: 4330627 | AL95: 4330716 | AM95: 4330716 | AN95: 4330716 | AO95: 4330757 | AP95: 4330824 | AQ95: 4330873 | AR95: 4330873 | AS95: 4330960 | AT95: 4330960
A96: 这宫斗没法继续了 | B96: 4237925 | C96: 4237925 | D96: 4237925 | E96: 4238473 | F96: 4238473 | G96: 4238473 | H96: 4238473 | I96: 4238705 | J96: 4238705 | K96: 4238761 | L96: 4238761 | M96: 4238761 | N96: 4238761 | O96: 4238842 | P96: 4238842 | Q96: 4238883 | R96: 4238883 | S96: 4238883 | T96: 4238883 | U96: 4238989 | V96: 4238989 | W96: 4239084 | X96: 4239084 | Y96: 4239084 | Z96: 4239084 | AA96: 4239084 | AB96: 4239084 | AC96: 4239420 | AD96: 4239420 | AE96: 4239565 | AF96: 4239565 | AG96: 4239565 | AH96: 4239796 | AI96: 4239796 | AJ96: 4239796 | AK96: 4240121 | AL96: 4240121 | AM96: 4240275 | AN96: 4240275 | AO96: 4240428 | AP96: 4240577 | AQ96: 4240577 | AR96: 4240798 | AS96: 4240798 | AT96: 4240798
A97: 腐烂之前，先吻我 | B97: 4185661 | C97: 4185784 | D97: 4185784 | E97: 4185784 | F97: 4185784 | G97: 4186060 | H97: 4186060 | I97: 4186060 | J97: 4186060 | K97: 4186186 | L97: 4186186 | M97: 4186215 | N97: 4186215 | O97: 4186215 | P97: 4186215 | Q97: 4186247 | R97: 4186247 | S97: 4186267 | T97: 4186267 | U97: 4186267 | V97: 4186267 | AJ97: 4186404 | AK97: 4186404 | AL97: 4186404 | AM97: 4186662 | AN97: 4186662 | AO97: 4186662 | AP97: 4186723 | AQ97: 4186788 | AR97: 4186875 | AS97: 4186875 | AT97: 4186997
A98: 临江二中学生论坛 | B98: 4178253 | C98: 4178577 | D98: 4178577 | E98: 4178577 | F98: 4178577 | G98: 4179061 | H98: 4179061 | I98: 4179061 | J98: 4179257 | K98: 4179257 | L98: 4179297 | M98: 4179297 | N98: 4179297 | T98: 4179401 | U98: 4179401 | V98: 4179401 | W98: 4179521 | X98: 4179521 | Y98: 4179595 | Z98: 4179595 | AA98: 4179595 | AB98: 4179595 | AC98: 4179595 | AD98: 4179860 | AE98: 4179860 | AF98: 4180019 | AG98: 4180019 | AH98: 4180019 | AI98: 4180019 | AJ98: 4180019 | AK98: 4180019 | AL98: 4180019 | AM98: 4180428 | AN98: 4180428 | AO98: 4180597 | AP98: 4180737 | AQ98: 4180737 | AR98: 4180939 | AS98: 4180939 | AT98: 4181155
A99: 末日围城 | I99: 4140881 | J99: 4140897 | K99: 4140897 | L99: 4140897 | M99: 4140897 | N99: 4140938 | O99: 4140938 | P99: 4140938 | Q99: 4140954 | R99: 4140954 | S99: 4140954 | T99: 4140954 | U99: 4140988 | V99: 4140988 | W99: 4141016 | X99: 4141016 | Y99: 4141016 | Z99: 4141016 | AA99: 4141016 | AB99: 4141016 | AC99: 4141251 | AD99: 4141251 | AE99: 4141360 | AF99: 4141360 | AG99: 4141570 | AH99: 4141570 | AI99: 4141570 | AJ99: 4141570 | AK99: 4141809 | AL99: 4141809 | AM99: 4141935 | AN99: 4141935 | AO99: 4142071 | AP99: 4142230 | AQ99: 4142230 | AR99: 4142419 | AS99: 4142419 | AT99: 4142419
A100: 清宫梦几重 | B100: 4110205 | C100: 4110205 | D100: 4110205 | E100: 4110205 | F100: 4110460 | G100: 4110460 | H100: 4110460 | I100: 4110460 | J100: 4110573 | K100: 4110573 | L100: 4110594 | M100: 4110594 | N100: 4110594 | O100: 4110594 | P100: 4110638 | Q100: 4110638 | R100: 4110638 | S100: 4110650 | T100: 4110650 | U100: 4110650 | V100: 4110706 | W100: 4110706 | X100: 4110768 | Y100: 4110768 | Z100: 4110768 | AA100: 4110768 | AB100: 4110768 | AC100: 4110768 | AD100: 4110963 | AE100: 4110963 | AF100: 4111049 | AG100: 4111049 | AH100: 4111049 | AI100: 4111049 | AJ100: 4111049 | AK100: 4111049 | AL100: 4111356 | AM100: 4111356 | AN100: 4111356 | AO100: 4111425 | AP100: 4111526 | AQ100: 4111629 | AR100: 4111629 | AS100: 4111751 | AT100: 4111751
...

Sheet 收藏变化
A1: 作品名 | B1: 2026-10-21 00:30 | C1: 2026-10-21 01:00 | D1: 2026-10-21 01:30 | E1: 2026-10-21 02:00 | F1: 2026-10-21 02:30 | G1: 2026-10-21 03:15 | H1: 2026-10-21 03:45 | I1: 2026-10-21 04:15 | J1: 2026-10-21 04:45 | K1: 2026-10-21 05:15 | L1: 2026-10-21 05:45 | M1: 2026-10-21 06:15 | N1: 2026-10-21 06:45 | O1: 2026-10-21 07:15 | P1: 2026-10-21 07:30 | Q1: 2026-10-21 08:00 | R1: 2026-10-21 08:15 | S1: 2026-10-21 09:00 | T1: 2026-10-21 09:30 | U1: 2026-10-21 10:00 | V1: 2026-10-21 10:30 | W1: 2026-10-21 11:00 | X1: 2026-10-21 11:30 | Y1: 2026-10-21 12:00 | Z1: 2026-10-21 12:30 | AA1: 2026-10-21 13:00 | AB1: 2026-10-21 13:30 | AC1: 2026-10-21 14:00 | AD1: 2026-10-21 14:30 | AE1: 2026-10-21 15:30 | AF1: 2026-10-21 16:00 | AG1: 2026-10-21 16:45 | AH1: 2026-10-21 17:15 | AI1: 2026-10-21 17:45 | AJ1: 2026-10-21 18:30 | AK1: 2026-10-21 19:00 | AL1: 2026-10-21 19:30 | AM1: 2026-10-21 20:00 | AN1: 2026-10-21 20:30 | AO1: 2026-10-21 21:15 | AP1: 2026-10-21 22:00 | AQ1: 2026-10-21 22:30 | AR1: 2026-10-21 23:00 | AS1: 2026-10-21 23:30 | AT1: 2026-10-22 00:00
A2: 师途 | B2: 1699641 | C2: 1699649 | D2: 1699655 | E2: 1699659 | F2: 1699660 | G2: 1699663 | H2: 1699664 | I2: 1699665 | J2: 1699666 | K2: 1699666 | L2: 1699667 | M2: 1699667 | N2: 1699669 | O2: 1699669 | P2: 1699669 | Q2: 1699671 | R2: 1699673 | S2: 1699679 | T2: 1699681 | U2: 1699679 | V2: 1699679 | W2: 1699682 | X2: 1699685 | Y2: 1699695 | Z2: 1699695 | AA2: 1699696 | AB2: 1699702 | AC2: 1699707 | AD2: 1699711 | AE2: 1699719 | AF2: 1699725 | AG2: 1699729 | AH2: 1699733 | AI2: 1699736 | AJ2: 1699739 | AK2: 1699744 | AL2: 1699747 | AM2: 1699754 | AN2: 1699759 | AO2: 1699771 | AP2: 1699784 | AQ2: 1699792 | AR2: 1699806 | AS2: 1699812 | AT2: 1699824
A3: 临帝阙 | B3: 1638478 | C3: 1638489 | D3: 1638496 | E3: 1638499 | F3: 1638499 | G3: 1638503 | H3: 1638504 | I3: 1638509 | J3: 1638510 | K3: 1638512 | L3: 1638512 | M3: 1638513 | N3: 1638517 | O3: 1638518 | P3: 1638521 | Q3: 1638523 | R3: 1638527 | S3: 1638532 | T3: 1638534 | U3: 1638545 | V3: 1638547 | W3: 1638551 | X3: 1638554 | Y3: 1638560 | Z3: 1638565 | AA3: 1638575 | AB3: 1638580 | AC3: 1638587 | AD3: 1638590 | AE3: 1638608 | AF3: 1638611 | AG3: 1638617 | AH3: 1638623 | AI3: 1638630 | AJ3: 1638638 | AK3: 1638645 | AL3: 1638653 | AM3: 1638661 | AN3: 1638669 | AO3: 1638690 | AP3: 1638705 | AQ3: 1638718 | AR3: 1638747 | AS3: 1638761 | AT3: 1638770
A4: 恐游病娇boss爱的追逐战 | B4: 1094766 | C4: 1094768 | D4: 1094770 | E4: 1094771 | F4: 1094772 | G4: 1094775 | H4: 1094776 | I4: 1094776 | J4: 1094777 | K4: 1094777 | L4: 1094779 | M4: 1094780 | N4: 1094780 | O4: 1094778 | P4: 1094777 | Q4: 1094777 | R4: 1094779 | S4: 1094780 | T4: 1094782 | U4: 1094783 | V4: 1094783 | W4: 1094785 | X4: 1094784 | Y4: 1094785 | Z4: 1094788 | AA4: 1094789 | AB4: 1094790 | AC4: 1094791 | AD4: 1094793 | AE4: 1094793 | AF4: 1094796 | AG4: 1094795 | AH4: 1094797 | AI4: 1094797 | AJ4: 1094801 | AK4: 1094805 | AL4: 1094806 | AM4: 1094809 | AN4: 1094816 | AO4: 1094826 | AP4: 1094831 | AQ4: 1094836 | AR4: 1094846 | AS4: 1094847 | AT4: 1094851
A5: 宫斗这件小事新版 | B5: 1052412 | C5: 1052412 | D5: 1052414 | E5: 1052414 | F5: 1052414 | G5: 1052415 | H5: 1052415 | I5: 1052415 | J5: 1052415 | K5: 1052415 | L5: 1052415 | M5: 1052415 | N5: 1052415 | O5: 1052415 | P5: 1052415 | Q5: 1052416 | R5: 1052417 | S5: 1052418 | T5: 1052421 | U5: 1052423 | V5: 1052425 | W5: 1052424 | X5: 1052423 | Y5: 1052424 | Z5: 1052422 | AA5: 1052426 | AB5: 1052425 | AC5: 1052428 | AD5: 1052428 | AE5: 1052430 | AF5: 1052432 | AG5: 1052433 | AH5: 1052432 | AI5: 1052434 | AJ5: 1052433 | AK5: 1052433 | AL5: 1052432 | AM5: 1052433 | AN5: 1052431 | AO5: 1052437 | AP5: 1052435 | AQ5: 1052440 | AR5: 1052443 | AS5: 1052446 | AT5: 1052448
A6: 仙路漫漫 | B6: 910405 | C6: 910408 | D6: 910413 | E6: 910417 | F6: 910416 | G6: 910415 | H6: 910415 | I6: 910414 | J6: 910414 | K6: 910415 | L6: 910415 | M6: 910415 | N6: 910415 | O6: 910416 | P6: 910418 | Q6: 910418 | R6: 910418 | S6: 910419 | T6: 910414 | U6: 910413 | V6: 910414 | W6: 910415 | X6: 910418 | Y6: 910416 | Z6: 910417 | AA6: 910415 | AB6: 910416 | AC6: 910415 | AD6: 910414 | AE6: 910413 | AF6: 910418 | AG6: 910423 | AH6: 910427 | AI6: 910429 | AJ6: 910428 | AK6: 910432 | AL6: 910434 | AM6: 910439 | AN6: 910440 | AO6: 910445 | AP6: 910453 | AQ6: 910459 | AR6: 910470 | AS6: 910467 | AT6: 910476
A7: 捉鬼师后日谈 | B7: 861461 | C7: 861480 | D7: 861482 | E7: 861486 | F7: 861490 | G7: 861492 | H7: 861497 | I7: 861498 | J7: 861502 | K7: 861502 | L7: 861504 | M7: 861507 | N7: 861512 | O7: 861517 | P7: 861520 | Q7: 861522 | R7: 861526 | S7: 861529 | T7: 861533 | U7: 861538 | V7: 861543 | W7: 861549 | X7: 861552 | Y7: 861555 | Z7: 861562 | AA7: 861571 | AB7: 861575 | AC7: 861583 | AD7: 861589 | AE7: 861596 | AF7: 861613 | AG7: 861618 | AH7: 861618 | AI7: 861626 | AJ7: 861633 | AK7: 861642 | AL7: 861655 | AM7: 861667 | AN7: 861682 | AO7: 861700 | AP7: 861728 | AQ7: 861745 | AR7: 861765 | AS7: 861775 | AT7: 861797
A8: 怪我过分美丽 | B8: 716251 | C8: 716260 | D8: 716262 | E8: 716263 | F8: 716266 | G8: 716271 | H8: 716271 | I8: 716271 | J8: 716273 | K8: 716275 | L8: 716275 | M8: 716274 | N8: 716276 | O8: 716276 | P8: 716276 | Q8: 716276 | R8: 716277 | S8: 716280 | T8: 716282 | U8: 716287 | V8: 716289 | W8: 716296 | X8: 716299 | Y8: 716301 | Z8: 716307 | AA8: 716312 | AB8: 716312 | AC8: 716314 | AD8: 716318 | AE8: 716323 | AF8: 716329 | AG8: 716331 | AH8: 716334 | AI8: 716337 | AJ8: 716340 | AK8: 716343 | AL8: 716345 | AM8: 716349 | AN8: 716351 | AO8: 716354 | AP8: 716361 | AQ8: 716363 | AR8: 716372 | AS8: 716384 | AT8: 716391
A9: 幼主本纪 | B9: 661072 | C9: 661070 | D9: 661071 | E9: 661072 | F9: 661072 | G9: 661072 | H9: 661071 | I9: 661071 | J9: 661071 | K9: 661071 | L9: 661071 | M9: 661071 | N9: 661071 | O9: 661070 | X9: 661069 | Y9: 661070 | Z9: 661069 | AA9: 661070 | AB9: 661072 | AC9: 661072 | AD9: 661074 | AE9: 661074 | AF9: 661076 | AG9: 661075 | AH9: 661076 | AI9: 661076 | AJ9: 661075 | AK9: 661075 | AL9: 661075 | AM9: 661074 | AN9: 661072 | AO9: 661072 | AP9: 661073 | AQ9: 661074 | AR9: 661073 | AS9: 661074 | AT9: 661073
A10: 并不是一般穿游 | B10: 593936 | C10: 593943 | D10: 593943 | E10: 593944 | F10: 593944 | G10: 593947 | H10: 593945 | I10: 593946 | J10: 593946 | K10: 593945 | L10: 593945 | M10: 593945 | N10: 593945 | O10: 593945 | P10: 593944 | Q10: 593944 | R10: 593945 | S10: 593946 | T10: 593948 | U10: 593947 | V10: 593948 | W10: 593952 | X10: 593953 | Y10: 593958 | Z10: 593958 | AA10: 593961 | AB10: 593961 | AC10: 593961 | AD10: 593963 | AE10: 593965 | AF10: 593967 | AG10: 593970 | AH10: 593970 | AI10: 593970 | AJ10: 593971 | AK10: 593975 | AL10: 593979 | AM10: 593985 | AN10: 593991 | AO10: 593993 | AP10: 593992 | AQ10: 593998 | AR10: 594002 | AS10: 594008 | AT10: 594012
A11: 逢尊 | B11: 577953 | C11: 577953 | D11: 577952 | E11: 577951 | F11: 577951 | G11: 577952 | H11: 577952 | I11: 577953 | J11: 577954 | K11: 577954 | L11: 577954 | M11: 577954 | N11: 577954 | O11: 577954 | P11: 577954 | Q11: 577954 | R11: 577953 | S11: 577955 | T11: 577956 | W11: 577957 | X11: 577959 | Y11: 577959 | Z11: 577957 | AA11: 577957 | AB11: 577957 | AC11: 577959 | AD11: 577961 | AE11: 577961 | AF11: 577963 | AG11: 577963 | AH11: 577964 | AI11: 577965 | AJ11: 577967 | AK11: 577967 | AL11: 577967 | AM11: 577967 | AN11: 577966 | AO11: 577968 | AP11: 577967 | AQ11: 577971 | AR11: 577974 | AS11: 577975 | AT11: 577977
A12: 后宫乱芳时 | B12: 570567 | C12: 570567 | D12: 570568 | E12: 570567 | F12: 570568 | G12: 570568 | H12: 570569 | I12: 570569 | J12: 570569 | K12: 570569 | L12: 570570 | M12: 570570 | N12: 570570 | O12: 570571 | P12: 570571 | Q12: 570571 | R12: 570572 | S12: 570576 | T12: 570577 | U12: 570578 | V12: 570577 | W12: 570578 | X12: 570580 | Y12: 570583 | Z12: 570583 | AA12: 570583 | AB12: 570584 | AC12: 570586 | AD12: 570586 | AE12: 570583 | AF12: 570585 | AG12: 570586 | AH12: 570587 | AI12: 570588 | AJ12: 570589 | AK12: 570591 | AL12: 570592 | AM12: 570594 | AN12: 570593 | AO12: 570597 | AP12: 570599 | AQ12: 570602 | AR12: 570603 | AS12: 570607 | AT12: 570609
A13: 古代人生模拟器 | B13: 569539 | C13: 569540 | D13: 569543 | E13: 569546 | F13: 569547 | G13: 569549 | H13: 569549 | I13: 569548 | J13: 569548 | K13: 569548 | L13: 569548 | M13: 569548 | N13: 569549 | O13: 569549 | P13: 569549 | Q13: 569550 | R13: 569550 | S13: 569549 | T13: 569551 | U13: 569550 | V13: 569549 | W13: 569549 | X13: 569549 | Y13: 569549 | Z13: 569549 | AA13: 569551 | AB13: 569552 | AC13: 569554 | AD13: 569555 | AE13: 569555 | AF13: 569556 | AG13: 569556 | AH13: 569560 | AI13: 569560 | AJ13: 569560 | AK13: 569562 | AL13: 569563 | AM13: 569564 | AN13: 569565 | AO13: 569568 | AP13: 569567 | AQ13: 569567 | AR13: 569569 | AS13: 569571 | AT13: 569574
A14: 都想攻略女魔头 | B14: 544200 | C14: 544202 | D14: 544202 | E14: 544202 | F14: 544202 | G14: 544201 | H14: 544201 | I14: 544201 | J14: 544201 | K14: 544201 | L14: 544201 | M14: 544201 | N14: 544201 | O14: 544202 | P14: 544202 | Q14: 544202 | R14: 544202 | S14: 544203 | T14: 544204 | U14: 544204 | V14: 544204 | W14: 544204 | X14: 544203 | Y14: 544205 | Z14: 544204 | AA14: 544202 | AB14: 544201 | AC14: 544202 | AD14: 544204 | AE14: 544203 | AF14: 544203 | AG14: 544203 | AH14: 544203 | AI14: 544204 | AJ14: 544205 | AK14: 544204 | AL14: 544204 | AM14: 544203 | AN14: 544204 | AO14: 544203 | AP14: 544204 | AQ14: 544205 | AR14: 544205 | AS14: 544207 | AT14: 544208
A15: 皇后是只狐狸精 | B15: 531449 | C15: 531449 | D15: 531448 | E15: 531447 | F15: 531447 | G15: 531447 | H15: 531446 | I15: 531446 | J15: 531445 | K15: 531445 | L15: 531445 | M15: 531445 | N15: 531445 | O15: 531445 | P15: 531446 | Q15: 531446 | R15: 531446 | S15: 531447 | T15: 531447 | U15: 531447 | V15: 531447 | W15: 531447 | X15: 531447 | Y15: 531448 | Z15: 531448 | AA15: 531449 | AB15: 531449 | AC15: 531450 | AD15: 531449 | AE15: 531450 | AF15: 531449 | AG15: 531445 | AH15: 531447 | AI15: 531448 | AJ15: 531449 | AK15: 531450 | AL15: 531450 | AM15: 531451 | AN15: 531451 | AO15: 531452 | AP15: 531452 | AQ15: 531454 | AR15: 531458 | AS15: 531457 | AT15: 531458
A16: 中宫辞 | B16: 530260 | C16: 530262 | D16: 530260 | E16: 530260 | F16: 530261 | G16: 530262 | H16: 530261 | L16: 530263 | M16: 530263 | N16: 530264 | O16: 530265 | P16: 530265 | U16: 530266 | V16: 530266 | W16: 530266 | X16: 530266 | Y16: 530264 | Z16: 530264 | AA16: 530263 | AB16: 530263 | AC16: 530263 | AD16: 530264 | AE16: 530265 | AF16: 530264 | AK16: 530262 | AL16: 530264 | AM16: 530264 | AN16: 530265 | AO16: 530264 | AP16: 530267 | AQ16: 530269 | AR16: 530273 | AS16: 530273 | AT16: 530276
A17: 主播在线宫斗 | B17: 521347 | C17: 521348 | D17: 521349 | E17: 521351 | F17: 521351 | G17: 521353 | H17: 521353 | K17: 521352 | L17: 521352 | M17: 521355 | N17: 521355 | O17: 521355 | P17: 521355 | Q17: 521355 | R17: 521355 | S17: 521356 | T17: 521356 | U17: 521356 | V17: 521357 | W17: 521358 | X17: 521357 | Y17: 521358 | Z17: 521361 | AA17: 521362 | AB17: 521366 | AC17: 521366 | AD17: 521367 | AE17: 521366 | AF17: 521366 | AG17: 521366 | AH17: 521366 | AI17: 521366 | AJ17: 521366 | AK17: 521367 | AL17: 521368 | AM17: 521368 | AN17: 521368 | AO17: 521370 | AP17: 521369 | AQ17: 521374 | AR17: 521377 | AS17: 521379 | AT17: 521379
A18: AMNESIA 失忆症 | B18: 506036 | C18: 506053 | D18: 506058 | E18: 506064 | F18: 506079 | G18: 506083 | H18: 506089 | I18: 506092 | J18: 506094 | K18: 506097 | L18: 506098 | M18: 506100 | N18: 506104 | O18: 506111 | P18: 506115 | Q18: 506117 | R18: 506124 | S18: 506134 | T18: 506147 | U18: 506159 | V18: 506167 | W18: 506180 | X18: 506189 | Y18: 506200 | Z18: 506208 | AA18: 506227 | AB18: 506240 | AC18: 506261 | AD18: 506273 | AE18: 506294 | AF18: 506308 | AG18: 506322 | AH18: 506331 | AI18: 506343 | AJ18: 506355 | AK18: 506372 | AL18: 506391 | AM18: 506413 | AN18: 506425 | AO18: 506448 | AP18: 506478 | AQ18: 506507 | AR18: 506549 | AS18: 506569 | AT18: 506602
A19: 宫妃 | B19: 497791 | C19: 497796 | D19: 497799 | E19: 497805 | F19: 497809 | G19: 497813 | H19: 497814 | I19: 497816 | J19: 497818 | K19: 497819 | L19: 497818 | M19: 497818 | N19: 497818 | O19: 497818 | P19: 497820 | Q19: 497820 | R19: 497822 | S19: 497830 | T19: 497834 | U19: 497843 | V19: 497849 | W19: 497852 | X19: 497855 | Y19: 497858 | Z19: 497862 | AA19: 497866 | AB19: 497873 | AC19: 497875 | AD19: 497880 | AE19: 497892 | AF19: 497901 | AG19: 497902 | AH19: 497914 | AI19: 497918 | AJ19: 497926 | AK19: 497932 | AL19: 497935 | AM19: 497939 | AN19: 497946 | AO19: 497954 | AP19: 497962 | AQ19: 497974 | AR19: 497989 | AS19: 497998 | AT19: 498007
A20: 请拒绝罪犯们的疯狂示爱 | B20: 491326 | C20: 491325 | D20: 491326 | E20: 491327 | F20: 491328 | G20: 491329 | H20: 491331 | I20: 491331 | J20: 491331 | K20: 491331 | L20: 491333 | M20: 491333 | N20: 491335 | O20: 491335 | P20: 491337 | Q20: 491340 | R20: 491340 | S20: 491341 | T20: 491341 | U20: 491344 | V20: 491343 | W20: 491344 | X20: 491345 | Y20: 491346 | Z20: 491346 | AA20: 491346 | AB20: 491347 | AC20: 491351 | AD20: 491355 | AE20: 491357 | AF20: 491359 | AG20: 491359 | AH20: 491362 | AI20: 491363 | AJ20: 491365 | AK20: 491368 | AL20: 491369 | AM20: 491371 | AN20: 491372 | AO20: 491376 | AP20: 491379 | AQ20: 491386 | AR20: 491389 | AS20: 491396 | AT20: 491403
A21: 神也梦春秋 | B21: 482283 | C21: 482285 | D21: 482288 | E21: 482291 | F21: 482293 | G21: 482293 | H21: 482295 | I21: 482294 | J21: 482295 | K21: 482295 | L21: 482296 | M21: 482296 | N21: 482296 | O21: 482298 | P21: 482297 | Q21: 482297 | R21: 482297 | S21: 482299 | T21: 482299 | U21: 482299 | V21: 482299 | W21: 482301 | X21: 482302 | Y21: 482301 | Z21: 482301 | AA21: 482302 | AB21: 482303 | AC21: 482302 | AD21: 482301 | AE21: 482302 | AF21: 482302 | AG21: 482303 | AH21: 482307 | AI21: 482308 | AJ21: 482309 | AK21: 482314 | AL21: 482315 | AM21: 482318 | AN21: 482317 | AO21: 482321 | AP21: 482324 | AQ21: 482328 | AR21: 482331 | AS21: 482334 | AT21: 482341
A22: 渡前缘 | B22: 475438 | C22: 475441 | D22: 475441 | E22: 475441 | F22: 475442 | G22: 475446 | H22: 475448 | I22: 475449 | J22: 475451 | K22: 475451 | L22: 475451 | M22: 475451 | N22: 475452 | O22: 475451 | P22: 475453 | Q22: 475454 | R22: 475455 | S22: 475456 | T22: 475456 | U22: 475454 | V22: 475455 | W22: 475454 | X22: 475454 | Y22: 475456 | Z22: 475460 | AA22: 475460 | AB22: 475462 | AC22: 475464 | AD22: 475466 | AE22: 475470 | AF22: 475469 | AG22: 475470 | AH22: 475471 | AI22: 475473 | AJ22: 475471 | AK22: 475470 | AL22: 475471 | AM22: 475468 | AN22: 475468 | AO22: 475471 | AP22: 475472 | AQ22: 475478 | AR22: 475484 | AS22: 475486 | AT22: 475492
A23: 渣皇本色 | B23: 474814 | C23: 474814 | D23: 474813 | E23: 474814 | F23: 474815 | G23: 474814 | H23: 474814 | I23: 474813 | J23: 474813 | K23: 474813 | L23: 474812 | M23: 474812 | N23: 474812 | O23: 474812 | P23: 474812 | Q23: 474813 | R23: 474814 | S23: 474814 | T23: 474815 | U23: 474815 | V23: 474818 | W23: 474820 | X23: 474821 | Y23: 474821 | Z23: 474821 | AA23: 474825 | AB23: 474826 | AC23: 474827 | AD23: 474830 | AE23: 474830 | AF23: 474833 | AG23: 474835 | AH23: 474838 | AI23: 474838 | AJ23: 474839 | AK23: 474838 | AL23: 474839 | AM23: 474839 | AN23: 474839 | AO23: 474845 | AP23: 474848 | AQ23: 474851 | AR23: 474850 | AS23: 474851 | AT23: 474852
A24: 宫妃风华录 | B24: 474465 | C24: 474467 | D24: 474468 | E24: 474468 | F24: 474468 | G24: 474469 | H24: 474469 | I24: 474468 | J24: 474468 | K24: 474469 | L24: 474470 | M24: 474471 | N24: 474471 | O24: 474471 | P24: 474472 | Q24: 474471 | R24: 474471 | S24: 474474 | T24: 474475 | U24: 474475 | V24: 474475 | W24: 474475 | X24: 474476 | Y24: 474478 | Z24: 474478 | AA24: 474479 | AB24: 474481 | AC24: 474481 | AD24: 474482 | AE24: 474483 | AF24: 474483 | AG24: 474484 | AH24: 474487 | AI24: 474488 | AJ24: 474489 | AK24: 474490 | AL24: 474499 | AM24: 474504 | AN24: 474504 | AO24: 474512 | AP24: 474518 | AQ24: 474523 | AR24: 474524 | AS24: 474526 | AT24: 474527
A25: 无情笺 | B25: 468910 | C25: 468916 | D25: 468920 | E25: 468924 | F25: 468926 | G25: 468930 | H25: 468930 | I25: 468930 | J25: 468931 | K25: 468931 | L25: 468931 | M25: 468933 | N25: 468934 | O25: 468935 | P25: 468937 | Q25: 468938 | R25: 468942 | S25: 468945 | T25: 468946 | U25: 468951 | V25: 468953 | W25: 468952 | X25: 468952 | Y25: 468957 | Z25: 468961 | AA25: 468966 | AB25: 468968 | AC25: 468967 | AD25: 468967 | AE25: 468971 | AF25: 468980 | AG25: 468982 | AH25: 468983 | AI25: 468985 | AJ25: 468988 | AK25: 468991 | AL25: 468997 | AM25: 469005 | AN25: 469011 | AO25: 469017 | AP25: 469022 | AQ25: 469030 | AR25: 469039 | AS25: 469045 | AT25: 469054
A26: 江山千秋万代 | B26: 466772 | C26: 466775 | D26: 466776 | E26: 466782 | F26: 466786 | G26: 466790 | H26: 466793 | I26: 466797 | J26: 466797 | K26: 466800 | L26: 466799 | M26: 466801 | N26: 466803 | O26: 466803 | P26: 466804 | Q26: 466805 | R26: 466806 | S26: 466810 | T26: 466814 | U26: 466822 | V26: 466828 | W26: 466833 | X26: 466841 | Y26: 466852 | Z26: 466857 | AA26: 466864 | AB26: 466869 | AC26: 466872 | AD26: 466882 | AE26: 466893 | AF26: 466903 | AG26: 466918 | AH26: 466924 | AI26: 466926 | AJ26: 466938 | AK26: 466945 | AL26: 466949 | AM26: 466956 | AN26: 466969 | AO26: 466984 | AP26: 466996 | AQ26: 467006 | AR26: 467020 | AS26: 467032 | AT26: 467052
A27: 千秋百代：帝王一小时 | B27: 454881 | C27: 454884 | D27: 454885 | E27: 454887 | F27: 454889 | G27: 454893 | H27: 454895 | I27: 454894 | J27: 454897 | K27: 454899 | L27: 454901 | M27: 454901 | N27: 454903 | O27: 454904 | P27: 454905 | Q27: 454904 | R27: 454904 | S27: 454904 | T27: 454905 | U27: 454906 | V27: 454906 | W27: 454906 | X27: 454906 | Y27: 454905 | Z27: 454906 | AA27: 454906 | AB27: 454907 | AC27: 454911 | AD27: 454916 | AE27: 454915 | AF27: 454919 | AG27: 454923 | AH27: 454923 | AI27: 454925 | AJ27: 454927 | AK27: 454928 | AL27: 454931 | AM27: 454932 | AN27: 454932 | AO27: 454938 | AP27: 454940 | AQ27: 454942 | AR27: 454948 | AS27: 454949 | AT27: 454954
A28: 仙门第一纨绔 | B28: 406491 | C28: 406490 | D28: 406490 | E28: 406490 | F28: 406490 | G28: 406490 | H28: 406491 | I28: 406491 | J28: 406491 | K28: 406491 | L28: 406491 | M28: 406492 | N28: 406492 | O28: 406492 | P28: 406492 | Q28: 406492 | R28: 406492 | S28: 406492 | T28: 406491 | U28: 406490 | V28: 406492 | W28: 406492 | X28: 406493 | Y28: 406495 | Z28: 406493 | AA28: 406493 | AB28: 406494 | AC28: 406495 | AD28: 406496 | AH28: 406496 | AI28: 406496 | AS28: 406507 | AT28: 406504
A29: 纵神欢 | B29: 406064 | C29: 406065 | D29: 406068 | E29: 406070 | F29: 406070 | G29: 406074 | H29: 406074 | I29: 406074 | J29: 406075 | K29: 406077 | L29: 406078 | M29: 406080 | N29: 406082 | O29: 406084 | P29: 406085 | Q29: 406086 | R29: 406087 | S29: 406091 | T29: 406093 | U29: 406093 | V29: 406094 | W29: 406098 | X29: 406099 | Y29: 406100 | Z29: 406102 | AA29: 406102 | AB29: 406106 | AC29: 406112 | AD29: 406113 | AE29: 406121 | AF29: 406124 | AG29: 406125 | AH29: 406130 | AI29: 406129 | AJ29: 406128 | AK29: 406129 | AL29: 406131 | AM29: 406131 | AN29: 406135 | AO29: 406140 | AP29: 406141 | AQ29: 406144 | AR29: 406149 | AS29: 406161 | AT29: 406163
A30: 恶女模拟器 | B30: 399325 | C30: 399330 | D30: 399333 | E30: 399342 | F30: 399344 | G30: 399350 | H30: 399354 | I30: 399359 | J30: 399363 | K30: 399367 | L30: 399369 | M30: 399370 | N30: 399370 | O30: 399373 | P30: 399374 | Q30: 399377 | R30: 399378 | S30: 399383 | T30: 399386 | U30: 399388 | V30: 399393 | W30: 399399 | X30: 399408 | Y30: 399413 | Z30: 399414 | AA30: 399416 | AB30: 399422 | AC30: 399429 | AD30: 399435 | AE30: 399452 | AF30: 399465 | AG30: 399473 | AH30: 399480 | AI30: 399486 | AJ30: 399495 | AK30: 399504 | AL30: 399510 | AM30: 399513 | AN30: 399523 | AO30: 399536 | AP30: 399553 | AQ30: 399566 | AR30: 399590 | AS30: 399605 | AT30: 399621
A31: 诱君多采撷 | B31: 398040 | C31: 398042 | D31: 398040 | E31: 398039 | F31: 398040 | G31: 398044 | H31: 398044 | I31: 398046 | J31: 398047 | K31: 398048 | L31: 398048 | M31: 398048 | N31: 398050 | O31: 398049 | P31: 398050 | Q31: 398050 | R31: 398051 | S31: 398051 | T31: 398052 | U31: 398054 | V31: 398055 | W31: 398059 | X31: 398061 | Y31: 398062 | Z31: 398061 | AA31: 398066 | AB31: 398072 | AC31: 398078 | AD31: 398083 | AE31: 398087 | AF31: 398089 | AG31: 398091 | AH31: 398098 | AI31: 398102 | AJ31: 398104 | AK31: 398107 | AL31: 398111 | AM31: 398118 | AN31: 398119 | AO31: 398125 | AP31: 398133 | AQ31: 398137 | AR31: 398142 | AS31: 398151 | AT31: 398154
A32: 问天·神显 | G32: 391263 | H32: 391264 | J32: 391266 | K32: 391265 | L32: 391265 | M32: 391265 | N32: 391266 | O32: 391266 | P32: 391266 | Q32: 391266 | R32: 391267 | S32: 391268 | T32: 391267 | U32: 391267 | V32: 391266 | W32: 391267 | X32: 391268 | Y32: 391269 | Z32: 391269 | AA32: 391269 | AB32: 391270 | AC32: 391269 | AD32: 391269 | AE32: 391272 | AF32: 391272 | AG32: 391273 | AH32: 391272 | AI32: 391272 | AJ32: 391272 | AK32: 391274 | AL32: 391277 | AM32: 391276 | AN32: 391277 | AO32: 391280 | AP32: 391282 | AQ32: 391285 | AR32: 391288 | AS32: 391286 | AT32: 391288
A33: 赴韶光 | B33: 389478 | C33: 389487 | D33: 389488 | E33: 389491 | F33: 389492 | G33: 389493 | H33: 389494 | I33: 389494 | J33: 389494 | K33: 389494 | L33: 389494 | M33: 389494 | N33: 389494 | O33: 389493 | P33: 389493 | Q33: 389493 | R33: 389495 | S33: 389498 | T33: 389500 | U33: 389504 | V33: 389505 | W33: 389506 | X33: 389508 | Y33: 389508 | Z33: 389508 | AA33: 389510 | AB33: 389512 | AC33: 389513 | AD33: 389516 | AE33: 389519 | AF33: 389521 | AG33: 389523 | AH33: 389526 | AI33: 389527 | AJ33: 389527 | AK33: 389530 | AL33: 389532 | AM33: 389534 | AN33: 389538 | AO33: 389543 | AP33: 389549 | AQ33: 389554 | AR33: 389558 | AS33: 389560 | AT33: 389566
A34: 吞噬：Swallow | B34: 375260 | C34: 375267 | D34: 375272 | E34: 375273 | F34: 375276 | G34: 375280 | H34: 375281 | I34: 375282 | J34: 375283 | K34: 375284 | L34: 375286 | M34: 375286 | N34: 375286 | O34: 375287 | P34: 375288 | Q34: 375288 | R34: 375289 | S34: 375289 | T34: 375295 | U34: 375298 | V34: 375301 | W34: 375303 | X34: 375304 | Y34: 375307 | Z34: 375309 | AA34: 375315 | AB34: 375316 | AC34: 375318 | AD34: 375315 | AE34: 375311 | AF34: 375318 | AG34: 375321 | AH34: 375325 | AI34: 375330 | AJ34: 375330 | AK34: 375335 | AL34: 375342 | AM34: 375350 | AN34: 375351 | AO34: 375356 | AP34: 375363 | AQ34: 375371 | AR34: 375381 | AS34: 375385 | AT34: 375391
A35: 黑月光师尊拿命洗白 | B35: 372980 | C35: 372982 | D35: 372981 | E35: 372984 | F35: 372984 | G35: 372987 | H35: 372987 | I35: 372987 | J35: 372987 | K35: 372987 | L35: 372987 | M35: 372987 | N35: 372988 | O35: 372989 | P35: 372989 | Q35: 372989 | R35: 372991 | S35: 372992 | T35: 372994 | U35: 372995 | V35: 372996 | W35: 372996 | X35: 372997 | Y35: 372998 | Z35: 373002 | AA35: 373004 | AB35: 373005 | AC35: 373005 | AD35: 373006 | AE35: 373008 | AF35: 373011 | AG35: 373012 | AH35: 373015 | AI35: 373015 | AJ35: 373015 | AK35: 373018 | AL35: 373018 | AM35: 373019 | AN35: 373019 | AO35: 373021 | AP35: 373020 | AQ35: 373026 | AR35: 373028 | AS35: 373029 | AT35: 373028
A36: 凰途似锦 | B36: 371335 | C36: 371336 | D36: 371339 | E36: 371342 | F36: 371342 | G36: 371341 | H36: 371341 | I36: 371342 | J36: 371343 | K36: 371343 | L36: 371342 | M36: 371342 | N36: 371341 | O36: 371340 | P36: 371341 | Q36: 371341 | R36: 371341 | U36: 371343 | V36: 371345 | W36: 371345 | X36: 371347 | Y36: 371351 | Z36: 371350 | AA36: 371351 | AB36: 371352 | AC36: 371353 | AD36: 371353 | AE36: 371354 | AF36: 371356 | AG36: 371357 | AH36: 371358 | AI36: 371360 | AJ36: 371364 | AK36: 371366 | AL36: 371367 | AM36: 371370 | AN36: 371372 | AO36: 371374 | AP36: 371374 | AQ36: 371375 | AR36: 371377 | AS36: 371378 | AT36: 371383
A37: 天纵 | B37: 370840 | C37: 370841 | D37: 370844 | E37: 370848 | F37: 370849 | G37: 370850 | H37: 370853 | I37: 370855 | J37: 370857 | K37: 370857 | L37: 370857 | M37: 370858 | N37: 370860 | O37: 370861 | P37: 370861 | Q37: 370863 | R37: 370866 | S37: 370868 | T37: 370871 | U37: 370873 | V37: 370873 | W37: 370876 | X37: 370880 | Y37: 370881 | Z37: 370885 | AA37: 370885 | AB37: 370893 | AC37: 370895 | AD37: 370896 | AE37: 370899 | AF37: 370905 | AG37: 370907 | AH37: 370909 | AI37: 370911 | AJ37: 370913 | AK37: 370916 | AL37: 370919 | AM37: 370917 | AN37: 370918 | AO37: 370919 | AP37: 370920 | AQ37: 370933 | AR37: 370948 | AS37: 370952 | AT37: 370962
A38: 殿下能有什么坏心思 | B38: 367114 | C38: 367116 | D38: 367117 | E38: 367117 | F38: 367117 | G38: 367118 | H38: 367117 | I38: 367117 | J38: 367117 | K38: 367117 | L38: 367117 | M38: 367118 | N38: 367119 | O38: 367119 | P38: 367119 | Q38: 367120 | R38: 367122 | S38: 367122 | T38: 367123 | U38: 367123 | V38: 367124 | W38: 367124 | X38: 367123 | Y38: 367123 | Z38: 367125 | AA38: 367126 | AB38: 367127 | AC38: 367128 | AD38: 367131 | AE38: 367132 | AF38: 367132 | AG38: 367134 | AH38: 367135 | AI38: 367135 | AJ38: 367137 | AK38: 367137 | AL38: 367135 | AM38: 367136 | AN38: 367136 | AO38: 367137 | AP38: 367138 | AQ38: 367139 | AR38: 367140 | AS38: 367145 | AT38: 367147
A39: 三界衔 | B39: 364161 | C39: 364176 | D39: 364183 | E39: 364188 | F39: 364193 | G39: 364197 | H39: 364202 | I39: 364205 | J39: 364205 | K39: 364207 | L39: 364210 | M39: 364211 | N39: 364214 | O39: 364216 | P39: 364220 | Q39: 364225 | R39: 364229 | S39: 364229 | T39: 364232 | U39: 364236 | V39: 364241 | W39: 364248 | X39: 364252 | Y39: 364253 | Z39: 364256 | AA39: 364254 | AB39: 364260 | AC39: 364257 | AD39: 364266 | AE39: 364270 | AF39: 364271 | AG39: 364269 | AH39: 364268 | AI39: 364274 | AJ39: 364276 | AK39: 364277 | AL39: 364280 | AM39: 364278 | AN39: 364285 | AO39: 364291 | AP39: 364297 | AQ39: 364307 | AR39: 364315 | AS39: 364322 | AT39: 364328
A40: 古代女子生存实录 | B40: 353568 | C40: 353571 | D40: 353573 | E40: 353574 | F40: 353574 | G40: 353573 | H40: 353574 | I40: 353573 | J40: 353572 | K40: 353572 | L40: 353573 | M40: 353573 | N40: 353573 | O40: 353573 | P40: 353573 | Q40: 353574 | R40: 353574 | S40: 353575 | T40: 353577 | U40: 353577 | V40: 353577 | W40: 353576 | X40: 353577 | Y40: 353579 | Z40: 353578 | AA40: 353581 | AB40: 353585 | AC40: 353584 | AD40: 353583 | AE40: 353581 | AF40: 353583 | AG40: 353583 | AH40: 353586 | AI40: 353586 | AJ40: 353584 | AK40: 353586 | AL40: 353587 | AM40: 353589 | AN40: 353590 | AO40: 353589 | AP40: 353593 | AQ40: 353597 | AR40: 353599 | AS40: 353604 | AT40: 353601
A41: 女帝风月鉴 | B41: 351525 | C41: 351528 | D41: 351528 | E41: 351528 | F41: 351528 | G41: 351528 | H41: 351528 | I41: 351529 | J41: 351531 | K41: 351532 | L41: 351532 | M41: 351533 | N41: 351534 | O41: 351534 | P41: 351534 | Q41: 351535 | R41: 351536 | S41: 351536 | T41: 351537 | U41: 351538 | V41: 351540 | W41: 351541 | X41: 351540 | Y41: 351540 | Z41: 351539 | AA41: 351539 | AB41: 351540 | AC41: 351541 | AD41: 351542 | AE41: 351544 | AF41: 351545 | AG41: 351546 | AH41: 351548 | AI41: 351548 | AJ41: 351548 | AK41: 351550 | AL41: 351552 | AM41: 351555 | AN41: 351557 | AO41: 351560 | AP41: 351562 | AQ41: 351565 | AR41: 351567 | AS41: 351571 | AT41: 351573
