Workbook

Sheet 付费榜当日最终
A1: 2026-10-09 付费榜最终排名（当天最后一次抓取，榜单时间 2026-10-10 00:00）
A3: 排名 | B3: 作品名 | C3: 作品ID | D3: 人气 | E3: 收藏 | F3: 点赞
A4: 1 | B4: 师途 | C4: 32351 | D4: 158843139 | E4: 1696375 | F4: 441233
A5: 2 | B5: 临帝阙 | C5: 178176 | D5: 140763457 | E5: 1634309 | F5: 330454
A6: 3 | B6: 三界衔 | C6: 1561773 | D6: 2324902 | E6: 361713 | F6: 18869
A7: 4 | B7: 江山千秋万代 | C7: 368816 | D7: 37047549 | E7: 462519 | F7: 61038
A8: 5 | B8: 星期天不上头条 | C8: 468214 | D8: 8109575 | E8: 188942 | F8: 16370
A9: 6 | B9: 勿扰修仙中 | C9: 397723 | D9: 15112167 | E9: 322706 | F9: 44702
A10: 7 | B10: 怪我过分美丽 | C10: 103593 | D10: 62418635 | E10: 714323 | F10: 123201
A11: 8 | B11: 成为团播TOP之后 | C11: 1991368 | D11: 124247 | E11: 76457 | F11: 805
A12: 9 | B12: 风华临安 | C12: 1644173 | D12: 5512477 | E12: 210810 | F12: 30799
A13: 10 | B13: 宫妃 | C13: 8075 | D13: 38255265 | E13: 494283 | F13: 105998
A14: 11 | B14: 仙路漫漫 | C14: 35066 | D14: 92984686 | E14: 908761 | F14: 220058
A15: 12 | B15: AMNESIA 失忆症 | C15: 3862 | D15: 9208211 | E15: 497996 | F15: 105956
... A203: 200 | B203: 殿下在上 | C203: 1080703 | D203: 2453681 | E203: 144908 | F203: 14934

Sheet 当日增长
A1: 2026-10-09 人气/收藏/点赞增长 = 今天最后一次抓取 − 昨天最后一次抓取；只统计当天上过付费榜或活跃榜的作品
A3: 作品名 | B3: 作品ID | C3: 人气 | D3: 人气增长 | E3: 收藏 | F3: 收藏增长 | G3: 点赞 | H3: 点赞增长
A4: 临帝阙 | B4: 178176 | C4: 140763457 | D4: 71285 | E4: 1634309 | F4: 362 | G4: 330454 | H4: 96
A5: 江山千秋万代 | B5: 368816 | C5: 37047549 | D5: 49756 | E5: 462519 | F5: 363 | G5: 61038 | H5: 49
A6: 师途 | B6: 32351 | C6: 158843139 | D6: 39073 | E6: 1696375 | F6: 270 | G6: 441233 | H6: 69
A7: 怪我过分美丽 | B7: 103593 | C7: 62418635 | D7: 35435 | E7: 714323 | F7: 133 | G7: 123201 | H7: 28
A8: 三界衔 | B8: 1561773 | C8: 2324902 | D8: 34405 | E8: 361713 | F8: 281 | G8: 18869 | H8: 88
A9: 星期天不上头条 | B9: 468214 | C9: 8109575 | D9: 32313 | E9: 188942 | F9: 223 | G9: 16370 | H9: 34
A10: 娱乐圈|热搜预定 | B10: 802492 | C10: 15587948 | D10: 28633 | E10: 312921 | F10: 176 | G10: 40603 | H10: 40
A11: 风华临安 | B11: 1644173 | C11: 5512477 | D11: 27532 | E11: 210810 | F11: 471 | G11: 30799 | H11: 105
A12: 勿扰修仙中 | B12: 397723 | C12: 15112167 | D12: 22460 | E12: 322706 | F12: 272 | G12: 44702 | H12: 49
A13: 京中叙 | B13: 1544579 | C13: 5977671 | D13: 21147 | E13: 336581 | F13: 348 | G13: 29183 | H13: 67
A14: 捉鬼师后日谈 | B14: 436436 | C14: 29742354 | D14: 19426 | E14: 855142 | F14: 417 | G14: 244679 | H14: 155
A15: 神也梦春秋 | B15: 325672 | C15: 42004890 | D15: 19255 | E15: 481381 | F15: 108 | G15: 86846 | H15: 35
... A336: 天命不奈何 | B336: 1967410 | C336: 725593 | D336: 0 | E336: 113683 | F336: 1 | G336: 4452 | H336: 0
A337: 御妖名单 | B337: 19681 | C337: 1296924 | E337: 62654 | G337: 10087
A338: 京城第一经纪人 | B338: 33125 | C338: 11340945 | E338: 193632 | G338: 35660
A339: 结缘吧道友 | B339: 34670 | C339: 1186153 | E339: 22681 | G339: 4142
A340: 恶役大小姐养成计划 | B340: 40929 | C340: 4710921 | E340: 124706 | G340: 26168
A341: 乱世沉浮录 | B341: 43440 | C341: 13953261 | E341: 225741 | G341: 41741
A342: 震惊！主上有病？ | B342: 47142 | C342: 6948451 | E342: 179721 | G342: 34674
A343: 继母准则 | B343: 127772 | C343: 6473930 | E343: 175175 | G343: 24185
A344: 公主请登基 | B344: 167799 | C344: 7723163 | E344: 206611 | G344: 31223
A345: 反派鬼王在线重生 | B345: 168073 | C345: 4503193 | E345: 149003 | G345: 24963
A346: 无限奇迹人生 | B346: 183630 | C346: 8942729 | E346: 186944 | G346: 30167
A347: 炉鼎自救指南 | B347: 195234 | C347: 8287452 | E347: 326740 | G347: 58385
A348: 斩月 | B348: 206067 | C348: 2057399 | E348: 136255 | G348: 13059
... A440: 疯批的诱惑 | B440: 2389941 | C440: 14605 | E440: 8748 | G440: 156

Sheet 趋势查询
A1: 作品名称： | B1: 师途
A2: 在黄色格子里输入作品名，或点右侧小箭头从列表里选；空白表示当时没有数据（未上榜）
A4: 榜单时间 | B4: 付费榜 | C4: 活跃榜 | D4: 人气 | E4: 收藏 | F4: 点赞
A5: 2026-10-09 00:15 | B5: =IFERROR(INDEX('付费榜排名变化'!$A$1:$CF$367,MATCH($B$1,'付费榜排名变化'!$A$1:$A$367,0),MATCH($A5,'付费榜排名变化'!$A$1:$CF$1,0)),NA()) | C5: =IFERROR(INDEX('活跃榜排名变化'!$A$1:$CF$343,MATCH($B$1,'活跃榜排名变化'!$A$1:$A$343,0),MATCH($A5,'活跃榜排名变化'!$A$1:$CF$1,0)),NA()) | D5: =IFERROR(INDEX('人气变化'!$A$1:$CF$438,MATCH($B$1,'人气变化'!$A$1:$A$438,0),MATCH($A5,'人气变化'!$A$1:$CF$1,0)),NA()) | E5: =IFERROR(INDEX('收藏变化'!$A$1:$CF$438,MATCH($B$1,'收藏变化'!$A$1:$A$438,0),MATCH($A5,'收藏变化'!$A$1:$CF$1,0)),NA()) | F5: =IFERROR(INDEX('点赞变化'!$A$1:$CF$438,MATCH($B$1,'点赞变化'!$A$1:$A$438,0),MATCH($A5,'点赞变化'!$A$1:$CF$1,0)),NA())
A6: 2026-10-09 00:45 | B6: =IFERROR(INDEX('付费榜排名变化'!$A$1:$CF$367,MATCH($B$1,'付费榜排名变化'!$A$1:$A$367,0),MATCH($A6,'付费榜排名变化'!$A$1:$CF$1,0)),NA()) | C6: =IFERROR(INDEX('活跃榜排名变化'!$A$1:$CF$343,MATCH($B$1,'活跃榜排名变化'!$A$1:$A$343,0),MATCH($A6,'活跃榜排名变化'!$A$1:$CF$1,0)),NA()) | D6: =IFERROR(INDEX('人气变化'!$A$1:$CF$438,MATCH($B$1,'人气变化'!$A$1:$A$438,0),MATCH($A6,'人气变化'!$A$1:$CF$1,0)),NA()) | E6: =IFERROR(INDEX('收藏变化'!$A$1:$CF$438,MATCH($B$1,'收藏变化'!$A$1:$A$438,0),MATCH($A6,'收藏变化'!$A$1:$CF$1,0)),NA()) | F6: =IFERROR(INDEX('点赞变化'!$A$1:$CF$438,MATCH($B$1,'点赞变化'!$A$1:$A$438,0),MATCH($A6,'点赞变化'!$A$1:$CF$1,0)),NA())
A7: 2026-10-09 01:00 | B7: =IFERROR(INDEX('付费榜排名变化'!$A$1:$CF$367,MATCH($B$1,'付费榜排名变化'!$A$1:$A$367,0),MATCH($A7,'付费榜排名变化'!$A$1:$CF$1,0)),NA()) | C7: =IFERROR(INDEX('活跃榜排名变化'!$A$1:$CF$343,MATCH($B$1,'活跃榜排名变化'!$A$1:$A$343,0),MATCH($A7,'活跃榜排名变化'!$A$1:$CF$1,0)),NA()) | D7: =IFERROR(INDEX('人气变化'!$A$1:$CF$438,MATCH($B$1,'人气变化'!$A$1:$A$438,0),MATCH($A7,'人气变化'!$A$1:$CF$1,0)),NA()) | E7: =IFERROR(INDEX('收藏变化'!$A$1:$CF$438,MATCH($B$1,'收藏变化'!$A$1:$A$438,0),MATCH($A7,'收藏变化'!$A$1:$CF$1,0)),NA()) | F7: =IFERROR(INDEX('点赞变化'!$A$1:$CF$438,MATCH($B$1,'点赞变化'!$A$1:$A$438,0),MATCH($A7,'点赞变化'!$A$1:$CF$1,0)),NA())
A8: 2026-10-09 01:15 | B8: =IFERROR(INDEX('付费榜排名变化'!$A$1:$CF$367,MATCH($B$1,'付费榜排名变化'!$A$1:$A$367,0),MATCH($A8,'付费榜排名变化'!$A$1:$CF$1,0)),NA()) | C8: =IFERROR(INDEX('活跃榜排名变化'!$A$1:$CF$343,MATCH($B$1,'活跃榜排名变化'!$A$1:$A$343,0),MATCH($A8,'活跃榜排名变化'!$A$1:$CF$1,0)),NA()) | D8: =IFERROR(INDEX('人气变化'!$A$1:$CF$438,MATCH($B$1,'人气变化'!$A$1:$A$438,0),MATCH($A8,'人气变化'!$A$1:$CF$1,0)),NA()) | E8: =IFERROR(INDEX('收藏变化'!$A$1:$CF$438,MATCH($B$1,'收藏变化'!$A$1:$A$438,0),MATCH($A8,'收藏变化'!$A$1:$CF$1,0)),NA()) | F8: =IFERROR(INDEX('点赞变化'!$A$1:$CF$438,MATCH($B$1,'点赞变化'!$A$1:$A$438,0),MATCH($A8,'点赞变化'!$A$1:$CF$1,0)),NA())
A9: 2026-10-09 01:30 | B9: =IFERROR(INDEX('付费榜排名变化'!$A$1:$CF$367,MATCH($B$1,'付费榜排名变化'!$A$1:$A$367,0),MATCH($A9,'付费榜排名变化'!$A$1:$CF$1,0)),NA()) | C9: =IFERROR(INDEX('活跃榜排名变化'!$A$1:$CF$343,MATCH($B$1,'活跃榜排名变化'!$A$1:$A$343,0),MATCH($A9,'活跃榜排名变化'!$A$1:$CF$1,0)),NA()) | D9: =IFERROR(INDEX('人气变化'!$A$1:$CF$438,MATCH($B$1,'人气变化'!$A$1:$A$438,0),MATCH($A9,'人气变化'!$A$1:$CF$1,0)),NA()) | E9: =IFERROR(INDEX('收藏变化'!$A$1:$CF$438,MATCH($B$1,'收藏变化'!$A$1:$A$438,0),MATCH($A9,'收藏变化'!$A$1:$CF$1,0)),NA()) | F9: =IFERROR(INDEX('点赞变化'!$A$1:$CF$438,MATCH($B$1,'点赞变化'!$A$1:$A$438,0),MATCH($A9,'点赞变化'!$A$1:$CF$1,0)),NA())
A10: 2026-10-09 01:45 | B10: =IFERROR(INDEX('付费榜排名变化'!$A$1:$CF$367,MATCH($B$1,'付费榜排名变化'!$A$1:$A$367,0),MATCH($A10,'付费榜排名变化'!$A$1:$CF$1,0)),NA()) | C10: =IFERROR(INDEX('活跃榜排名变化'!$A$1:$CF$343,MATCH($B$1,'活跃榜排名变化'!$A$1:$A$343,0),MATCH($A10,'活跃榜排名变化'!$A$1:$CF$1,0)),NA()) | D10: =IFERROR(INDEX('人气变化'!$A$1:$CF$438,MATCH($B$1,'人气变化'!$A$1:$A$438,0),MATCH($A10,'人气变化'!$A$1:$CF$1,0)),NA()) | E10: =IFERROR(INDEX('收藏变化'!$A$1:$CF$438,MATCH($B$1,'收藏变化'!$A$1:$A$438,0),MATCH($A10,'收藏变化'!$A$1:$CF$1,0)),NA()) | F10: =IFERROR(INDEX('点赞变化'!$A$1:$CF$438,MATCH($B$1,'点赞变化'!$A$1:$A$438,0),MATCH($A10,'点赞变化'!$A$1:$CF$1,0)),NA())
A11: 2026-10-09 02:00 | B11: =IFERROR(INDEX('付费榜排名变化'!$A$1:$CF$367,MATCH($B$1,'付费榜排名变化'!$A$1:$A$367,0),MATCH($A11,'付费榜排名变化'!$A$1:$CF$1,0)),NA()) | C11: =IFERROR(INDEX('活跃榜排名变化'!$A$1:$CF$343,MATCH($B$1,'活跃榜排名变化'!$A$1:$A$343,0),MATCH($A11,'活跃榜排名变化'!$A$1:$CF$1,0)),NA()) | D11: =IFERROR(INDEX('人气变化'!$A$1:$CF$438,MATCH($B$1,'人气变化'!$A$1:$A$438,0),MATCH($A11,'人气变化'!$A$1:$CF$1,0)),NA()) | E11: =IFERROR(INDEX('收藏变化'!$A$1:$CF$438,MATCH($B$1,'收藏变化'!$A$1:$A$438,0),MATCH($A11,'收藏变化'!$A$1:$CF$1,0)),NA()) | F11: =IFERROR(INDEX('点赞变化'!$A$1:$CF$438,MATCH($B$1,'点赞变化'!$A$1:$A$438,0),MATCH($A11,'点赞变化'!$A$1:$CF$1,0)),NA())
A12: 2026-10-09 02:15 | B12: =IFERROR(INDEX('付费榜排名变化'!$A$1:$CF$367,MATCH($B$1,'付费榜排名变化'!$A$1:$A$367,0),MATCH($A12,'付费榜排名变化'!$A$1:$CF$1,0)),NA()) | C12: =IFERROR(INDEX('活跃榜排名变化'!$A$1:$CF$343,MATCH($B$1,'活跃榜排名变化'!$A$1:$A$343,0),MATCH($A12,'活跃榜排名变化'!$A$1:$CF$1,0)),NA()) | D12: =IFERROR(INDEX('人气变化'!$A$1:$CF$438,MATCH($B$1,'人气变化'!$A$1:$A$438,0),MATCH($A12,'人气变化'!$A$1:$CF$1,0)),NA()) | E12: =IFERROR(INDEX('收藏变化'!$A$1:$CF$438,MATCH($B$1,'收藏变化'!$A$1:$A$438,0),MATCH($A12,'收藏变化'!$A$1:$CF$1,0)),NA()) | F12: =IFERROR(INDEX('点赞变化'!$A$1:$CF$438,MATCH($B$1,'点赞变化'!$A$1:$A$438,0),MATCH($A12,'点赞变化'!$A$1:$CF$1,0)),NA())
A13: 2026-10-09 02:45 | B13: =IFERROR(INDEX('付费榜排名变化'!$A$1:$CF$367,MATCH($B$1,'付费榜排名变化'!$A$1:$A$367,0),MATCH($A13,'付费榜排名变化'!$A$1:$CF$1,0)),NA()) | C13: =IFERROR(INDEX('活跃榜排名变化'!$A$1:$CF$343,MATCH($B$1,'活跃榜排名变化'!$A$1:$A$343,0),MATCH($A13,'活跃榜排名变化'!$A$1:$CF$1,0)),NA()) | D13: =IFERROR(INDEX('人气变化'!$A$1:$CF$438,MATCH($B$1,'人气变化'!$A$1:$A$438,0),MATCH($A13,'人气变化'!$A$1:$CF$1,0)),NA()) | E13: =IFERROR(INDEX('收藏变化'!$A$1:$CF$438,MATCH($B$1,'收藏变化'!$A$1:$A$438,0),MATCH($A13,'收藏变化'!$A$1:$CF$1,0)),NA()) | F13: =IFERROR(INDEX('点赞变化'!$A$1:$CF$438,MATCH($B$1,'点赞变化'!$A$1:$A$438,0),MATCH($A13,'点赞变化'!$A$1:$CF$1,0)),NA())
A14: 2026-10-09 03:00 | B14: =IFERROR(INDEX('付费榜排名变化'!$A$1:$CF$367,MATCH($B$1,'付费榜排名变化'!$A$1:$A$367,0),MATCH($A14,'付费榜排名变化'!$A$1:$CF$1,0)),NA()) | C14: =IFERROR(INDEX('活跃榜排名变化'!$A$1:$CF$343,MATCH($B$1,'活跃榜排名变化'!$A$1:$A$343,0),MATCH($A14,'活跃榜排名变化'!$A$1:$CF$1,0)),NA()) | D14: =IFERROR(INDEX('人气变化'!$A$1:$CF$438,MATCH($B$1,'人气变化'!$A$1:$A$438,0),MATCH($A14,'人气变化'!$A$1:$CF$1,0)),NA()) | E14: =IFERROR(INDEX('收藏变化'!$A$1:$CF$438,MATCH($B$1,'收藏变化'!$A$1:$A$438,0),MATCH($A14,'收藏变化'!$A$1:$CF$1,0)),NA()) | F14: =IFERROR(INDEX('点赞变化'!$A$1:$CF$438,MATCH($B$1,'点赞变化'!$A$1:$A$438,0),MATCH($A14,'点赞变化'!$A$1:$CF$1,0)),NA())
A15: 2026-10-09 03:15 | B15: =IFERROR(INDEX('付费榜排名变化'!$A$1:$CF$367,MATCH($B$1,'付费榜排名变化'!$A$1:$A$367,0),MATCH($A15,'付费榜排名变化'!$A$1:$CF$1,0)),NA()) | C15: =IFERROR(INDEX('活跃榜排名变化'!$A$1:$CF$343,MATCH($B$1,'活跃榜排名变化'!$A$1:$A$343,0),MATCH($A15,'活跃榜排名变化'!$A$1:$CF$1,0)),NA()) | D15: =IFERROR(INDEX('人气变化'!$A$1:$CF$438,MATCH($B$1,'人气变化'!$A$1:$A$438,0),MATCH($A15,'人气变化'!$A$1:$CF$1,0)),NA()) | E15: =IFERROR(INDEX('收藏变化'!$A$1:$CF$438,MATCH($B$1,'收藏变化'!$A$1:$A$438,0),MATCH($A15,'收藏变化'!$A$1:$CF$1,0)),NA()) | F15: =IFERROR(INDEX('点赞变化'!$A$1:$CF$438,MATCH($B$1,'点赞变化'!$A$1:$A$438,0),MATCH($A15,'点赞变化'!$A$1:$CF$1,0)),NA())
A16: 2026-10-09 03:30 | B16: =IFERROR(INDEX('付费榜排名变化'!$A$1:$CF$367,MATCH($B$1,'付费榜排名变化'!$A$1:$A$367,0),MATCH($A16,'付费榜排名变化'!$A$1:$CF$1,0)),NA()) | C16: =IFERROR(INDEX('活跃榜排名变化'!$A$1:$CF$343,MATCH($B$1,'活跃榜排名变化'!$A$1:$A$343,0),MATCH($A16,'活跃榜排名变化'!$A$1:$CF$1,0)),NA()) | D16: =IFERROR(INDEX('人气变化'!$A$1:$CF$438,MATCH($B$1,'人气变化'!$A$1:$A$438,0),MATCH($A16,'人气变化'!$A$1:$CF$1,0)),NA()) | E16: =IFERROR(INDEX('收藏变化'!$A$1:$CF$438,MATCH($B$1,'收藏变化'!$A$1:$A$438,0),MATCH($A16,'收藏变化'!$A$1:$CF$1,0)),NA()) | F16: =IFERROR(INDEX('点赞变化'!$A$1:$CF$438,MATCH($B$1,'点赞变化'!$A$1:$A$438,0),MATCH($A16,'点赞变化'!$A$1:$CF$1,0)),NA())
... A87: 2026-10-10 00:00 | B87: =IFERROR(INDEX('付费榜排名变化'!$A$1:$CF$367,MATCH($B$1,'付费榜排名变化'!$A$1:$A$367,0),MATCH($A87,'付费榜排名变化'!$A$1:$CF$1,0)),NA()) | C87: =IFERROR(INDEX('活跃榜排名变化'!$A$1:$CF$343,MATCH($B$1,'活跃榜排名变化'!$A$1:$A$343,0),MATCH($A87,'活跃榜排名变化'!$A$1:$CF$1,0)),NA()) | D87: =IFERROR(INDEX('人气变化'!$A$1:$CF$438,MATCH($B$1,'人气变化'!$A$1:$A$438,0),MATCH($A87,'人气变化'!$A$1:$CF$1,0)),NA()) | E87: =IFERROR(INDEX('收藏变化'!$A$1:$CF$438,MATCH($B$1,'收藏变化'!$A$1:$A$438,0),MATCH($A87,'收藏变化'!$A$1:$CF$1,0)),NA()) | F87: =IFERROR(INDEX('点赞变化'!$A$1:$CF$438,MATCH($B$1,'点赞变化'!$A$1:$A$438,0),MATCH($A87,'点赞变化'!$A$1:$CF$1,0)),NA())

Sheet 付费榜排名变化
A1: 作品名 | B1: 2026-10-09 00:15 | C1: 2026-10-09 00:45 | D1: 2026-10-09 01:00 | E1: 2026-10-09 01:15 | F1: 2026-10-09 01:30 | G1: 2026-10-09 01:45 | H1: 2026-10-09 02:00 | I1: 2026-10-09 02:15 | J1: 2026-10-09 02:45 | K1: 2026-10-09 03:00 | L1: 2026-10-09 03:15 | M1: 2026-10-09 03:30 | N1: 2026-10-09 03:45 | O1: 2026-10-09 04:00 | P1: 2026-10-09 04:15 | Q1: 2026-10-09 04:45 | R1: 2026-10-09 05:00 | S1: 2026-10-09 05:15 | T1: 2026-10-09 05:30 | U1: 2026-10-09 05:45 | V1: 2026-10-09 06:00 | W1: 2026-10-09 06:15 | X1: 2026-10-09 06:30 | Y1: 2026-10-09 06:45 | Z1: 2026-10-09 07:00 | AA1: 2026-10-09 07:15 | AB1: 2026-10-09 07:30 | AC1: 2026-10-09 07:45 | AD1: 2026-10-09 08:00 | AE1: 2026-10-09 08:15 | AF1: 2026-10-09 08:45 | AG1: 2026-10-09 09:15 | AH1: 2026-10-09 09:30 | AI1: 2026-10-09 09:45 | AJ1: 2026-10-09 10:00 | AK1: 2026-10-09 10:15 | AL1: 2026-10-09 10:30 | AM1: 2026-10-09 10:45 | AN1: 2026-10-09 11:00 | AO1: 2026-10-09 11:15 | AP1: 2026-10-09 11:30 | AQ1: 2026-10-09 11:45 | AR1: 2026-10-09 12:00 | AS1: 2026-10-09 12:30 | AT1: 2026-10-09 12:45 | AU1: 2026-10-09 13:00 | AV1: 2026-10-09 13:15 | AW1: 2026-10-09 13:30 | AX1: 2026-10-09 13:45 | AY1: 2026-10-09 14:00 | AZ1: 2026-10-09 14:30 | BA1: 2026-10-09 14:45 | BB1: 2026-10-09 15:15 | BC1: 2026-10-09 15:30 | BD1: 2026-10-09 15:45 | BE1: 2026-10-09 16:00 | BF1: 2026-10-09 16:15 | BG1: 2026-10-09 16:45 | BH1: 2026-10-09 17:00 | BI1: 2026-10-09 17:15 | BJ1: 2026-10-09 17:30 | BK1: 2026-10-09 17:45 | BL1: 2026-10-09 18:00 | BM1: 2026-10-09 18:15 | BN1: 2026-10-09 18:45 | BO1: 2026-10-09 19:00 | BP1: 2026-10-09 19:15 | BQ1: 2026-10-09 19:30 | BR1: 2026-10-09 19:45 | BS1: 2026-10-09 20:00 | BT1: 2026-10-09 20:15 | BU1: 2026-10-09 20:30 | BV1: 2026-10-09 21:00 | BW1: 2026-10-09 21:15 | BX1: 2026-10-09 21:30 | BY1: 2026-10-09 22:00 | BZ1: 2026-10-09 22:15 | CA1: 2026-10-09 22:30 | CB1: 2026-10-09 22:45 | CC1: 2026-10-09 23:15 | CD1: 2026-10-09 23:30 | CE1: 2026-10-09 23:45 | CF1: 2026-10-10 00:00
A2: 师途 | B2: 1 | C2: 1 | D2: 1 | E2: 1 | F2: 1 | G2: 1 | H2: 1 | I2: 1 | J2: 1 | K2: 1 | L2: 1 | M2: 1 | N2: 1 | O2: 1 | P2: 1 | Q2: 1 | R2: 1 | S2: 1 | T2: 1 | U2: 1 | V2: 1 | W2: 1 | X2: 1 | Y2: 1 | Z2: 1 | AA2: 1 | AB2: 1 | AC2: 1 | AD2: 1 | AE2: 1 | AF2: 1 | AG2: 1 | AH2: 1 | AI2: 1 | AJ2: 1 | AK2: 1 | AL2: 1 | AM2: 1 | AN2: 1 | AO2: 1 | AP2: 1 | AQ2: 1 | AR2: 1 | AS2: 1 | AT2: 1 | AU2: 1 | AV2: 1 | AW2: 1 | AX2: 1 | AY2: 1 | AZ2: 1 | BA2: 1 | BB2: 1 | BC2: 1 | BD2: 1 | BE2: 1 | BF2: 1 | BG2: 1 | BH2: 1 | BI2: 1 | BJ2: 1 | BK2: 1 | BL2: 1 | BM2: 1 | BN2: 1 | BO2: 1 | BP2: 1 | BQ2: 1 | BR2: 1 | BS2: 1 | BT2: 1 | BU2: 1 | BV2: 1 | BW2: 1 | BX2: 1 | BY2: 1 | BZ2: 1 | CA2: 1 | CB2: 1 | CC2: 1 | CD2: 1 | CE2: 1 | CF2: 1
A3: 临帝阙 | B3: 5 | C3: 11 | D3: 12 | E3: 8 | F3: 7 | G3: 8 | H3: 6 | I3: 4 | J3: 3 | K3: 4 | L3: 2 | M3: 3 | N3: 2 | O3: 2 | P3: 3 | Q3: 3 | R3: 2 | S3: 3 | T3: 3 | U3: 3 | V3: 3 | W3: 2 | X3: 2 | Y3: 3 | Z3: 3 | AA3: 3 | AB3: 3 | AC3: 3 | AD3: 3 | AE3: 3 | AF3: 4 | AG3: 3 | AH3: 3 | AI3: 3 | AJ3: 3 | AK3: 3 | AL3: 3 | AM3: 3 | AN3: 3 | AO3: 3 | AP3: 3 | AQ3: 3 | AR3: 2 | AS3: 2 | AT3: 2 | AU3: 2 | AV3: 2 | AW3: 2 | AX3: 2 | AY3: 2 | AZ3: 2 | BA3: 3 | BB3: 3 | BC3: 3 | BD3: 3 | BE3: 4 | BF3: 3 | BG3: 3 | BH3: 2 | BI3: 2 | BJ3: 2 | BK3: 3 | BL3: 3 | BM3: 3 | BN3: 3 | BO3: 3 | BP3: 3 | BQ3: 3 | BR3: 2 | BS3: 2 | BT3: 2 | BU3: 2 | BV3: 2 | BW3: 2 | BX3: 2 | BY3: 2 | BZ3: 2 | CA3: 2 | CB3: 2 | CC3: 2 | CD3: 2 | CE3: 2 | CF3: 2
A4: 三界衔 | B4: 4 | C4: 3 | D4: 3 | E4: 3 | F4: 3 | G4: 3 | H4: 2 | I4: 2 | J4: 4 | K4: 2 | L4: 3 | M4: 2 | N4: 3 | O4: 3 | P4: 2 | Q4: 2 | R4: 3 | S4: 2 | T4: 2 | U4: 2 | V4: 2 | W4: 3 | X4: 3 | Y4: 2 | Z4: 2 | AA4: 2 | AB4: 2 | AC4: 2 | AD4: 2 | AE4: 2 | AF4: 2 | AG4: 2 | AH4: 2 | AI4: 2 | AJ4: 2 | AK4: 2 | AL4: 2 | AM4: 2 | AN4: 2 | AO4: 2 | AP4: 2 | AQ4: 2 | AR4: 3 | AS4: 3 | AT4: 3 | AU4: 3 | AV4: 3 | AW4: 3 | AX4: 3 | AY4: 3 | AZ4: 4 | BA4: 5 | BB4: 4 | BC4: 4 | BD4: 4 | BE4: 3 | BF4: 4 | BG4: 4 | BH4: 4 | BI4: 4 | BJ4: 4 | BK4: 4 | BL4: 4 | BM4: 4 | BN4: 4 | BO4: 4 | BP4: 4 | BQ4: 4 | BR4: 4 | BS4: 4 | BT4: 4 | BU4: 4 | BV4: 4 | BW4: 4 | BX4: 4 | BY4: 4 | BZ4: 3 | CA4: 3 | CB4: 3 | CC4: 3 | CD4: 3 | CE4: 3 | CF4: 3
A5: 江山千秋万代 | B5: 3 | C5: 14 | D5: 10 | E5: 10 | F5: 5 | G5: 7 | H5: 8 | I5: 9 | J5: 8 | K5: 9 | L5: 9 | M5: 9 | N5: 10 | O5: 10 | P5: 10 | Q5: 9 | R5: 9 | S5: 9 | T5: 9 | U5: 9 | V5: 9 | W5: 9 | X5: 9 | Y5: 9 | Z5: 9 | AA5: 9 | AB5: 9 | AC5: 9 | AD5: 9 | AE5: 9 | AF5: 9 | AG5: 9 | AH5: 8 | AI5: 8 | AJ5: 8 | AK5: 8 | AL5: 8 | AM5: 8 | AN5: 8 | AO5: 8 | AP5: 8 | AQ5: 8 | AR5: 8 | AS5: 5 | AT5: 4 | AU5: 4 | AV5: 5 | AW5: 4 | AX5: 4 | AY5: 4 | AZ5: 3 | BA5: 2 | BB5: 2 | BC5: 2 | BD5: 2 | BE5: 2 | BF5: 2 | BG5: 2 | BH5: 3 | BI5: 3 | BJ5: 3 | BK5: 2 | BL5: 2 | BM5: 2 | BN5: 2 | BO5: 2 | BP5: 2 | BQ5: 2 | BR5: 3 | BS5: 3 | BT5: 3 | BU5: 3 | BV5: 3 | BW5: 3 | BX5: 3 | BY5: 3 | BZ5: 4 | CA5: 4 | CB5: 4 | CC5: 4 | CD5: 4 | CE5: 4 | CF5: 4
A6: 星期天不上头条 | B6: 11 | C6: 12 | D6: 5 | E6: 9 | F6: 9 | G6: 10 | H6: 10 | I6: 10 | J6: 7 | K6: 7 | L6: 8 | M6: 8 | N6: 8 | O6: 8 | P6: 8 | Q6: 8 | R6: 8 | S6: 8 | T6: 8 | U6: 8 | V6: 7 | W6: 7 | X6: 7 | Y6: 7 | Z6: 7 | AA6: 5 | AB6: 4 | AC6: 5 | AD6: 4 | AE6: 4 | AF6: 3 | AG6: 4 | AH6: 4 | AI6: 4 | AJ6: 4 | AK6: 4 | AL6: 4 | AM6: 5 | AN6: 5 | AO6: 5 | AP6: 4 | AQ6: 4 | AR6: 4 | AS6: 4 | AT6: 5 | AU6: 5 | AV6: 4 | AW6: 5 | AX6: 5 | AY6: 5 | AZ6: 5 | BA6: 4 | BB6: 5 | BC6: 5 | BD6: 5 | BE6: 5 | BF6: 5 | BG6: 5 | BH6: 5 | BI6: 5 | BJ6: 5 | BK6: 5 | BL6: 5 | BM6: 5 | BN6: 5 | BO6: 5 | BP6: 5 | BQ6: 5 | BR6: 5 | BS6: 5 | BT6: 5 | BU6: 5 | BV6: 5 | BW6: 5 | BX6: 5 | BY6: 5 | BZ6: 5 | CA6: 5 | CB6: 5 | CC6: 5 | CD6: 5 | CE6: 5 | CF6: 5
A7: 勿扰修仙中 | B7: 10 | C7: 4 | D7: 4 | E7: 6 | F7: 8 | G7: 4 | H7: 4 | I7: 6 | J7: 5 | K7: 5 | L7: 5 | M7: 5 | N7: 5 | O7: 6 | P7: 5 | Q7: 6 | R7: 6 | S7: 6 | T7: 6 | U7: 7 | V7: 8 | W7: 8 | X7: 8 | Y7: 8 | Z7: 8 | AA7: 8 | AB7: 7 | AC7: 7 | AD7: 7 | AE7: 8 | AF7: 7 | AG7: 8 | AH7: 9 | AI7: 9 | AJ7: 9 | AK7: 9 | AL7: 9 | AM7: 9 | AN7: 9 | AO7: 9 | AP7: 9 | AQ7: 9 | AR7: 9 | AS7: 9 | AT7: 9 | AU7: 9 | AV7: 9 | AW7: 9 | AX7: 9 | AY7: 9 | AZ7: 9 | BA7: 9 | BB7: 8 | BC7: 8 | BD7: 8 | BE7: 8 | BF7: 7 | BG7: 7 | BH7: 7 | BI7: 7 | BJ7: 7 | BK7: 7 | BL7: 7 | BM7: 7 | BN7: 7 | BO7: 7 | BP7: 7 | BQ7: 7 | BR7: 7 | BS7: 7 | BT7: 6 | BU7: 6 | BV7: 6 | BW7: 6 | BX7: 6 | BY7: 6 | BZ7: 6 | CA7: 6 | CB7: 6 | CC7: 6 | CD7: 6 | CE7: 6 | CF7: 6
A8: 怪我过分美丽 | B8: 8 | C8: 5 | D8: 7 | E8: 5 | F8: 6 | G8: 5 | H8: 7 | I8: 7 | J8: 6 | K8: 6 | L8: 6 | M8: 6 | N8: 6 | O8: 5 | P8: 6 | Q8: 7 | R8: 7 | S8: 7 | T8: 7 | U8: 6 | V8: 6 | W8: 6 | X8: 6 | Y8: 6 | Z8: 6 | AA8: 7 | AB8: 8 | AC8: 8 | AD8: 8 | AE8: 7 | AF8: 8 | AG8: 6 | AH8: 5 | AI8: 6 | AJ8: 6 | AK8: 6 | AL8: 6 | AM8: 4 | AN8: 6 | AO8: 6 | AP8: 6 | AQ8: 7 | AR8: 7 | AS8: 7 | AT8: 7 | AU8: 7 | AV8: 6 | AW8: 6 | AX8: 7 | AY8: 7 | AZ8: 7 | BA8: 7 | BB8: 7 | BC8: 6 | BD8: 6 | BE8: 6 | BF8: 6 | BG8: 6 | BH8: 6 | BI8: 6 | BJ8: 6 | BK8: 6 | BL8: 6 | BM8: 6 | BN8: 6 | BO8: 6 | BP8: 6 | BQ8: 6 | BR8: 6 | BS8: 6 | BT8: 7 | BU8: 7 | BV8: 7 | BW8: 7 | BX8: 7 | BY8: 7 | BZ8: 7 | CA8: 7 | CB8: 7 | CC8: 7 | CD8: 7 | CE8: 7 | CF8: 7
A9: 成为团播TOP之后 | B9: 7 | C9: 7 | D9: 8 | E9: 7 | F9: 10 | G9: 9 | H9: 9 | I9: 8 | J9: 10 | K9: 10 | L9: 10 | M9: 10 | N9: 9 | O9: 9 | P9: 9 | Q9: 10 | R9: 10 | S9: 10 | T9: 10 | U9: 10 | V9: 10 | W9: 10 | X9: 10 | Y9: 10 | Z9: 10 | AA9: 10 | AB9: 10 | AC9: 10 | AD9: 10 | AE9: 10 | AF9: 11 | AG9: 10 | AH9: 10 | AI9: 10 | AJ9: 10 | AK9: 10 | AL9: 10 | AM9: 10 | AN9: 10 | AO9: 10 | AP9: 10 | AQ9: 10 | AR9: 10 | AS9: 10 | AT9: 10 | AU9: 10 | AV9: 10 | AW9: 10 | AX9: 10 | AY9: 10 | AZ9: 10 | BA9: 10 | BB9: 10 | BC9: 10 | BD9: 10 | BE9: 10 | BF9: 10 | BG9: 10 | BH9: 10 | BI9: 10 | BJ9: 10 | BK9: 10 | BL9: 10 | BM9: 9 | BN9: 9 | BO9: 9 | BP9: 9 | BQ9: 9 | BR9: 9 | BS9: 9 | BT9: 9 | BU9: 9 | BV9: 9 | BW9: 9 | BX9: 9 | BY9: 8 | BZ9: 8 | CA9: 8 | CB9: 8 | CC9: 8 | CD9: 8 | CE9: 8 | CF9: 8
A10: 风华临安 | B10: 2 | C10: 2 | D10: 2 | E10: 4 | F10: 2 | G10: 2 | H10: 3 | I10: 3 | J10: 2 | K10: 3 | L10: 4 | M10: 4 | N10: 4 | O10: 4 | P10: 4 | Q10: 5 | R10: 5 | S10: 5 | T10: 5 | U10: 5 | V10: 5 | W10: 5 | X10: 5 | Y10: 5 | Z10: 5 | AA10: 6 | AB10: 6 | AC10: 6 | AD10: 6 | AE10: 6 | AF10: 5 | AG10: 7 | AH10: 7 | AI10: 7 | AJ10: 7 | AK10: 7 | AL10: 7 | AM10: 7 | AN10: 4 | AO10: 4 | AP10: 5 | AQ10: 5 | AR10: 5 | AS10: 6 | AT10: 6 | AU10: 6 | AV10: 7 | AW10: 7 | AX10: 6 | AY10: 6 | AZ10: 6 | BA10: 6 | BB10: 6 | BC10: 7 | BD10: 7 | BE10: 7 | BF10: 8 | BG10: 8 | BH10: 8 | BI10: 8 | BJ10: 8 | BK10: 8 | BL10: 8 | BM10: 8 | BN10: 8 | BO10: 8 | BP10: 8 | BQ10: 8 | BR10: 8 | BS10: 8 | BT10: 8 | BU10: 8 | BV10: 8 | BW10: 8 | BX10: 8 | BY10: 9 | BZ10: 9 | CA10: 9 | CB10: 9 | CC10: 9 | CD10: 9 | CE10: 9 | CF10: 9
A11: 宫妃 | B11: 9 | C11: 9 | D11: 9 | E11: 12 | F11: 12 | G11: 13 | H11: 13 | I11: 12 | J11: 12 | K11: 12 | L11: 11 | M11: 11 | N11: 11 | O11: 11 | P11: 11 | Q11: 11 | R11: 11 | S11: 11 | T11: 11 | U11: 11 | V11: 11 | W11: 11 | X11: 11 | Y11: 11 | Z11: 11 | AA11: 11 | AB11: 11 | AC11: 11 | AD11: 11 | AE11: 11 | AF11: 12 | AG11: 12 | AH11: 12 | AI11: 12 | AJ11: 11 | AK11: 11 | AL11: 11 | AM11: 11 | AN11: 11 | AO11: 11 | AP11: 11 | AQ11: 11 | AR11: 11 | AS11: 11 | AT11: 11 | AU11: 11 | AV11: 11 | AW11: 11 | AX11: 11 | AY11: 11 | AZ11: 11 | BA11: 11 | BB11: 11 | BC11: 11 | BD11: 11 | BE11: 11 | BF11: 11 | BG11: 11 | BH11: 11 | BI11: 11 | BJ11: 11 | BK11: 11 | BL11: 11 | BM11: 11 | BN11: 11 | BO11: 11 | BP11: 11 | BQ11: 11 | BR11: 11 | BS11: 11 | BT11: 11 | BU11: 11 | BV11: 11 | BW11: 11 | BX11: 10 | BY11: 10 | BZ11: 10 | CA11: 10 | CB11: 10 | CC11: 10 | CD11: 10 | CE11: 10 | CF11: 10
A12: 仙路漫漫 | B12: 6 | C12: 6 | D12: 6 | E12: 2 | F12: 4 | G12: 6 | H12: 5 | I12: 5 | J12: 9 | K12: 8 | L12: 7 | M12: 7 | N12: 7 | O12: 7 | P12: 7 | Q12: 4 | R12: 4 | S12: 4 | T12: 4 | U12: 4 | V12: 4 | W12: 4 | X12: 4 | Y12: 4 | Z12: 4 | AA12: 4 | AB12: 5 | AC12: 4 | AD12: 5 | AE12: 5 | AF12: 6 | AG12: 5 | AH12: 6 | AI12: 5 | AJ12: 5 | AK12: 5 | AL12: 5 | AM12: 6 | AN12: 7 | AO12: 7 | AP12: 7 | AQ12: 6 | AR12: 6 | AS12: 8 | AT12: 8 | AU12: 8 | AV12: 8 | AW12: 8 | AX12: 8 | AY12: 8 | AZ12: 8 | BA12: 8 | BB12: 9 | BC12: 9 | BD12: 9 | BE12: 9 | BF12: 9 | BG12: 9 | BH12: 9 | BI12: 9 | BJ12: 9 | BK12: 9 | BL12: 9 | BM12: 10 | BN12: 10 | BO12: 10 | BP12: 10 | BQ12: 10 | BR12: 10 | BS12: 10 | BT12: 10 | BU12: 10 | BV12: 10 | BW12: 10 | BX12: 11 | BY12: 11 | BZ12: 11 | CA12: 11 | CB12: 11 | CC12: 11 | CD12: 11 | CE12: 11 | CF12: 11
A13: AMNESIA 失忆症 | B13: 14 | C13: 8 | D13: 11 | E13: 11 | F13: 11 | G13: 11 | H13: 11 | I13: 11 | J13: 11 | K13: 11 | L13: 12 | M13: 12 | N13: 12 | O13: 12 | P13: 12 | Q13: 12 | R13: 12 | S13: 12 | T13: 12 | U13: 12 | V13: 12 | W13: 12 | X13: 13 | Y13: 12 | Z13: 12 | AA13: 12 | AB13: 12 | AC13: 12 | AD13: 13 | AE13: 13 | AF13: 13 | AG13: 13 | AH13: 13 | AI13: 14 | AJ13: 14 | AK13: 14 | AL13: 14 | AM13: 14 | AN13: 14 | AO13: 14 | AP13: 13 | AQ13: 13 | AR13: 13 | AS13: 13 | AT13: 12 | AU13: 12 | AV13: 12 | AW13: 12 | AX13: 12 | AY13: 13 | AZ13: 12 | BA13: 12 | BB13: 12 | BC13: 12 | BD13: 12 | BE13: 12 | BF13: 12 | BG13: 12 | BH13: 12 | BI13: 12 | BJ13: 12 | BK13: 12 | BL13: 12 | BM13: 12 | BN13: 12 | BO13: 12 | BP13: 12 | BQ13: 12 | BR13: 12 | BS13: 12 | BT13: 12 | BU13: 12 | BV13: 12 | BW13: 12 | BX13: 12 | BY13: 12 | BZ13: 12 | CA13: 12 | CB13: 12 | CC13: 12 | CD13: 12 | CE13: 12 | CF13: 12
... A32: 并不是一般穿游 | B32: 22 | C32: 15 | D32: 18 | E32: 21 | F32: 22 | G32: 16 | H32: 16 | I32: 17 | J32: 19 | K32: 19 | L32: 19 | M32: 18 | N32: 18 | O32: 18 | P32: 18 | Q32: 19 | R32: 19 | S32: 19 | T32: 19 | U32: 20 | V32: 20 | W32: 21 | X32: 21 | Y32: 21 | Z32: 22 | AA32: 23 | AB32: 23 | AC32: 23 | AD32: 23 | AE32: 23 | AF32: 21 | AG32: 21 | AH32: 22 | AI32: 23 | AJ32: 23 | AK32: 23 | AL32: 23 | AM32: 24 | AN32: 24 | AO32: 24 | AP32: 25 | AQ32: 26 | AR32: 26 | AS32: 26 | AT32: 26 | AU32: 27 | AV32: 28 | AW32: 28 | AX32: 26 | AY32: 26 | AZ32: 25 | BA32: 25 | BB32: 28 | BC32: 29 | BD32: 29 | BE32: 31 | BF32: 30 | BG32: 30 | BH32: 31 | BI32: 32 | BJ32: 33 | BK32: 32 | BL32: 32 | BM32: 32 | BN32: 32 | BO32: 32 | BP32: 33 | BQ32: 32 | BR32: 33 | BS32: 30 | BT32: 30 | BU32: 30 | BV32: 30 | BW32: 31 | BX32: 31 | BY32: 32 | BZ32: 32 | CA32: 32 | CB32: 31 | CC32: 31 | CD32: 33 | CE32: 33 | CF32: 31
A33: 末日之基地建设 | B33: 25 | D33: 41 | E33: 39 | F33: 37 | G33: 40 | H33: 48 | I33: 44 | J33: 51 | K33: 48 | L33: 49 | M33: 49 | N33: 53 | O33: 55 | P33: 56 | Q33: 59 | R33: 62 | S33: 62 | T33: 62 | U33: 62 | V33: 63 | W33: 63 | X33: 63 | Y33: 66 | Z33: 67 | AA33: 67 | AB33: 68 | AC33: 68 | AD33: 66 | AE33: 68 | AF33: 68 | AG33: 70 | AH33: 71 | AI33: 74 | AJ33: 74 | AK33: 76 | AL33: 76 | AM33: 78 | AN33: 81 | AO33: 81 | AP33: 82 | AQ33: 84 | AR33: 88 | AS33: 89 | AT33: 92 | AU33: 95 | AV33: 98 | AW33: 99 | AX33: 101 | AY33: 108 | AZ33: 120 | BA33: 122 | BB33: 126 | BC33: 131 | BD33: 134 | BE33: 121 | BF33: 115 | BG33: 121 | BH33: 123 | BI33: 61 | BJ33: 62 | BK33: 62 | BL33: 63 | BM33: 64 | BN33: 62 | BO33: 62 | BP33: 62 | BQ33: 63 | BR33: 64 | BS33: 65 | BT33: 66 | BU33: 66 | BV33: 64 | BW33: 66 | BX33: 62 | BY33: 28 | BZ33: 28 | CA33: 28 | CB33: 28 | CC33: 30 | CD33: 30 | CE33: 31 | CF33: 32
A34: 妄情债 | B34: 18 | C34: 32 | D34: 30 | E34: 27 | F34: 26 | G34: 23 | H34: 19 | I34: 22 | J34: 23 | K34: 21 | L34: 21 | M34: 21 | N34: 21 | O34: 23 | P34: 21 | Q34: 23 | R34: 25 | S34: 28 | T34: 28 | U34: 28 | V34: 27 | W34: 28 | X34: 28 | Y34: 29 | Z34: 29 | AA34: 29 | AB34: 29 | AC34: 30 | AD34: 30 | AE34: 30 | AF34: 30 | AG34: 31 | AH34: 30 | AI34: 30 | AJ34: 27 | AK34: 28 | AL34: 29 | AM34: 28 | AN34: 28 | AO34: 28 | AP34: 27 | AQ34: 28 | AR34: 28 | AS34: 29 | AT34: 29 | AU34: 28 | AV34: 29 | AW34: 29 | AX34: 29 | AY34: 28 | AZ34: 28 | BA34: 26 | BB34: 26 | BC34: 30 | BD34: 28 | BE34: 28 | BF34: 29 | BG34: 31 | BH34: 30 | BI34: 28 | BJ34: 28 | BK34: 26 | BL34: 26 | BM34: 27 | BN34: 28 | BO34: 28 | BP34: 28 | BQ34: 28 | BR34: 28 | BS34: 28 | BT34: 28 | BU34: 28 | BV34: 29 | BW34: 30 | BX34: 30 | BY34: 31 | BZ34: 31 | CA34: 31 | CB34: 32 | CC34: 33 | CD34: 31 | CE34: 32 | CF34: 33
A35: 替兄嫁了公主后 | B35: 35 | C35: 28 | D35: 17 | E35: 17 | F35: 17 | G35: 18 | H35: 17 | I35: 19 | J35: 21 | K35: 22 | L35: 22 | M35: 24 | N35: 25 | O35: 26 | P35: 22 | Q35: 22 | R35: 22 | S35: 24 | T35: 25 | U35: 26 | V35: 28 | W35: 29 | X35: 29 | Y35: 30 | Z35: 30 | AA35: 30 | AB35: 30 | AC35: 28 | AD35: 27 | AE35: 27 | AF35: 27 | AG35: 27 | AH35: 28 | AI35: 27 | AJ35: 28 | AK35: 30 | AL35: 30 | AM35: 30 | AN35: 31 | AO35: 30 | AP35: 29 | AQ35: 30 | AR35: 30 | AS35: 30 | AT35: 30 | AU35: 31 | AV35: 31 | AW35: 33 | AX35: 32 | AY35: 31 | AZ35: 32 | BA35: 36 | BB35: 39 | BC35: 41 | BD35: 42 | BE35: 39 | BF35: 39 | BG35: 37 | BH35: 39 | BI35: 41 | BJ35: 42 | BK35: 45 | BL35: 42 | BM35: 43 | BN35: 44 | BO35: 45 | BP35: 44 | BQ35: 44 | BR35: 40 | BS35: 42 | BT35: 42 | BU35: 40 | BV35: 37 | BW35: 36 | BX35: 35 | BY35: 36 | BZ35: 36 | CA35: 36 | CB35: 36 | CC35: 34 | CD35: 34 | CE35: 34 | CF35: 34
A36: 表小姐成长计划 | B36: 132 | C36: 73 | D36: 57 | E36: 52 | F36: 43 | G36: 34 | H36: 34 | I36: 35 | J36: 42 | K36: 39 | L36: 43 | M36: 42 | N36: 45 | O36: 46 | P36: 41 | Q36: 37 | R36: 26 | S36: 20 | T36: 20 | U36: 21 | V36: 22 | W36: 23 | X36: 23 | Y36: 23 | Z36: 25 | AA36: 24 | AB36: 24 | AC36: 24 | AD36: 24 | AE36: 24 | AF36: 25 | AG36: 25 | AH36: 26 | AI36: 25 | AJ36: 25 | AK36: 25 | AL36: 26 | AM36: 27 | AN36: 29 | AO36: 29 | AP36: 30 | AQ36: 31 | AR36: 31 | AS36: 33 | AT36: 35 | AU36: 35 | AV36: 36 | AW36: 38 | AX36: 40 | AY36: 40 | AZ36: 36 | BA36: 35 | BB36: 36 | BC36: 37 | BD36: 36 | BE36: 37 | BF36: 36 | BG36: 36 | BH36: 36 | BI36: 38 | BJ36: 38 | BK36: 42 | BL36: 45 | BM36: 46 | BN36: 47 | BO36: 44 | BP36: 42 | BQ36: 42 | BR36: 43 | BS36: 40 | BT36: 40 | BU36: 42 | BV36: 41 | BW36: 40 | BX36: 39 | BY36: 41 | BZ36: 40 | CA36: 40 | CB36: 37 | CC36: 37 | CD36: 36 | CE36: 35 | CF36: 35
A37: 明月照千山 | B37: 33 | C37: 35 | D37: 35 | E37: 41 | F37: 44 | G37: 48 | H37: 54 | I37: 59 | J37: 64 | K37: 63 | L37: 61 | M37: 55 | N37: 58 | O37: 58 | P37: 59 | Q37: 55 | R37: 52 | S37: 52 | T37: 54 | U37: 54 | V37: 52 | W37: 53 | X37: 52 | Y37: 52 | Z37: 52 | AA37: 53 | AB37: 53 | AC37: 51 | AD37: 51 | AE37: 51 | AF37: 50 | AG37: 49 | AH37: 48 | AI37: 49 | AJ37: 50 | AK37: 50 | AL37: 49 | AM37: 48 | AN37: 43 | AO37: 40 | AP37: 35 | AQ37: 37 | AR37: 39 | AS37: 35 | AT37: 33 | AU37: 32 | AV37: 34 | AW37: 34 | AX37: 34 | AY37: 35 | AZ37: 35 | BA37: 41 | BB37: 41 | BC37: 43 | BD37: 41 | BE37: 42 | BF37: 42 | BG37: 43 | BH37: 43 | BI37: 44 | BJ37: 45 | BK37: 47 | BL37: 46 | BM37: 47 | BN37: 46 | BO37: 47 | BP37: 46 | BQ37: 46 | BR37: 46 | BS37: 47 | BT37: 47 | BU37: 48 | BV37: 45 | BW37: 45 | BX37: 45 | BY37: 46 | BZ37: 45 | CA37: 43 | CB37: 41 | CC37: 42 | CD37: 42 | CE37: 37 | CF37: 36
A38: 古代富婆模拟器 | B38: 59 | C38: 101 | D38: 40 | E38: 36 | F38: 38 | G38: 35 | H38: 40 | I38: 41 | J38: 41 | K38: 43 | L38: 40 | M38: 40 | N38: 44 | O38: 45 | P38: 48 | Q38: 44 | R38: 44 | S38: 43 | T38: 43 | U38: 41 | V38: 41 | W38: 42 | X38: 42 | Y38: 43 | Z38: 44 | AA38: 45 | AB38: 45 | AC38: 45 | AD38: 45 | AE38: 45 | AF38: 47 | AG38: 45 | AH38: 46 | AI38: 48 | AJ38: 49 | AK38: 49 | AL38: 51 | AM38: 52 | AN38: 52 | AO38: 55 | AP38: 46 | AQ38: 46 | AR38: 48 | AS38: 52 | AT38: 51 | AU38: 47 | AV38: 47 | AW38: 47 | AX38: 51 | AY38: 48 | AZ38: 52 | BA38: 51 | BB38: 52 | BC38: 53 | BD38: 53 | BE38: 54 | BF38: 55 | BG38: 54 | BH38: 55 | BI38: 56 | BJ38: 56 | BK38: 55 | BL38: 56 | BM38: 57 | BN38: 59 | BO38: 60 | BP38: 61 | BQ38: 61 | BR38: 62 | BS38: 62 | BT38: 62 | BU38: 60 | BV38: 56 | BW38: 55 | BX38: 55 | BY38: 51 | BZ38: 52 | CA38: 45 | CB38: 46 | CC38: 39 | CD38: 40 | CE38: 36 | CF38: 37
A39: 开播吧！电视台 | B39: 89 | C39: 189 | D39: 157 | E39: 186 | H39: 129 | I39: 144 | J39: 109 | K39: 88 | L39: 91 | M39: 88 | N39: 92 | O39: 95 | P39: 98 | Q39: 102 | R39: 103 | S39: 103 | T39: 103 | U39: 104 | V39: 106 | W39: 107 | X39: 110 | Y39: 111 | Z39: 111 | AA39: 111 | AB39: 111 | AC39: 112 | AD39: 113 | AE39: 115 | AF39: 122 | AG39: 122 | AH39: 124 | AI39: 124 | AJ39: 108 | AK39: 104 | AL39: 92 | AM39: 93 | AN39: 94 | AO39: 98 | AP39: 79 | AQ39: 72 | AR39: 67 | AS39: 64 | AT39: 65 | AU39: 65 | AV39: 66 | AW39: 66 | AX39: 58 | AY39: 58 | AZ39: 55 | BA39: 55 | BB39: 55 | BC39: 56 | BD39: 55 | BE39: 55 | BF39: 53 | BG39: 53 | BH39: 52 | BI39: 52 | BJ39: 50 | BK39: 51 | BL39: 51 | BM39: 52 | BN39: 51 | BO39: 51 | BP39: 51 | BQ39: 51 | BR39: 51 | BS39: 51 | BT39: 52 | BU39: 52 | BV39: 54 | BW39: 54 | BX39: 56 | BY39: 54 | BZ39: 53 | CA39: 53 | CB39: 38 | CC39: 38 | CD39: 41 | CE39: 40 | CF39: 38
A40: 山河长憾 | B40: 72 | C40: 26 | D40: 27 | E40: 31 | F40: 32 | G40: 31 | H40: 31 | I40: 33 | J40: 34 | K40: 34 | L40: 35 | M40: 35 | N40: 31 | O40: 21 | P40: 24 | Q40: 21 | R40: 21 | S40: 22 | T40: 23 | U40: 23 | V40: 23 | W40: 24 | X40: 24 | Y40: 25 | Z40: 24 | AA40: 25 | AB40: 25 | AC40: 25 | AD40: 25 | AE40: 25 | AF40: 26 | AG40: 28 | AH40: 27 | AI40: 28 | AJ40: 29 | AK40: 29 | AL40: 27 | AM40: 25 | AN40: 27 | AO40: 27 | AP40: 28 | AQ40: 27 | AR40: 27 | AS40: 28 | AT40: 28 | AU40: 29 | AV40: 30 | AW40: 31 | AX40: 31 | AY40: 33 | AZ40: 34 | BA40: 33 | BB40: 31 | BC40: 31 | BD40: 32 | BE40: 33 | BF40: 33 | BG40: 32 | BH40: 33 | BI40: 33 | BJ40: 32 | BK40: 33 | BL40: 33 | BM40: 33 | BN40: 34 | BO40: 34 | BP40: 34 | BQ40: 35 | BR40: 37 | BS40: 38 | BT40: 37 | BU40: 37 | BV40: 38 | BW40: 35 | BX40: 34 | BY40: 39 | BZ40: 39 | CA40: 38 | CB40: 42 | CC40: 36 | CD40: 35 | CE40: 38 | CF40: 39
A41: 造星梦工厂96 | B41: 57 | C41: 27 | D41: 34 | E41: 40 | F41: 50 | G41: 59 | H41: 53 | I41: 42 | J41: 47 | K41: 45 | L41: 30 | M41: 31 | N41: 32 | O41: 33 | P41: 28 | Q41: 29 | R41: 32 | S41: 33 | T41: 33 | U41: 34 | V41: 34 | W41: 35 | X41: 35 | Y41: 35 | Z41: 32 | AA41: 33 | AB41: 33 | AC41: 33 | AD41: 33 | AE41: 33 | AF41: 33 | AG41: 26 | AH41: 24 | AI41: 24 | AJ41: 24 | AK41: 24 | AL41: 24 | AM41: 23 | AN41: 25 | AO41: 26 | AP41: 24 | AQ41: 24 | AR41: 24 | AS41: 24 | AT41: 24 | AU41: 25 | AV41: 25 | AW41: 25 | AX41: 25 | AY41: 25 | AZ41: 26 | BA41: 27 | BB41: 24 | BC41: 26 | BD41: 27 | BE41: 29 | BF41: 26 | BG41: 26 | BH41: 28 | BI41: 29 | BJ41: 30 | BK41: 31 | BL41: 31 | BM41: 31 | BN41: 31 | BO41: 31 | BP41: 32 | BQ41: 33 | BR41: 32 | BS41: 33 | BT41: 34 | BU41: 36 | BV41: 36 | BW41: 37 | BX41: 38 | BY41: 38 | BZ41: 38 | CA41: 37 | CB41: 39 | CC41: 41 | CD41: 39 | CE41: 39 | CF41: 40
A42: 无情笺 | B42: 26 | D42: 104 | E42: 129 | F42: 145 | G42: 129 | H42: 138 | I42: 120 | J42: 122 | K42: 123 | L42: 128 | M42: 128 | N42: 130 | O42: 136 | P42: 142 | Q42: 140 | R42: 102 | S42: 102 | T42: 102 | U42: 103 | V42: 105 | W42: 106 | X42: 109 | Y42: 110 | Z42: 110 | AA42: 110 | AB42: 110 | AC42: 104 | AD42: 101 | AE42: 102 | AF42: 95 | AG42: 99 | AH42: 82 | AI42: 72 | AJ42: 65 | AK42: 60 | AL42: 60 | AM42: 57 | AN42: 59 | AO42: 60 | AP42: 60 | AQ42: 60 | AR42: 56 | AS42: 49 | AT42: 45 | AU42: 45 | AV42: 44 | AW42: 45 | AX42: 45 | AY42: 46 | AZ42: 47 | BA42: 47 | BB42: 47 | BC42: 46 | BD42: 46 | BE42: 46 | BF42: 48 | BG42: 49 | BH42: 49 | BI42: 49 | BJ42: 49 | BK42: 49 | BL42: 49 | BM42: 49 | BN42: 45 | BO42: 46 | BP42: 48 | BQ42: 48 | BR42: 47 | BS42: 48 | BT42: 48 | BU42: 47 | BV42: 47 | BW42: 46 | BX42: 46 | BY42: 50 | BZ42: 51 | CA42: 49 | CB42: 50 | CC42: 45 | CD42: 38 | CE42: 42 | CF42: 41
A43: 后妃成长录 | B43: 86 | C43: 53 | D43: 77 | E43: 79 | F43: 93 | G43: 82 | H43: 89 | I43: 98 | J43: 117 | K43: 119 | L43: 124 | M43: 125 | N43: 125 | O43: 130 | P43: 107 | Q43: 109 | R43: 110 | S43: 111 | T43: 113 | U43: 114 | V43: 114 | W43: 116 | X43: 122 | Y43: 122 | Z43: 122 | AA43: 124 | AB43: 126 | AC43: 130 | AD43: 131 | AE43: 116 | AF43: 120 | AG43: 79 | AH43: 79 | AI43: 80 | AJ43: 81 | AK43: 83 | AL43: 84 | AM43: 80 | AN43: 73 | AO43: 68 | AP43: 69 | AQ43: 69 | AR43: 71 | AS43: 75 | AT43: 71 | AU43: 73 | AV43: 75 | AW43: 68 | AX43: 65 | AY43: 60 | AZ43: 62 | BA43: 61 | BB43: 56 | BC43: 54 | BD43: 54 | BE43: 47 | BF43: 44 | BG43: 40 | BH43: 37 | BI43: 37 | BJ43: 37 | BK43: 40 | BL43: 39 | BM43: 38 | BN43: 36 | BO43: 39 | BP43: 36 | BQ43: 36 | BR43: 35 | BS43: 34 | BT43: 33 | BU43: 32 | BV43: 33 | BW43: 33 | BX43: 32 | BY43: 35 | BZ43: 34 | CA43: 34 | CB43: 34 | CC43: 35 | CD43: 37 | CE43: 41 | CF43: 42
A44: 无限求生：房车囤货组队 | B44: 27 | C44: 84 | D44: 110 | E44: 133 | F44: 151 | G44: 169 | H44: 112 | I44: 91 | J44: 89 | K44: 94 | L44: 97 | M44: 100 | N44: 104 | O44: 106 | P44: 109 | Q44: 111 | R44: 112 | S44: 115 | T44: 116 | U44: 117 | V44: 117 | W44: 120 | X44: 125 | Y44: 125 | Z44: 126 | AA44: 129 | AB44: 131 | AC44: 133 | AD44: 134 | AE44: 135 | AF44: 138 | AG44: 143 | AH44: 149 | AI44: 151 | AJ44: 159 | AK44: 164 | AL44: 169 | AM44: 178 | AN44: 181 | AO44: 184 | AP44: 132 | AQ44: 106 | AR44: 63 | AS44: 57 | AT44: 58 | AU44: 60 | AV44: 61 | AW44: 62 | AX44: 63 | AY44: 65 | AZ44: 49 | BA44: 43 | BB44: 42 | BC44: 40 | BD44: 39 | BE44: 40 | BF44: 41 | BG44: 44 | BH44: 40 | BI44: 43 | BJ44: 44 | BK44: 34 | BL44: 34 | BM44: 34 | BN44: 33 | BO44: 35 | BP44: 35 | BQ44: 34 | BR44: 34 | BS44: 35 | BT44: 35 | BU44: 34 | BV44: 35 | BW44: 34 | BX44: 36 | BY44: 34 | BZ44: 35 | CA44: 35 | CB44: 35 | CC44: 40 | CD44: 43 | CE44: 43 | CF44: 43
A45: 问道缥缈 | B45: 88 | C45: 45 | D45: 60 | E45: 73 | F45: 69 | G45: 76 | H45: 86 | I45: 96 | J45: 115 | K45: 86 | L45: 88 | M45: 91 | N45: 68 | O45: 71 | P45: 42 | Q45: 43 | R45: 30 | S45: 21 | T45: 21 | U45: 24 | V45: 24 | W45: 25 | X45: 25 | Y45: 26 | Z45: 27 | AA45: 27 | AB45: 27 | AC45: 27 | AD45: 28 | AE45: 28 | AF45: 28 | AG45: 30 | AH45: 31 | AI45: 31 | AJ45: 31 | AK45: 31 | AL45: 34 | AM45: 34 | AN45: 35 | AO45: 36 | AP45: 38 | AQ45: 39 | AR45: 38 | AS45: 38 | AT45: 39 | AU45: 36 | AV45: 38 | AW45: 42 | AX45: 41 | AY45: 43 | AZ45: 46 | BA45: 45 | BB45: 44 | BC45: 44 | BD45: 44 | BE45: 44 | BF45: 46 | BG45: 47 | BH45: 47 | BI45: 39 | BJ45: 39 | BK45: 43 | BL45: 41 | BM45: 40 | BN45: 40 | BO45: 36 | BP45: 41 | BQ45: 41 | BR45: 42 | BS45: 43 | BT45: 43 | BU45: 44 | BV45: 43 | BW45: 42 | BX45: 43 | BY45: 37 | BZ45: 37 | CA45: 39 | CB45: 40 | CC45: 44 | CD45: 44 | CE45: 44 | CF45: 44
A46: 在下凤三离 | B46: 30 | F46: 146 | G46: 167 | H46: 181 | I46: 112 | J46: 114 | K46: 116 | L46: 105 | M46: 108 | N46: 90 | O46: 93 | P46: 97 | Q46: 101 | R46: 101 | S46: 101 | T46: 86 | U46: 74 | V46: 74 | W46: 74 | X46: 76 | Y46: 76 | Z46: 76 | AA46: 78 | AB46: 74 | AC46: 75 | AD46: 75 | AE46: 73 | AF46: 72 | AG46: 72 | AH46: 38 | AI46: 38 | AJ46: 40 | AK46: 40 | AL46: 38 | AM46: 38 | AN46: 38 | AO46: 39 | AP46: 36 | AQ46: 34 | AR46: 34 | AS46: 34 | AT46: 36 | AU46: 37 | AV46: 37 | AW46: 39 | AX46: 38 | AY46: 39 | AZ46: 40 | BA46: 44 | BB46: 45 | BC46: 47 | BD46: 47 | BE46: 48 | BF46: 49 | BG46: 45 | BH46: 45 | BI46: 46 | BJ46: 46 | BK46: 38 | BL46: 38 | BM46: 37 | BN46: 39 | BO46: 41 | BP46: 38 | BQ46: 40 | BR46: 41 | BS46: 41 | BT46: 41 | BU46: 43 | BV46: 44 | BW46: 44 | BX46: 44 | BY46: 45 | BZ46: 46 | CA46: 47 | CB46: 47 | CC46: 43 | CD46: 45 | CE46: 45 | CF46: 45
A47: 你的私有玩物们 | B47: 65 | C47: 117 | D47: 63 | E47: 44 | F47: 45 | G47: 44 | H47: 38 | I47: 43 | J47: 31 | K47: 30 | L47: 31 | M47: 33 | N47: 36 | O47: 37 | P47: 37 | Q47: 38 | R47: 39 | S47: 41 | T47: 41 | U47: 42 | V47: 42 | W47: 44 | X47: 44 | Y47: 45 | Z47: 43 | AA47: 43 | AB47: 43 | AC47: 41 | AD47: 41 | AE47: 38 | AF47: 38 | AG47: 36 | AH47: 36 | AI47: 36 | AJ47: 37 | AK47: 37 | AL47: 37 | AM47: 37 | AN47: 39 | AO47: 38 | AP47: 40 | AQ47: 38 | AR47: 40 | AS47: 40 | AT47: 40 | AU47: 40 | AV47: 42 | AW47: 36 | AX47: 36 | AY47: 38 | AZ47: 41 | BA47: 42 | BB47: 40 | BC47: 42 | BD47: 43 | BE47: 43 | BF47: 43 | BG47: 42 | BH47: 41 | BI47: 42 | BJ47: 40 | BK47: 44 | BL47: 43 | BM47: 42 | BN47: 42 | BO47: 42 | BP47: 39 | BQ47: 39 | BR47: 36 | BS47: 36 | BT47: 38 | BU47: 38 | BV47: 39 | BW47: 39 | BX47: 40 | BY47: 42 | BZ47: 42 | CA47: 41 | CB47: 43 | CC47: 46 | CD47: 46 | CE47: 46 | CF47: 46
A48: 都想攻略女魔头 | B48: 61 | F48: 176 | G48: 137 | H48: 32 | I48: 31 | J48: 37 | K48: 35 | L48: 36 | M48: 36 | N48: 39 | O48: 39 | P48: 38 | Q48: 39 | R48: 40 | S48: 42 | T48: 42 | U48: 43 | V48: 44 | W48: 46 | X48: 46 | Y48: 39 | Z48: 39 | AA48: 40 | AB48: 36 | AC48: 36 | AD48: 37 | AE48: 37 | AF48: 37 | AG48: 40 | AH48: 42 | AI48: 42 | AJ48: 43 | AK48: 44 | AL48: 46 | AM48: 46 | AN48: 45 | AO48: 47 | AP48: 50 | AQ48: 51 | AR48: 52 | AS48: 48 | AT48: 49 | AU48: 48 | AV48: 49 | AW48: 49 | AX48: 48 | AY48: 51 | AZ48: 54 | BA48: 56 | BB48: 54 | BC48: 57 | BD48: 58 | BE48: 59 | BF48: 61 | BG48: 61 | BH48: 64 | BI48: 65 | BJ48: 65 | BK48: 65 | BL48: 65 | BM48: 50 | BN48: 37 | BO48: 38 | BP48: 40 | BQ48: 37 | BR48: 39 | BS48: 39 | BT48: 39 | BU48: 41 | BV48: 42 | BW48: 43 | BX48: 41 | BY48: 43 | BZ48: 43 | CA48: 44 | CB48: 45 | CC48: 47 | CD48: 48 | CE48: 48 | CF48: 47
A49: 国际女团出道战 | B49: 55 | C49: 57 | D49: 59 | E49: 60 | F49: 64 | G49: 70 | H49: 77 | I49: 53 | J49: 29 | K49: 32 | L49: 33 | M49: 30 | N49: 35 | O49: 36 | P49: 36 | Q49: 36 | R49: 38 | S49: 39 | T49: 39 | U49: 40 | V49: 38 | W49: 39 | X49: 39 | Y49: 40 | Z49: 41 | AA49: 41 | AB49: 41 | AC49: 42 | AD49: 42 | AE49: 43 | AF49: 44 | AG49: 48 | AH49: 51 | AI49: 51 | AJ49: 52 | AK49: 54 | AL49: 54 | AM49: 56 | AN49: 53 | AO49: 52 | AP49: 54 | AQ49: 54 | AR49: 46 | AS49: 45 | AT49: 47 | AU49: 46 | AV49: 48 | AW49: 48 | AX49: 50 | AY49: 44 | AZ49: 43 | BA49: 46 | BB49: 46 | BC49: 48 | BD49: 48 | BE49: 50 | BF49: 50 | BG49: 52 | BH49: 53 | BI49: 53 | BJ49: 54 | BK49: 54 | BL49: 55 | BM49: 58 | BN49: 58 | BO49: 59 | BP49: 59 | BQ49: 60 | BR49: 56 | BS49: 52 | BT49: 50 | BU49: 39 | BV49: 40 | BW49: 41 | BX49: 42 | BY49: 44 | BZ49: 44 | CA49: 46 | CB49: 48 | CC49: 49 | CD49: 47 | CE49: 47 | CF49: 48
A50: 朕被迫上位 | B50: 71 | C50: 30 | D50: 29 | E50: 34 | F50: 34 | G50: 39 | H50: 45 | I50: 50 | J50: 58 | K50: 61 | L50: 63 | M50: 57 | N50: 56 | O50: 50 | P50: 53 | Q50: 54 | R50: 56 | S50: 56 | T50: 56 | U50: 56 | V50: 56 | W50: 56 | X50: 56 | Y50: 56 | Z50: 58 | AA50: 59 | AB50: 54 | AC50: 54 | AD50: 55 | AE50: 54 | AF50: 40 | AG50: 42 | AH50: 44 | AI50: 45 | AJ50: 46 | AK50: 48 | AL50: 43 | AM50: 43 | AN50: 44 | AO50: 46 | AP50: 49 | AQ50: 50 | AR50: 51 | AS50: 55 | AT50: 57 | AU50: 57 | AV50: 58 | AW50: 59 | AX50: 61 | AY50: 63 | AZ50: 64 | BA50: 67 | BB50: 67 | BC50: 65 | BD50: 63 | BE50: 66 | BF50: 67 | BG50: 67 | BH50: 60 | BI50: 55 | BJ50: 55 | BK50: 58 | BL50: 58 | BM50: 60 | BN50: 54 | BO50: 55 | BP50: 56 | BQ50: 54 | BR50: 54 | BS50: 56 | BT50: 56 | BU50: 56 | BV50: 53 | BW50: 49 | BX50: 48 | BY50: 48 | BZ50: 47 | CA50: 48 | CB50: 49 | CC50: 50 | CD50: 49 | CE50: 49 | CF50: 49
A51: 溯世书⁡ | B51: 54 | C51: 22 | D51: 21 | E51: 25 | F51: 29 | G51: 26 | H51: 29 | I51: 26 | J51: 27 | K51: 31 | L51: 32 | M51: 34 | N51: 38 | O51: 38 | P51: 39 | Q51: 40 | R51: 42 | S51: 38 | T51: 38 | U51: 36 | V51: 36 | W51: 36 | X51: 36 | Y51: 36 | Z51: 37 | AA51: 38 | AB51: 39 | AC51: 39 | AD51: 39 | AE51: 41 | AF51: 43 | AG51: 35 | AH51: 37 | AI51: 37 | AJ51: 39 | AK51: 39 | AL51: 41 | AM51: 41 | AN51: 42 | AO51: 44 | AP51: 45 | AQ51: 45 | AR51: 45 | AS51: 47 | AT51: 50 | AU51: 51 | AV51: 54 | AW51: 52 | AX51: 52 | AY51: 53 | AZ51: 56 | BA51: 57 | BB51: 57 | BC51: 58 | BD51: 56 | BE51: 57 | BF51: 57 | BG51: 51 | BH51: 51 | BI51: 51 | BJ51: 53 | BK51: 53 | BL51: 53 | BM51: 56 | BN51: 56 | BO51: 54 | BP51: 55 | BQ51: 56 | BR51: 57 | BS51: 57 | BT51: 57 | BU51: 57 | BV51: 58 | BW51: 59 | BX51: 60 | BY51: 60 | BZ51: 61 | CA51: 62 | CB51: 57 | CC51: 51 | CD51: 51 | CE51: 51 | CF51: 50
A52: 千山行旅图 | B52: 154 | G52: 149 | H52: 164 | I52: 182 | BC52: 24 | BD52: 24 | BE52: 25 | BF52: 25 | BG52: 25 | BH52: 25 | BI52: 25 | BJ52: 26 | BK52: 28 | BL52: 28 | BM52: 29 | BN52: 29 | BO52: 29 | BP52: 30 | BQ52: 30 | BR52: 30 | BS52: 31 | BT52: 32 | BU52: 33 | BV52: 34 | BW52: 38 | BX52: 37 | BY52: 40 | BZ52: 41 | CA52: 42 | CB52: 44 | CC52: 48 | CD52: 50 | CE52: 50 | CF52: 51
A53: 后宫群妃录 | B53: 49 | C53: 95 | D53: 111 | E53: 122 | F53: 66 | G53: 60 | H53: 52 | I53: 56 | J53: 62 | K53: 58 | L53: 44 | M53: 43 | N53: 42 | O53: 40 | P53: 43 | Q53: 46 | R53: 45 | S53: 46 | T53: 46 | U53: 47 | V53: 43 | W53: 45 | X53: 45 | Y53: 46 | Z53: 46 | AA53: 46 | AB53: 46 | AC53: 46 | AD53: 47 | AE53: 49 | AF53: 49 | AG53: 50 | AH53: 47 | AI53: 46 | AJ53: 48 | AK53: 46 | AL53: 48 | AM53: 49 | AN53: 49 | AO53: 51 | AP53: 53 | AQ53: 47 | AR53: 49 | AS53: 51 | AT53: 54 | AU53: 54 | AV53: 52 | AW53: 55 | AX53: 55 | AY53: 57 | AZ53: 59 | BA53: 60 | BB53: 62 | BC53: 64 | BD53: 66 | BE53: 61 | BF53: 60 | BG53: 55 | BH53: 54 | BI53: 54 | BJ53: 51 | BK53: 50 | BL53: 50 | BM53: 51 | BN53: 52 | BO53: 52 | BP53: 52 | BQ53: 52 | BR53: 53 | BS53: 53 | BT53: 54 | BU53: 51 | BV53: 51 | BW53: 48 | BX53: 49 | BY53: 52 | BZ53: 54 | CA53: 54 | CB53: 54 | CC53: 52 | CD53: 53 | CE53: 52 | CF53: 52
A54: 斩情 | B54: 45 | C54: 93 | D54: 126 | E54: 152 | F54: 154 | G54: 177 | H54: 186 | AS54: 143 | AT54: 147 | AU54: 153 | AV54: 161 | AW54: 112 | AX54: 116 | AY54: 123 | AZ54: 127 | BA54: 129 | BB54: 134 | BC54: 139 | BD54: 142 | BE54: 144 | BF54: 145 | BG54: 154 | BH54: 155 | BI54: 160 | BJ54: 162 | BK54: 133 | BL54: 137 | BM54: 139 | BN54: 141 | BO54: 144 | BP54: 145 | BQ54: 150 | BR54: 151 | BS54: 150 | BT54: 152 | BU54: 153 | BV54: 160 | BW54: 164 | BX54: 168 | BY54: 64 | BZ54: 49 | CA54: 51 | CB54: 52 | CC54: 55 | CD54: 52 | CE54: 53 | CF54: 53
A55: 仙履奇谈 | B55: 24 | C55: 149 | D55: 92 | E55: 76 | F55: 33 | G55: 33 | H55: 39 | I55: 34 | J55: 32 | K55: 37 | L55: 39 | M55: 39 | N55: 30 | O55: 31 | P55: 32 | Q55: 32 | R55: 24 | S55: 26 | T55: 27 | U55: 22 | V55: 21 | W55: 22 | X55: 22 | Y55: 22 | Z55: 23 | AA55: 21 | AB55: 21 | AC55: 21 | AD55: 21 | AE55: 21 | AF55: 20 | AG55: 22 | AH55: 23 | AI55: 20 | AJ55: 21 | AK55: 22 | AL55: 22 | AM55: 22 | AN55: 22 | AO55: 23 | AP55: 23 | AQ55: 23 | AR55: 23 | AS55: 25 | AT55: 25 | AU55: 26 | AV55: 27 | AW55: 27 | AX55: 28 | AY55: 30 | AZ55: 30 | BA55: 34 | BB55: 37 | BC55: 39 | BD55: 40 | BE55: 41 | BF55: 40 | BG55: 41 | BH55: 44 | BI55: 45 | BJ55: 43 | BK55: 46 | BL55: 47 | BM55: 44 | BN55: 48 | BO55: 48 | BP55: 47 | BQ55: 47 | BR55: 49 | BS55: 46 | BT55: 46 | BU55: 49 | BV55: 49 | BW55: 47 | BX55: 47 | BY55: 49 | BZ55: 50 | CA55: 52 | CB55: 53 | CC55: 54 | CD55: 55 | CE55: 54 | CF55: 54
A56: 千秋百代：帝王一小时 | B56: 82 | C56: 39 | D56: 43 | E56: 42 | F56: 53 | G56: 50 | H56: 46 | I56: 45 | J56: 45 | K56: 49 | L56: 50 | M56: 48 | N56: 47 | O56: 44 | P56: 47 | Q56: 45 | R56: 46 | S56: 47 | T56: 48 | U56: 48 | V56: 49 | W56: 49 | X56: 50 | Y56: 50 | Z56: 50 | AA56: 49 | AB56: 49 | AC56: 49 | AD56: 46 | AE56: 48 | AF56: 46 | AG56: 46 | AH56: 49 | AI56: 47 | AJ56: 47 | AK56: 41 | AL56: 44 | AM56: 44 | AN56: 46 | AO56: 48 | AP56: 51 | AQ56: 52 | AR56: 53 | AS56: 50 | AT56: 52 | AU56: 52 | AV56: 51 | AW56: 53 | AX56: 49 | AY56: 50 | AZ56: 51 | BA56: 53 | BB56: 53 | BC56: 55 | BD56: 57 | BE56: 56 | BF56: 58 | BG56: 59 | BH56: 58 | BI56: 59 | BJ56: 57 | BK56: 56 | BL56: 54 | BM56: 53 | BN56: 53 | BO56: 53 | BP56: 53 | BQ56: 53 | BR56: 52 | BS56: 55 | BT56: 53 | BU56: 55 | BV56: 50 | BW56: 50 | BX56: 50 | BY56: 47 | BZ56: 48 | CA56: 50 | CB56: 51 | CC56: 53 | CD56: 54 | CE56: 55 | CF56: 55
A57: 仙门第一纨绔 | B57: 108 | E57: 61 | F57: 70 | G57: 45 | H57: 37 | I57: 38 | J57: 44 | K57: 47 | L57: 48 | M57: 51 | N57: 22 | O57: 25 | P57: 26 | Q57: 26 | R57: 29 | S57: 31 | T57: 31 | U57: 31 | V57: 31 | W57: 32 | X57: 32 | Y57: 33 | Z57: 34 | AA57: 34 | AB57: 34 | AC57: 34 | AD57: 34 | AE57: 34 | AF57: 35 | AG57: 38 | AH57: 40 | AI57: 40 | AJ57: 41 | AK57: 42 | AL57: 39 | AM57: 39 | AN57: 21 | AO57: 21 | AP57: 21 | AQ57: 21 | AR57: 21 | AS57: 22 | AT57: 22 | AU57: 24 | AV57: 26 | AW57: 26 | AX57: 27 | AY57: 27 | AZ57: 27 | BA57: 30 | BB57: 32 | BC57: 34 | BD57: 34 | BE57: 35 | BF57: 37 | BG57: 38 | BH57: 42 | BI57: 34 | BJ57: 34 | BK57: 35 | BL57: 36 | BM57: 39 | BN57: 41 | BO57: 43 | BP57: 45 | BQ57: 45 | BR57: 45 | BS57: 45 | BT57: 45 | BU57: 46 | BV57: 48 | BW57: 52 | BX57: 52 | BY57: 56 | BZ57: 58 | CA57: 60 | CB57: 62 | CC57: 63 | CD57: 63 | CE57: 63 | CF57: 56
A58: 暗卫他又跑 | B58: 53 | C58: 36 | D58: 46 | E58: 56 | F58: 48 | G58: 49 | H58: 43 | I58: 48 | J58: 48 | K58: 51 | L58: 52 | M58: 54 | N58: 51 | O58: 53 | P58: 52 | Q58: 52 | R58: 53 | S58: 53 | T58: 55 | U58: 55 | V58: 55 | W58: 55 | X58: 55 | Y58: 53 | Z58: 53 | AA58: 54 | AB58: 56 | AC58: 56 | AD58: 57 | AE58: 58 | AF58: 59 | AG58: 62 | AH58: 64 | AI58: 64 | AJ58: 62 | AK58: 64 | AL58: 63 | AM58: 64 | AN58: 63 | AO58: 58 | AP58: 58 | AQ58: 58 | AR58: 59 | AS58: 63 | AT58: 64 | AU58: 64 | AV58: 65 | AW58: 65 | AX58: 66 | AY58: 66 | AZ58: 66 | BA58: 63 | BB58: 64 | BC58: 66 | BD58: 64 | BE58: 65 | BF58: 65 | BG58: 66 | BH58: 65 | BI58: 68 | BJ58: 68 | BK58: 68 | BL58: 67 | BM58: 68 | BN58: 67 | BO58: 69 | BP58: 67 | BQ58: 67 | BR58: 68 | BS58: 66 | BT58: 63 | BU58: 63 | BV58: 63 | BW58: 62 | BX58: 63 | BY58: 63 | BZ58: 64 | CA58: 64 | CB58: 64 | CC58: 62 | CD58: 62 | CE58: 62 | CF58: 57
A59: 一瞻杏花雨 | B59: 44 | C59: 37 | D59: 47 | E59: 38 | F59: 46 | G59: 55 | H59: 64 | I59: 57 | J59: 20 | K59: 20 | L59: 20 | M59: 20 | N59: 20 | O59: 20 | P59: 20 | Q59: 20 | R59: 20 | S59: 23 | T59: 24 | U59: 25 | V59: 25 | W59: 26 | X59: 27 | Y59: 27 | Z59: 28 | AA59: 28 | AB59: 28 | AC59: 29 | AD59: 29 | AE59: 29 | AF59: 29 | AG59: 32 | AH59: 32 | AI59: 32 | AJ59: 33 | AK59: 33 | AL59: 33 | AM59: 33 | AN59: 33 | AO59: 33 | AP59: 34 | AQ59: 36 | AR59: 36 | AS59: 39 | AT59: 38 | AU59: 39 | AV59: 41 | AW59: 43 | AX59: 43 | AY59: 42 | AZ59: 45 | BA59: 48 | BB59: 48 | BC59: 49 | BD59: 49 | BE59: 51 | BF59: 51 | BG59: 50 | BH59: 50 | BI59: 50 | BJ59: 52 | BK59: 52 | BL59: 52 | BM59: 54 | BN59: 57 | BO59: 58 | BP59: 60 | BQ59: 57 | BR59: 58 | BS59: 59 | BT59: 59 | BU59: 58 | BV59: 59 | BW59: 57 | BX59: 57 | BY59: 59 | BZ59: 57 | CA59: 59 | CB59: 60 | CC59: 56 | CD59: 57 | CE59: 56 | CF59: 58
A60: 纵神欢 | B60: 23 | C60: 38 | D60: 51 | E60: 57 | F60: 55 | G60: 51 | H60: 56 | I60: 62 | J60: 55 | K60: 59 | L60: 60 | M60: 53 | N60: 52 | O60: 54 | P60: 55 | Q60: 50 | R60: 50 | S60: 49 | T60: 44 | U60: 44 | V60: 45 | W60: 47 | X60: 47 | Y60: 47 | Z60: 47 | AA60: 48 | AB60: 48 | AC60: 48 | AD60: 50 | AE60: 40 | AF60: 42 | AG60: 44 | AH60: 43 | AI60: 43 | AJ60: 44 | AK60: 45 | AL60: 47 | AM60: 47 | AN60: 48 | AO60: 50 | AP60: 44 | AQ60: 44 | AR60: 44 | AS60: 46 | AT60: 48 | AU60: 50 | AV60: 53 | AW60: 54 | AX60: 54 | AY60: 52 | AZ60: 53 | BA60: 54 | BB60: 58 | BC60: 59 | BD60: 60 | BE60: 62 | BF60: 56 | BG60: 58 | BH60: 59 | BI60: 60 | BJ60: 61 | BK60: 61 | BL60: 60 | BM60: 55 | BN60: 55 | BO60: 56 | BP60: 54 | BQ60: 55 | BR60: 55 | BS60: 54 | BT60: 55 | BU60: 54 | BV60: 57 | BW60: 58 | BX60: 54 | BY60: 57 | BZ60: 59 | CA60: 58 | CB60: 61 | CC60: 57 | CD60: 56 | CE60: 57 | CF60: 59
A61: 废土之王Ⅰ：起源 | B61: 38 | AL61: 192 | AM61: 196 | AO61: 164 | AP61: 171 | AQ61: 176 | AR61: 180 | AS61: 188 | AT61: 190 | AU61: 150 | AV61: 125 | AW61: 127 | AX61: 131 | AY61: 68 | AZ61: 38 | BA61: 40 | BB61: 43 | BC61: 45 | BD61: 45 | BE61: 45 | BF61: 45 | BG61: 46 | BH61: 48 | BI61: 48 | BJ61: 48 | BK61: 48 | BL61: 48 | BM61: 48 | BN61: 50 | BO61: 50 | BP61: 50 | BQ61: 50 | BR61: 50 | BS61: 50 | BT61: 51 | BU61: 53 | BV61: 55 | BW61: 56 | BX61: 58 | BY61: 58 | BZ61: 60 | CA61: 61 | CB61: 59 | CC61: 61 | CD61: 58 | CE61: 58 | CF61: 60
A62: 恶名远扬 | B62: 39 | C62: 82 | D62: 71 | E62: 86 | F62: 86 | G62: 67 | H62: 67 | I62: 72 | J62: 81 | K62: 84 | L62: 69 | M62: 63 | N62: 64 | O62: 65 | P62: 67 | Q62: 70 | R62: 70 | S62: 70 | T62: 71 | U62: 71 | V62: 59 | W62: 59 | X62: 57 | Y62: 61 | Z62: 56 | AA62: 56 | AB62: 58 | AC62: 58 | AD62: 59 | AE62: 57 | AF62: 58 | AG62: 55 | AH62: 52 | AI62: 52 | AJ62: 51 | AK62: 51 | AL62: 50 | AM62: 50 | AN62: 50 | AO62: 43 | AP62: 42 | AQ62: 43 | AR62: 43 | AS62: 44 | AT62: 46 | AU62: 49 | AV62: 50 | AW62: 50 | AX62: 53 | AY62: 54 | AZ62: 57 | BA62: 32 | BB62: 34 | BC62: 36 | BD62: 37 | BE62: 38 | BF62: 38 | BG62: 39 | BH62: 38 | BI62: 40 | BJ62: 41 | BK62: 41 | BL62: 44 | BM62: 45 | BN62: 49 | BO62: 49 | BP62: 49 | BQ62: 49 | BR62: 48 | BS62: 49 | BT62: 49 | BU62: 50 | BV62: 52 | BW62: 53 | BX62: 53 | BY62: 55 | BZ62: 56 | CA62: 55 | CB62: 55 | CC62: 58 | CD62: 59 | CE62: 59 | CF62: 61
A63: 千里流放路 | I63: 138 | J63: 161 | K63: 164 | L63: 166 | M63: 174 | N63: 177 | O63: 180 | P63: 108 | Q63: 110 | R63: 111 | S63: 114 | T63: 115 | U63: 116 | V63: 116 | W63: 119 | X63: 124 | Y63: 124 | Z63: 124 | AA63: 127 | AB63: 129 | AC63: 131 | AD63: 132 | AE63: 133 | AF63: 108 | AG63: 112 | AH63: 113 | AI63: 114 | AJ63: 115 | AK63: 117 | AL63: 99 | AM63: 101 | AN63: 102 | AO63: 105 | AP63: 106 | AQ63: 109 | AR63: 112 | AS63: 117 | AT63: 124 | AU63: 126 | AV63: 134 | AW63: 138 | AX63: 127 | AY63: 107 | AZ63: 110 | BA63: 111 | BB63: 94 | BC63: 90 | BD63: 92 | BE63: 93 | BF63: 96 | BG63: 88 | BH63: 93 | BI63: 96 | BJ63: 93 | BK63: 95 | BL63: 98 | BM63: 101 | BN63: 104 | BO63: 105 | BP63: 107 | BQ63: 107 | BR63: 112 | BS63: 115 | BT63: 116 | BU63: 117 | BV63: 119 | BW63: 120 | BX63: 121 | BY63: 128 | BZ63: 67 | CA63: 56 | CB63: 58 | CC63: 59 | CD63: 60 | CE63: 60 | CF63: 62
A64: 风过千山雪 | AV64: 23 | AW64: 23 | AX64: 23 | AY64: 23 | AZ64: 24 | BA64: 24 | BB64: 25 | BC64: 27 | BD64: 31 | BE64: 32 | BF64: 32 | BG64: 34 | BH64: 34 | BI64: 35 | BJ64: 35 | BK64: 36 | BL64: 37 | BM64: 36 | BN64: 38 | BO64: 40 | BP64: 43 | BQ64: 43 | BR64: 44 | BS64: 44 | BT64: 44 | BU64: 45 | BV64: 46 | BW64: 51 | BX64: 51 | BY64: 53 | BZ64: 55 | CA64: 57 | CB64: 56 | CC64: 60 | CD64: 61 | CE64: 61 | CF64: 63
A65: 渡前缘 | B65: 48 | C65: 96 | D65: 123 | E65: 91 | F65: 94 | G65: 73 | H65: 70 | I65: 67 | J65: 74 | K65: 78 | L65: 81 | M65: 83 | N65: 75 | O65: 70 | P65: 65 | Q65: 67 | R65: 67 | S65: 67 | T65: 67 | U65: 67 | V65: 68 | W65: 68 | X65: 69 | Y65: 70 | Z65: 70 | AA65: 71 | AB65: 72 | AC65: 72 | AD65: 72 | AE65: 72 | AF65: 69 | AG65: 58 | AH65: 58 | AI65: 57 | AJ65: 57 | AK65: 57 | AL65: 58 | AM65: 59 | AN65: 61 | AO65: 62 | AP65: 62 | AQ65: 62 | AR65: 60 | AS65: 62 | AT65: 43 | AU65: 44 | AV65: 45 | AW65: 46 | AX65: 46 | AY65: 47 | AZ65: 48 | BA65: 52 | BB65: 51 | BC65: 52 | BD65: 52 | BE65: 53 | BF65: 54 | BG65: 57 | BH65: 57 | BI65: 58 | BJ65: 60 | BK65: 57 | BL65: 57 | BM65: 59 | BN65: 60 | BO65: 61 | BP65: 57 | BQ65: 58 | BR65: 60 | BS65: 61 | BT65: 61 | BU65: 62 | BV65: 61 | BW65: 61 | BX65: 59 | BY65: 61 | BZ65: 62 | CA65: 63 | CB65: 63 | CC65: 64 | CD65: 64 | CE65: 64 | CF65: 64
A66: 宫妃风华录 | B66: 77 | C66: 167 | F66: 133 | G66: 152 | H66: 166 | I66: 110 | J66: 79 | K66: 83 | L66: 77 | M66: 78 | N66: 84 | O66: 85 | P66: 88 | Q66: 84 | R66: 86 | S66: 86 | T66: 74 | U66: 75 | V66: 77 | W66: 77 | X66: 81 | Y66: 81 | Z66: 82 | AA66: 83 | AB66: 84 | AC66: 85 | AD66: 86 | AE66: 87 | AF66: 91 | AG66: 94 | AH66: 95 | AI66: 95 | AJ66: 97 | AK66: 98 | AL66: 100 | AM66: 103 | AN66: 107 | AO66: 110 | AP66: 112 | AQ66: 114 | AR66: 87 | AS66: 90 | AT66: 61 | AU66: 58 | AV66: 59 | AW66: 61 | AX66: 62 | AY66: 61 | AZ66: 63 | BA66: 64 | BB66: 66 | BC66: 67 | BD66: 67 | BE66: 67 | BF66: 62 | BG66: 64 | BH66: 67 | BI66: 67 | BJ66: 67 | BK66: 67 | BL66: 69 | BM66: 70 | BN66: 64 | BO66: 64 | BP66: 65 | BQ66: 65 | BR66: 66 | BS66: 69 | BT66: 69 | BU66: 70 | BV66: 73 | BW66: 68 | BX66: 66 | BY66: 66 | BZ66: 70 | CA66: 67 | CB66: 68 | CC66: 71 | CD66: 69 | CE66: 71 | CF66: 65
A67: 模拟古代生活：万年无疆 | B67: 66 | D67: 146 | E67: 138 | F67: 158 | G67: 141 | H67: 153 | I67: 99 | J67: 99 | K67: 104 | L67: 108 | M67: 89 | N67: 94 | O67: 96 | P67: 81 | Q67: 63 | R67: 65 | S67: 65 | T67: 65 | U67: 65 | V67: 66 | W67: 66 | X67: 67 | Y67: 69 | Z67: 69 | AA67: 69 | AB67: 70 | AC67: 71 | AD67: 71 | AE67: 60 | AF67: 61 | AG67: 57 | AH67: 55 | AI67: 55 | AJ67: 56 | AK67: 56 | AL67: 57 | AM67: 58 | AN67: 58 | AO67: 59 | AP67: 59 | AQ67: 59 | AR67: 61 | AS67: 60 | AT67: 62 | AU67: 63 | AV67: 64 | AW67: 57 | AX67: 57 | AY67: 59 | AZ67: 58 | BA67: 59 | BB67: 61 | BC67: 62 | BD67: 65 | BE67: 60 | BF67: 63 | BG67: 65 | BH67: 63 | BI67: 62 | BJ67: 59 | BK67: 59 | BL67: 59 | BM67: 61 | BN67: 61 | BO67: 57 | BP67: 58 | BQ67: 59 | BR67: 61 | BS67: 58 | BT67: 58 | BU67: 59 | BV67: 60 | BW67: 60 | BX67: 61 | BY67: 62 | BZ67: 63 | CA67: 65 | CB67: 65 | CC67: 65 | CD67: 65 | CE67: 65 | CF67: 66
A68: 朕真不想造反啊 | B68: 58 | C68: 40 | D68: 50 | E68: 51 | F68: 52 | G68: 52 | H68: 51 | I68: 54 | J68: 50 | K68: 54 | L68: 55 | M68: 58 | N68: 54 | O68: 51 | P68: 50 | Q68: 51 | R68: 51 | S68: 51 | T68: 53 | U68: 53 | V68: 50 | W68: 50 | X68: 51 | Y68: 51 | Z68: 51 | AA68: 50 | AB68: 50 | AC68: 50 | AD68: 48 | AE68: 47 | AF68: 52 | AG68: 52 | AH68: 54 | AI68: 54 | AJ68: 55 | AK68: 55 | AL68: 56 | AM68: 54 | AN68: 55 | AO68: 53 | AP68: 52 | AQ68: 53 | AR68: 55 | AS68: 58 | AT68: 59 | AU68: 61 | AV68: 62 | AW68: 63 | AX68: 64 | AY68: 64 | AZ68: 67 | BA68: 65 | BB68: 59 | BC68: 60 | BD68: 59 | BE68: 58 | BF68: 59 | BG68: 60 | BH68: 62 | BI68: 64 | BJ68: 63 | BK68: 63 | BL68: 62 | BM68: 63 | BN68: 66 | BO68: 67 | BP68: 69 | BQ68: 69 | BR68: 69 | BS68: 67 | BT68: 67 | BU68: 69 | BV68: 67 | BW68: 64 | BX68: 65 | BY68: 65 | BZ68: 66 | CA68: 68 | CB68: 69 | CC68: 70 | CD68: 72 | CE68: 68 | CF68: 67
A69: 古代女子生存实录 | B69: 80 | G69: 176 | H69: 189 | M69: 160 | N69: 163 | O69: 112 | P69: 115 | Q69: 121 | R69: 122 | S69: 123 | T69: 124 | U69: 125 | V69: 128 | W69: 131 | X69: 136 | Y69: 136 | Z69: 137 | AA69: 125 | AB69: 127 | AC69: 102 | AD69: 104 | AE69: 84 | AF69: 74 | AG69: 76 | AH69: 76 | AI69: 70 | AJ69: 72 | AK69: 73 | AL69: 70 | AM69: 69 | AN69: 70 | AO69: 72 | AP69: 72 | AQ69: 74 | AR69: 77 | AS69: 81 | AT69: 82 | AU69: 85 | AV69: 88 | AW69: 89 | AX69: 90 | AY69: 91 | AZ69: 77 | BA69: 66 | BB69: 69 | BC69: 70 | BD69: 70 | BE69: 69 | BF69: 68 | BG69: 63 | BH69: 66 | BI69: 66 | BJ69: 66 | BK69: 66 | BL69: 68 | BM69: 69 | BN69: 71 | BO69: 72 | BP69: 73 | BQ69: 74 | BR69: 74 | BS69: 75 | BT69: 76 | BU69: 77 | BV69: 80 | BW69: 82 | BX69: 79 | BY69: 84 | BZ69: 87 | CA69: 87 | CB69: 82 | CC69: 69 | CD69: 68 | CE69: 66 | CF69: 68
A70: 渣皇本色 | B70: 90 | C70: 147 | D70: 158 | E70: 156 | F70: 59 | G70: 64 | H70: 72 | I70: 68 | J70: 67 | K70: 69 | L70: 67 | M70: 70 | N70: 72 | O70: 75 | P70: 77 | Q70: 76 | R70: 77 | S70: 77 | T70: 78 | U70: 80 | V70: 82 | W70: 83 | X70: 89 | Y70: 89 | Z70: 89 | AA70: 89 | AB70: 90 | AC70: 90 | AD70: 91 | AE70: 89 | AF70: 83 | AG70: 87 | AH70: 90 | AI70: 90 | AJ70: 91 | AK70: 93 | AL70: 94 | AM70: 95 | AN70: 95 | AO70: 99 | AP70: 101 | AQ70: 102 | AR70: 106 | AS70: 104 | AT70: 97 | AU70: 101 | AV70: 91 | AW70: 92 | AX70: 93 | AY70: 96 | AZ70: 81 | BA70: 80 | BB70: 85 | BC70: 83 | BD70: 83 | BE70: 86 | BF70: 79 | BG70: 81 | BH70: 83 | BI70: 85 | BJ70: 83 | BK70: 85 | BL70: 88 | BM70: 77 | BN70: 79 | BO70: 82 | BP70: 83 | BQ70: 77 | BR70: 79 | BS70: 79 | BT70: 79 | BU70: 79 | BV70: 75 | BW70: 76 | BX70: 70 | BY70: 71 | BZ70: 68 | CA70: 69 | CB70: 66 | CC70: 67 | CD70: 66 | CE70: 67 | CF70: 69
A71: 杏林志 | B71: 74 | AF71: 195 | AK71: 161 | AL71: 166 | AM71: 174 | AN71: 166 | AO71: 169 | AP71: 138 | AQ71: 142 | AR71: 145 | AS71: 155 | AT71: 153 | AU71: 159 | AV71: 164 | AW71: 166 | AX71: 171 | AY71: 174 | AZ71: 181 | BA71: 186 | BB71: 191 | BC71: 169 | BD71: 148 | BE71: 152 | BF71: 157 | BG71: 131 | BH71: 119 | BI71: 123 | BJ71: 125 | BK71: 113 | BL71: 105 | BM71: 105 | BN71: 105 | BO71: 106 | BP71: 108 | BQ71: 108 | BR71: 113 | BS71: 101 | BT71: 88 | BU71: 83 | BV71: 86 | BW71: 81 | BX71: 83 | BY71: 83 | BZ71: 80 | CA71: 82 | CB71: 81 | CC71: 78 | CD71: 78 | CE71: 72 | CF71: 70
A72: 我竟然是个女魔头 | B72: 46 | D72: 117 | E72: 141 | F72: 82 | G72: 86 | H72: 78 | I72: 84 | J72: 90 | K72: 95 | L72: 98 | M72: 101 | N72: 93 | O72: 87 | P72: 89 | Q72: 91 | R72: 92 | S72: 87 | T72: 89 | U72: 91 | V72: 84 | W72: 86 | X72: 92 | Y72: 92 | Z72: 92 | AA72: 92 | AB72: 92 | AC72: 92 | AD72: 93 | AE72: 94 | AF72: 96 | AG72: 93 | AH72: 87 | AI72: 87 | AJ72: 89 | AK72: 91 | AL72: 91 | AM72: 92 | AN72: 93 | AO72: 96 | AP72: 99 | AQ72: 101 | AR72: 105 | AS72: 98 | AT72: 101 | AU72: 91 | AV72: 94 | AW72: 94 | AX72: 97 | AY72: 99 | AZ72: 96 | BA72: 99 | BB72: 96 | BC72: 91 | BD72: 91 | BE72: 92 | BF72: 94 | BG72: 96 | BH72: 101 | BI72: 103 | BJ72: 101 | BK72: 100 | BL72: 77 | BM72: 78 | BN72: 78 | BO72: 75 | BP72: 76 | BQ72: 78 | BR72: 78 | BS72: 78 | BT72: 78 | BU72: 72 | BV72: 71 | BW72: 70 | BX72: 68 | BY72: 68 | BZ72: 65 | CA72: 66 | CB72: 67 | CC72: 66 | CD72: 67 | CE72: 69 | CF72: 71
A73: idolux：在？一起搞个顶流 | B73: 63 | C73: 169 | I73: 154 | J73: 142 | K73: 145 | L73: 145 | M73: 149 | N73: 126 | O73: 131 | P73: 134 | Q73: 132 | R73: 133 | S73: 135 | T73: 136 | U73: 137 | V73: 141 | W73: 145 | X73: 153 | Y73: 153 | Z73: 131 | AA73: 133 | AB73: 135 | AC73: 137 | AD73: 138 | AE73: 139 | AF73: 142 | AG73: 137 | AH73: 142 | AI73: 145 | AJ73: 152 | AK73: 155 | AL73: 160 | AM73: 143 | AN73: 150 | AO73: 151 | AP73: 156 | AQ73: 158 | AR73: 164 | AS73: 172 | AT73: 175 | AU73: 162 | AV73: 156 | AW73: 149 | AX73: 151 | AY73: 150 | AZ73: 156 | BA73: 159 | BB73: 167 | BC73: 171 | BD73: 158 | BE73: 162 | BF73: 165 | BG73: 170 | BH73: 173 | BI73: 178 | BJ73: 179 | BK73: 181 | BL73: 183 | BM73: 186 | BN73: 96 | BO73: 97 | BP73: 100 | BQ73: 94 | BR73: 92 | BS73: 93 | BT73: 93 | BU73: 87 | BV73: 79 | BW73: 75 | BX73: 77 | BY73: 72 | BZ73: 72 | CA73: 71 | CB73: 71 | CC73: 73 | CD73: 73 | CE73: 70 | CF73: 72
A74: 殿下能有什么坏心思 | B74: 84 | C74: 48 | D74: 72 | E74: 53 | F74: 63 | G74: 54 | H74: 60 | I74: 66 | J74: 73 | K74: 76 | L74: 80 | M74: 79 | N74: 74 | O74: 63 | P74: 63 | Q74: 57 | R74: 60 | S74: 60 | T74: 60 | U74: 60 | V74: 61 | W74: 61 | X74: 61 | Y74: 60 | Z74: 62 | AA74: 63 | AB74: 63 | AC74: 65 | AD74: 65 | AE74: 67 | AF74: 67 | AG74: 69 | AH74: 62 | AI74: 62 | AJ74: 63 | AK74: 62 | AL74: 64 | AM74: 65 | AN74: 65 | AO74: 64 | AP74: 64 | AQ74: 64 | AR74: 64 | AS74: 61 | AT74: 63 | AU74: 62 | AV74: 63 | AW74: 64 | AX74: 67 | AY74: 67 | AZ74: 69 | BA74: 73 | BB74: 65 | BC74: 68 | BD74: 68 | BE74: 68 | BF74: 69 | BG74: 71 | BH74: 72 | BI74: 73 | BJ74: 73 | BK74: 74 | BL74: 74 | BM74: 67 | BN74: 69 | BO74: 66 | BP74: 66 | BQ74: 66 | BR74: 67 | BS74: 64 | BT74: 65 | BU74: 65 | BV74: 65 | BW74: 67 | BX74: 69 | BY74: 70 | BZ74: 76 | CA74: 74 | CB74: 75 | CC74: 76 | CD74: 77 | CE74: 77 | CF74: 73
A75: 凰途似锦 | B75: 64 | D75: 165 | E75: 191 | J75: 172 | K75: 131 | L75: 102 | M75: 105 | N75: 91 | O75: 92 | P75: 96 | Q75: 83 | R75: 85 | S75: 85 | T75: 88 | U75: 89 | V75: 76 | W75: 76 | X75: 80 | Y75: 80 | Z75: 81 | AA75: 82 | AB75: 83 | AC75: 84 | AD75: 85 | AE75: 86 | AF75: 90 | AG75: 86 | AH75: 81 | AI75: 84 | AJ75: 85 | AK75: 88 | AL75: 88 | AM75: 90 | AN75: 91 | AO75: 93 | AP75: 96 | AQ75: 96 | AR75: 73 | AS75: 79 | AT75: 81 | AU75: 72 | AV75: 74 | AW75: 77 | AX75: 77 | AY75: 78 | AZ75: 83 | BA75: 84 | BB75: 80 | BC75: 82 | BD75: 82 | BE75: 82 | BF75: 85 | BG75: 82 | BH75: 84 | BI75: 86 | BJ75: 87 | BK75: 89 | BL75: 75 | BM75: 74 | BN75: 68 | BO75: 68 | BP75: 70 | BQ75: 70 | BR75: 71 | BS75: 72 | BT75: 72 | BU75: 73 | BV75: 74 | BW75: 71 | BX75: 71 | BY75: 74 | BZ75: 73 | CA75: 73 | CB75: 72 | CC75: 75 | CD75: 70 | CE75: 73 | CF75: 74
A76: 世系长歌 | B76: 56 | C76: 59 | D76: 56 | E76: 68 | F76: 77 | G76: 69 | H76: 76 | I76: 82 | J76: 82 | K76: 85 | L76: 87 | M76: 80 | N76: 85 | O76: 86 | P76: 90 | Q76: 92 | R76: 93 | S76: 93 | T76: 94 | U76: 95 | V76: 96 | W76: 97 | X76: 100 | Y76: 101 | Z76: 102 | AA76: 102 | AB76: 102 | AC76: 105 | AD76: 106 | AE76: 106 | AF76: 112 | AG76: 100 | AH76: 102 | AI76: 103 | AJ76: 104 | AK76: 99 | AL76: 101 | AM76: 102 | AN76: 103 | AO76: 106 | AP76: 107 | AQ76: 98 | AR76: 94 | AS76: 95 | AT76: 98 | AU76: 102 | AV76: 102 | AW76: 103 | AX76: 108 | AY76: 104 | AZ76: 103 | BA76: 94 | BB76: 97 | BC76: 98 | BD76: 98 | BE76: 100 | BF76: 99 | BG76: 91 | BH76: 97 | BI76: 99 | BJ76: 95 | BK76: 91 | BL76: 91 | BM76: 86 | BN76: 76 | BO76: 76 | BP76: 77 | BQ76: 79 | BR76: 75 | BS76: 73 | BT76: 73 | BU76: 68 | BV76: 66 | BW76: 65 | BX76: 67 | BY76: 69 | BZ76: 71 | CA76: 72 | CB76: 74 | CC76: 68 | CD76: 71 | CE76: 74 | CF76: 75
A77: 谋仙渡 | B77: 67 | C77: 98 | D77: 130 | E77: 160 | F77: 124 | G77: 138 | H77: 149 | I77: 164 | J77: 184 | K77: 189 | L77: 192 | M77: 136 | N77: 136 | O77: 113 | P77: 102 | Q77: 80 | R77: 82 | S77: 82 | T77: 83 | U77: 84 | V77: 86 | W77: 88 | X77: 79 | Y77: 79 | Z77: 79 | AA77: 80 | AB77: 75 | AC77: 76 | AD77: 76 | AE77: 77 | AF77: 80 | AG77: 83 | AH77: 86 | AI77: 88 | AJ77: 78 | AK77: 75 | AL77: 75 | AM77: 77 | AN77: 80 | AO77: 76 | AP77: 76 | AQ77: 79 | AR77: 79 | AS77: 71 | AT77: 74 | AU77: 76 | AV77: 81 | AW77: 75 | AX77: 70 | AY77: 69 | AZ77: 68 | BA77: 72 | BB77: 75 | BC77: 73 | BD77: 75 | BE77: 75 | BF77: 75 | BG77: 73 | BH77: 70 | BI77: 72 | BJ77: 69 | BK77: 69 | BL77: 70 | BM77: 71 | BN77: 73 | BO77: 73 | BP77: 72 | BQ77: 73 | BR77: 72 | BS77: 71 | BT77: 71 | BU77: 71 | BV77: 70 | BW77: 74 | BX77: 72 | BY77: 75 | BZ77: 79 | CA77: 75 | CB77: 76 | CC77: 79 | CD77: 79 | CE77: 79 | CF77: 76
A78: 宫斗这件小事新版 | B78: 68 | G78: 186 | H78: 199 | K78: 154 | L78: 156 | M78: 146 | N78: 149 | O78: 154 | P78: 159 | Q78: 167 | R78: 171 | S78: 173 | T78: 177 | U78: 182 | V78: 183 | W78: 176 | X78: 64 | Y78: 67 | Z78: 60 | AA78: 61 | AB78: 61 | AC78: 62 | AD78: 63 | AE78: 65 | AF78: 66 | AG78: 68 | AH78: 70 | AI78: 73 | AJ78: 70 | AK78: 70 | AL78: 72 | AM78: 72 | AN78: 75 | AO78: 75 | AP78: 75 | AQ78: 75 | AR78: 78 | AS78: 68 | AT78: 69 | AU78: 69 | AV78: 68 | AW78: 67 | AX78: 68 | AY78: 71 | AZ78: 70 | BA78: 71 | BB78: 73 | BC78: 75 | BD78: 74 | BE78: 74 | BF78: 71 | BG78: 70 | BH78: 71 | BI78: 71 | BJ78: 72 | BK78: 72 | BL78: 72 | BM78: 72 | BN78: 72 | BO78: 70 | BP78: 68 | BQ78: 68 | BR78: 70 | BS78: 70 | BT78: 70 | BU78: 74 | BV78: 72 | BW78: 73 | BX78: 74 | BY78: 73 | BZ78: 78 | CA78: 77 | CB78: 73 | CC78: 74 | CD78: 74 | CE78: 75 | CF78: 77
A79: 冒犯哥哥对不起了 | B79: 99 | C79: 70 | D79: 33 | E79: 32 | F79: 30 | G79: 30 | H79: 35 | I79: 37 | J79: 36 | K79: 38 | L79: 41 | M79: 41 | N79: 41 | O79: 42 | P79: 45 | Q79: 47 | R79: 48 | S79: 45 | T79: 47 | U79: 45 | V79: 46 | W79: 48 | X79: 48 | Y79: 48 | Z79: 48 | AA79: 47 | AB79: 47 | AC79: 47 | AD79: 49 | AE79: 50 | AF79: 51 | AG79: 51 | AH79: 53 | AI79: 53 | AJ79: 54 | AK79: 53 | AL79: 53 | AM79: 55 | AN79: 56 | AO79: 57 | AP79: 57 | AQ79: 56 | AR79: 57 | AS79: 59 | AT79: 60 | AU79: 59 | AV79: 60 | AW79: 60 | AX79: 59 | AY79: 56 | AZ79: 61 | BA79: 58 | BB79: 60 | BC79: 61 | BD79: 62 | BE79: 64 | BF79: 66 | BG79: 68 | BH79: 68 | BI79: 69 | BJ79: 70 | BK79: 70 | BL79: 71 | BM79: 73 | BN79: 74 | BO79: 74 | BP79: 74 | BQ79: 76 | BR79: 76 | BS79: 76 | BT79: 74 | BU79: 75 | BV79: 76 | BW79: 77 | BX79: 76 | BY79: 76 | BZ79: 74 | CA79: 76 | CB79: 77 | CC79: 77 | CD79: 76 | CE79: 76 | CF79: 78
A80: 黑月光师尊拿命洗白 | B80: 117 | C80: 33 | D80: 42 | E80: 46 | F80: 57 | G80: 57 | H80: 65 | I80: 58 | J80: 68 | K80: 71 | L80: 73 | M80: 74 | N80: 77 | O80: 79 | P80: 80 | Q80: 82 | R80: 84 | S80: 84 | T80: 87 | U80: 88 | V80: 90 | W80: 92 | X80: 95 | Y80: 95 | Z80: 97 | AA80: 98 | AB80: 98 | AC80: 98 | AD80: 83 | AE80: 83 | AF80: 87 | AG80: 84 | AH80: 88 | AI80: 77 | AJ80: 77 | AK80: 79 | AL80: 79 | AM80: 82 | AN80: 85 | AO80: 87 | AP80: 89 | AQ80: 90 | AR80: 93 | AS80: 88 | AT80: 84 | AU80: 70 | AV80: 71 | AW80: 74 | AX80: 73 | AY80: 75 | AZ80: 73 | BA80: 69 | BB80: 68 | BC80: 69 | BD80: 69 | BE80: 71 | BF80: 73 | BG80: 74 | BH80: 76 | BI80: 77 | BJ80: 77 | BK80: 77 | BL80: 76 | BM80: 76 | BN80: 77 | BO80: 78 | BP80: 79 | BQ80: 71 | BR80: 59 | BS80: 60 | BT80: 60 | BU80: 61 | BV80: 62 | BW80: 63 | BX80: 64 | BY80: 67 | BZ80: 69 | CA80: 70 | CB80: 70 | CC80: 72 | CD80: 75 | CE80: 78 | CF80: 79
A81: 闪耀48区 | B81: 163 | Y81: 155 | Z81: 156 | AA81: 158 | AB81: 159 | AC81: 160 | AD81: 156 | AE81: 126 | AF81: 97 | AG81: 101 | AH81: 103 | AI81: 104 | AJ81: 105 | AK81: 72 | AL81: 67 | AM81: 62 | AN81: 57 | AO81: 54 | AP81: 55 | AQ81: 55 | AR81: 54 | AS81: 53 | AT81: 55 | AU81: 55 | AV81: 56 | AW81: 56 | AX81: 56 | AY81: 55 | AZ81: 60 | BA81: 62 | BB81: 63 | BC81: 63 | BD81: 61 | BE81: 63 | BF81: 64 | BG81: 62 | BH81: 61 | BI81: 63 | BJ81: 64 | BK81: 64 | BL81: 64 | BM81: 65 | BN81: 65 | BO81: 65 | BP81: 63 | BQ81: 62 | BR81: 63 | BS81: 63 | BT81: 64 | BU81: 64 | BV81: 68 | BW81: 69 | BX81: 73 | BY81: 77 | BZ81: 77 | CA81: 79 | CB81: 79 | CC81: 82 | CD81: 82 | CE81: 80 | CF81: 80
A82: 古代人生模拟器 | B82: 142 | C82: 151 | D82: 101 | E82: 67 | F82: 76 | G82: 85 | H82: 62 | I82: 55 | J82: 49 | K82: 55 | L82: 56 | M82: 59 | N82: 60 | O82: 60 | P82: 61 | Q82: 65 | R82: 66 | S82: 66 | T82: 66 | U82: 66 | V82: 67 | W82: 67 | X82: 68 | Y82: 63 | Z82: 64 | AA82: 64 | AB82: 64 | AC82: 61 | AD82: 58 | AE82: 59 | AF82: 60 | AG82: 54 | AH82: 59 | AI82: 59 | AJ82: 60 | AK82: 61 | AL82: 62 | AM82: 63 | AN82: 64 | AO82: 65 | AP82: 65 | AQ82: 65 | AR82: 66 | AS82: 67 | AT82: 66 | AU82: 66 | AV82: 67 | AW82: 69 | AX82: 69 | AY82: 70 | AZ82: 72 | BA82: 75 | BB82: 76 | BC82: 79 | BD82: 79 | BE82: 79 | BF82: 81 | BG82: 84 | BH82: 87 | BI82: 90 | BJ82: 90 | BK82: 93 | BL82: 94 | BM82: 98 | BN82: 98 | BO82: 91 | BP82: 88 | BQ82: 81 | BR82: 84 | BS82: 85 | BT82: 86 | BU82: 82 | BV82: 85 | BW82: 85 | BX82: 86 | BY82: 79 | BZ82: 82 | CA82: 81 | CB82: 80 | CC82: 80 | CD82: 81 | CE82: 83 | CF82: 81
A83: 诱君多采撷 | B83: 62 | C83: 113 | D83: 66 | E83: 55 | F83: 60 | G83: 65 | H83: 58 | I83: 64 | J83: 65 | K83: 67 | L83: 68 | M83: 71 | N83: 73 | O83: 76 | P83: 78 | Q83: 79 | R83: 80 | S83: 80 | T83: 81 | U83: 83 | V83: 85 | W83: 87 | X83: 85 | Y83: 85 | Z83: 85 | AA83: 75 | AB83: 78 | AC83: 79 | AD83: 79 | AE83: 80 | AF83: 77 | AG83: 77 | AH83: 78 | AI83: 82 | AJ83: 83 | AK83: 86 | AL83: 86 | AM83: 88 | AN83: 89 | AO83: 84 | AP83: 86 | AQ83: 88 | AR83: 91 | AS83: 86 | AT83: 85 | AU83: 84 | AV83: 87 | AW83: 85 | AX83: 83 | AY83: 86 | AZ83: 86 | BA83: 89 | BB83: 91 | BC83: 95 | BD83: 96 | BE83: 97 | BF83: 100 | BG83: 103 | BH83: 108 | BI83: 98 | BJ83: 94 | BK83: 96 | BL83: 95 | BM83: 99 | BN83: 80 | BO83: 79 | BP83: 80 | BQ83: 82 | BR83: 86 | BS83: 81 | BT83: 81 | BU83: 85 | BV83: 89 | BW83: 87 | BX83: 89 | BY83: 90 | BZ83: 91 | CA83: 95 | CB83: 98 | CC83: 84 | CD83: 80 | CE83: 82 | CF83: 82
A84: 偏执大佬的金丝雀 | B84: 95 | C84: 102 | D84: 55 | E84: 66 | F84: 71 | G84: 77 | H84: 75 | I84: 80 | J84: 92 | K84: 97 | L84: 101 | M84: 104 | N84: 107 | O84: 109 | P84: 112 | Q84: 115 | R84: 115 | S84: 118 | T84: 119 | U84: 120 | V84: 120 | W84: 114 | X84: 118 | Y84: 119 | Z84: 119 | AA84: 121 | AB84: 124 | AC84: 127 | AD84: 128 | AE84: 129 | AF84: 133 | AG84: 139 | AH84: 145 | AI84: 141 | AJ84: 130 | AK84: 132 | AL84: 137 | AM84: 144 | AN84: 132 | AO84: 137 | AP84: 141 | AQ84: 144 | AR84: 148 | AS84: 157 | AT84: 158 | AU84: 154 | AV84: 138 | AW84: 135 | AX84: 133 | AY84: 134 | AZ84: 137 | BA84: 136 | BB84: 138 | BC84: 117 | BD84: 121 | BE84: 125 | BF84: 128 | BG84: 134 | BH84: 131 | BI84: 129 | BJ84: 131 | BK84: 136 | BL84: 138 | BM84: 132 | BN84: 126 | BO84: 128 | BP84: 118 | BQ84: 123 | BR84: 125 | BS84: 123 | BT84: 124 | BU84: 124 | BV84: 116 | BW84: 115 | BX84: 116 | BY84: 116 | BZ84: 119 | CA84: 122 | CB84: 89 | CC84: 83 | CD84: 84 | CE84: 81 | CF84: 83
A85: 入罗帷 | B85: 81 | E85: 171 | F85: 188 | G85: 148 | H85: 141 | I85: 155 | J85: 177 | K85: 181 | L85: 185 | M85: 190 | N85: 194 | O85: 198 | V85: 161 | W85: 165 | X85: 169 | Y85: 175 | Z85: 176 | AA85: 177 | AB85: 177 | AC85: 178 | AD85: 179 | AE85: 170 | AF85: 173 | AG85: 180 | AH85: 183 | AI85: 156 | AJ85: 141 | AK85: 142 | AL85: 130 | AM85: 136 | AN85: 134 | AO85: 120 | AP85: 116 | AQ85: 118 | AR85: 120 | AS85: 116 | AT85: 116 | AU85: 119 | AV85: 127 | AW85: 130 | AX85: 123 | AY85: 129 | AZ85: 129 | BA85: 131 | BB85: 137 | BC85: 136 | BD85: 139 | BE85: 136 | BF85: 136 | BG85: 141 | BH85: 139 | BI85: 134 | BJ85: 137 | BK85: 130 | BL85: 133 | BM85: 136 | BN85: 138 | BO85: 138 | BP85: 141 | BQ85: 136 | BR85: 138 | BS85: 131 | BT85: 125 | BU85: 126 | BV85: 121 | BW85: 123 | BX85: 118 | BY85: 121 | BZ85: 122 | CA85: 116 | CB85: 113 | CC85: 102 | CD85: 95 | CE85: 92 | CF85: 84
A86: 我不是天之骄子吗 | F86: 182 | I86: 14 | J86: 14 | K86: 15 | L86: 15 | M86: 17 | N86: 17 | O86: 17 | P86: 17 | Q86: 17 | R86: 18 | S86: 18 | T86: 18 | U86: 19 | V86: 19 | W86: 20 | X86: 20 | Y86: 20 | Z86: 21 | AA86: 22 | AB86: 22 | AC86: 22 | AD86: 22 | AE86: 22 | AF86: 23 | AG86: 24 | AH86: 25 | AI86: 26 | AJ86: 26 | AK86: 26 | AL86: 28 | AM86: 29 | AN86: 30 | AO86: 31 | AP86: 31 | AQ86: 33 | AR86: 33 | AS86: 36 | AT86: 37 | AU86: 38 | AV86: 40 | AW86: 37 | AX86: 39 | AY86: 41 | AZ86: 44 | BA86: 49 | BB86: 50 | BC86: 51 | BD86: 51 | BE86: 52 | BF86: 52 | BG86: 56 | BH86: 56 | BI86: 57 | BJ86: 58 | BK86: 60 | BL86: 61 | BM86: 62 | BN86: 63 | BO86: 63 | BP86: 64 | BQ86: 64 | BR86: 65 | BS86: 68 | BT86: 68 | BU86: 67 | BV86: 69 | BW86: 72 | BX86: 75 | BY86: 78 | BZ86: 75 | CA86: 78 | CB86: 78 | CC86: 81 | CD86: 83 | CE86: 84 | CF86: 85
A87: 金珠遗梦 | B87: 41 | C87: 139 | D87: 81 | E87: 104 | F87: 101 | G87: 84 | H87: 90 | I87: 85 | J87: 95 | K87: 100 | L87: 94 | M87: 98 | N87: 103 | O87: 104 | P87: 106 | Q87: 108 | R87: 109 | S87: 109 | T87: 110 | U87: 110 | V87: 110 | W87: 111 | X87: 111 | Y87: 112 | Z87: 112 | AA87: 112 | AB87: 113 | AC87: 114 | AD87: 115 | AE87: 118 | AF87: 105 | AG87: 108 | AH87: 109 | AI87: 110 | AJ87: 111 | AK87: 112 | AL87: 116 | AM87: 112 | AN87: 108 | AO87: 104 | AP87: 105 | AQ87: 107 | AR87: 110 | AS87: 113 | AT87: 118 | AU87: 121 | AV87: 123 | AW87: 118 | AX87: 122 | AY87: 128 | AZ87: 128 | BA87: 128 | BB87: 132 | BC87: 109 | BD87: 106 | BE87: 91 | BF87: 92 | BG87: 93 | BH87: 94 | BI87: 89 | BJ87: 89 | BK87: 81 | BL87: 83 | BM87: 84 | BN87: 88 | BO87: 83 | BP87: 85 | BQ87: 88 | BR87: 90 | BS87: 89 | BT87: 83 | BU87: 84 | BV87: 83 | BW87: 80 | BX87: 82 | BY87: 87 | BZ87: 83 | CA87: 83 | CB87: 85 | CC87: 85 | CD87: 86 | CE87: 85 | CF87: 86
A88: 吾凰·在上 | B88: 78 | C88: 54 | D88: 45 | E88: 43 | F88: 49 | G88: 58 | H88: 66 | I88: 60 | J88: 71 | K88: 70 | L88: 71 | M88: 73 | N88: 69 | O88: 66 | P88: 69 | Q88: 72 | R88: 72 | S88: 72 | T88: 72 | U88: 72 | V88: 72 | W88: 72 | X88: 74 | Y88: 74 | Z88: 74 | AA88: 76 | AB88: 79 | AC88: 80 | AD88: 80 | AE88: 74 | AF88: 75 | AG88: 78 | AH88: 77 | AI88: 81 | AJ88: 82 | AK88: 84 | AL88: 85 | AM88: 87 | AN88: 88 | AO88: 92 | AP88: 90 | AQ88: 77 | AR88: 74 | AS88: 72 | AT88: 75 | AU88: 77 | AV88: 82 | AW88: 80 | AX88: 80 | AY88: 82 | AZ88: 75 | BA88: 70 | BB88: 70 | BC88: 71 | BD88: 71 | BE88: 70 | BF88: 72 | BG88: 69 | BH88: 69 | BI88: 70 | BJ88: 71 | BK88: 73 | BL88: 73 | BM88: 75 | BN88: 75 | BO88: 77 | BP88: 78 | BQ88: 80 | BR88: 82 | BS88: 83 | BT88: 82 | BU88: 86 | BV88: 91 | BW88: 91 | BX88: 90 | BY88: 89 | BZ88: 88 | CA88: 89 | CB88: 90 | CC88: 93 | CD88: 94 | CE88: 94 | CF88: 87
A89: 家族模拟器：主君在上 | B89: 106 | H89: 95 | I89: 108 | J89: 126 | K89: 117 | L89: 122 | M89: 123 | N89: 123 | O89: 128 | P89: 132 | Q89: 138 | R89: 140 | S89: 142 | T89: 143 | U89: 146 | V89: 149 | W89: 153 | X89: 159 | Y89: 161 | Z89: 161 | AA89: 117 | AB89: 116 | AC89: 119 | AD89: 112 | AE89: 109 | AF89: 100 | AG89: 98 | AH89: 100 | AI89: 101 | AJ89: 102 | AK89: 105 | AL89: 107 | AM89: 98 | AN89: 99 | AO89: 102 | AP89: 103 | AQ89: 104 | AR89: 108 | AS89: 101 | AT89: 103 | AU89: 105 | AV89: 111 | AW89: 97 | AX89: 99 | AY89: 105 | AZ89: 116 | BA89: 119 | BB89: 115 | BC89: 110 | BD89: 112 | BE89: 104 | BF89: 107 | BG89: 113 | BH89: 112 | BI89: 115 | BJ89: 117 | BK89: 120 | BL89: 120 | BM89: 121 | BN89: 117 | BO89: 111 | BP89: 112 | BQ89: 114 | BR89: 114 | BS89: 114 | BT89: 115 | BU89: 115 | BV89: 114 | BW89: 109 | BX89: 106 | BY89: 95 | BZ89: 94 | CA89: 88 | CB89: 88 | CC89: 89 | CD89: 90 | CE89: 87 | CF89: 88
A90: 后宫·妃色浅 | B90: 177 | F90: 190 | BA90: 90 | BB90: 74 | BC90: 78 | BD90: 78 | BE90: 78 | BF90: 78 | BG90: 83 | BH90: 85 | BI90: 87 | BJ90: 86 | BK90: 88 | BL90: 92 | BM90: 92 | BN90: 100 | BO90: 98 | BP90: 97 | BQ90: 98 | BR90: 80 | BS90: 80 | BT90: 80 | BU90: 81 | BV90: 82 | BW90: 84 | BX90: 80 | BY90: 81 | BZ90: 85 | CA90: 85 | CB90: 84 | CC90: 87 | CD90: 85 | CE90: 86 | CF90: 89
A91: 绝代风华明星养成录 | B91: 79 | C91: 94 | D91: 128 | E91: 103 | F91: 73 | G91: 72 | H91: 80 | I91: 86 | J91: 97 | K91: 102 | L91: 92 | M91: 94 | N91: 100 | O91: 101 | P91: 84 | Q91: 87 | R91: 89 | S91: 90 | T91: 92 | U91: 93 | V91: 94 | W91: 95 | X91: 98 | Y91: 99 | Z91: 100 | AA91: 100 | AB91: 100 | AC91: 101 | AD91: 103 | AE91: 104 | AF91: 109 | AG91: 113 | AH91: 114 | AI91: 115 | AJ91: 116 | AK91: 118 | AL91: 122 | AM91: 116 | AN91: 119 | AO91: 103 | AP91: 104 | AQ91: 105 | AR91: 109 | AS91: 114 | AT91: 119 | AU91: 122 | AV91: 119 | AW91: 123 | AX91: 120 | AY91: 126 | AZ91: 130 | BA91: 133 | BB91: 133 | BC91: 138 | BD91: 141 | BE91: 130 | BF91: 125 | BG91: 129 | BH91: 121 | BI91: 116 | BJ91: 106 | BK91: 105 | BL91: 107 | BM91: 107 | BN91: 106 | BO91: 109 | BP91: 98 | BQ91: 99 | BR91: 104 | BS91: 106 | BT91: 95 | BU91: 99 | BV91: 92 | BW91: 92 | BX91: 95 | BY91: 94 | BZ91: 98 | CA91: 103 | CB91: 99 | CC91: 106 | CD91: 100 | CE91: 95 | CF91: 90
A92: 青梅折枝意 | B92: 60 | C92: 80 | D92: 107 | E92: 120 | F92: 136 | G92: 89 | H92: 73 | I92: 78 | J92: 56 | K92: 52 | L92: 53 | M92: 56 | N92: 59 | O92: 59 | P92: 60 | Q92: 61 | R92: 63 | S92: 63 | T92: 64 | U92: 64 | V92: 65 | W92: 65 | X92: 66 | Y92: 59 | Z92: 61 | AA92: 62 | AB92: 62 | AC92: 64 | AD92: 64 | AE92: 66 | AF92: 65 | AG92: 67 | AH92: 69 | AI92: 71 | AJ92: 73 | AK92: 74 | AL92: 74 | AM92: 75 | AN92: 78 | AO92: 79 | AP92: 80 | AQ92: 82 | AR92: 84 | AS92: 85 | AT92: 89 | AU92: 90 | AV92: 92 | AW92: 88 | AX92: 88 | AY92: 90 | AZ92: 88 | BA92: 76 | BB92: 78 | BC92: 76 | BD92: 72 | BE92: 72 | BF92: 74 | BG92: 75 | BH92: 78 | BI92: 79 | BJ92: 80 | BK92: 82 | BL92: 84 | BM92: 85 | BN92: 89 | BO92: 84 | BP92: 86 | BQ92: 89 | BR92: 88 | BS92: 88 | BT92: 91 | BU92: 93 | BV92: 84 | BW92: 88 | BX92: 85 | BY92: 85 | BZ92: 81 | CA92: 80 | CB92: 83 | CC92: 86 | CD92: 87 | CE92: 88 | CF92: 91
A93: 顶流不过如此 | J93: 134 | K93: 136 | L93: 137 | M93: 130 | N93: 134 | O93: 138 | P93: 144 | Q93: 149 | R93: 151 | S93: 152 | T93: 154 | U93: 160 | V93: 160 | W93: 164 | X93: 168 | Y93: 174 | Z93: 175 | AA93: 176 | AB93: 176 | AC93: 177 | AD93: 178 | AE93: 182 | AF93: 186 | AG93: 191 | AH93: 194 | AI93: 184 | AJ93: 189 | AK93: 199 | AM93: 117 | AN93: 120 | AO93: 121 | AP93: 123 | AQ93: 117 | AR93: 119 | AS93: 125 | AT93: 131 | AU93: 132 | AV93: 144 | AW93: 146 | AX93: 94 | AY93: 97 | AZ93: 104 | BA93: 107 | BB93: 105 | BC93: 101 | BD93: 102 | BE93: 98 | BF93: 98 | BG93: 102 | BH93: 107 | BI93: 110 | BJ93: 113 | BK93: 114 | BL93: 116 | BM93: 114 | BN93: 118 | BO93: 118 | BP93: 122 | BQ93: 116 | BR93: 81 | BS93: 82 | BT93: 84 | BU93: 89 | BV93: 88 | BW93: 90 | BX93: 88 | BY93: 82 | BZ93: 86 | CA93: 86 | CB93: 87 | CC93: 88 | CD93: 88 | CE93: 89 | CF93: 92
A94: 九韶 | B94: 75 | C94: 10 | D94: 15 | E94: 18 | F94: 19 | G94: 20 | H94: 21 | I94: 24 | J94: 26 | K94: 26 | L94: 28 | M94: 29 | N94: 34 | O94: 32 | P94: 33 | Q94: 34 | R94: 36 | S94: 36 | T94: 36 | U94: 38 | V94: 39 | W94: 40 | X94: 40 | Y94: 41 | Z94: 40 | AA94: 36 | AB94: 37 | AC94: 37 | AD94: 38 | AE94: 39 | AF94: 39 | AG94: 41 | AH94: 41 | AI94: 41 | AJ94: 42 | AK94: 43 | AL94: 45 | AM94: 45 | AN94: 47 | AO94: 45 | AP94: 48 | AQ94: 49 | AR94: 50 | AS94: 54 | AT94: 56 | AU94: 56 | AV94: 57 | AW94: 58 | AX94: 60 | AY94: 62 | AZ94: 65 | BA94: 68 | BB94: 71 | BC94: 72 | BD94: 73 | BE94: 73 | BF94: 70 | BG94: 72 | BH94: 73 | BI94: 74 | BJ94: 74 | BK94: 71 | BL94: 66 | BM94: 66 | BN94: 70 | BO94: 71 | BP94: 71 | BQ94: 72 | BR94: 73 | BS94: 74 | BT94: 75 | BU94: 76 | BV94: 78 | BW94: 79 | BX94: 81 | BY94: 86 | BZ94: 89 | CA94: 90 | CB94: 92 | CC94: 98 | CD94: 93 | CE94: 90 | CF94: 93
A95: 女帝风月鉴 | B95: 70 | F95: 139 | G95: 158 | H95: 173 | I95: 192 | Q95: 196 | R95: 165 | S95: 168 | T95: 172 | U95: 175 | V95: 176 | W95: 182 | X95: 184 | Y95: 188 | Z95: 190 | AA95: 190 | AB95: 182 | AC95: 183 | AD95: 184 | AE95: 148 | AF95: 151 | AG95: 155 | AH95: 162 | AI95: 167 | AJ95: 171 | AK95: 178 | AL95: 182 | AM95: 173 | AN95: 140 | AO95: 131 | AP95: 133 | AQ95: 121 | AR95: 123 | AS95: 131 | AT95: 113 | AU95: 117 | AV95: 106 | AW95: 108 | AX95: 113 | AY95: 102 | AZ95: 97 | BA95: 102 | BB95: 93 | BC95: 96 | BD95: 84 | BE95: 85 | BF95: 86 | BG95: 85 | BH95: 88 | BI95: 91 | BJ95: 91 | BK95: 87 | BL95: 90 | BM95: 88 | BN95: 91 | BO95: 92 | BP95: 95 | BQ95: 90 | BR95: 93 | BS95: 96 | BT95: 98 | BU95: 88 | BV95: 93 | BW95: 93 | BX95: 96 | BY95: 98 | BZ95: 103 | CA95: 102 | CB95: 94 | CC95: 92 | CD95: 91 | CE95: 93 | CF95: 94
A96: 仙迹朝闻录 | B96: 170 | C96: 121 | D96: 162 | E96: 115 | F96: 130 | G96: 145 | H96: 161 | I96: 178 | J96: 133 | K96: 135 | L96: 136 | M96: 139 | N96: 144 | O96: 149 | P96: 153 | Q96: 161 | R96: 164 | S96: 167 | T96: 171 | U96: 174 | V96: 175 | W96: 142 | X96: 121 | Y96: 121 | Z96: 121 | AA96: 123 | AB96: 117 | AC96: 120 | AD96: 118 | AE96: 121 | AF96: 126 | AG96: 116 | AH96: 117 | AI96: 118 | AJ96: 119 | AK96: 120 | AL96: 109 | AM96: 110 | AN96: 106 | AO96: 109 | AP96: 110 | AQ96: 113 | AR96: 111 | AS96: 111 | AT96: 115 | AU96: 106 | AV96: 113 | AW96: 114 | AX96: 118 | AY96: 124 | AZ96: 98 | BA96: 103 | BB96: 106 | BC96: 100 | BD96: 100 | BE96: 103 | BF96: 106 | BG96: 104 | BH96: 90 | BI96: 81 | BJ96: 79 | BK96: 79 | BL96: 81 | BM96: 79 | BN96: 81 | BO96: 85 | BP96: 75 | BQ96: 75 | BR96: 77 | BS96: 77 | BT96: 77 | BU96: 78 | BV96: 77 | BW96: 78 | BX96: 78 | BY96: 80 | BZ96: 84 | CA96: 84 | CB96: 86 | CC96: 90 | CD96: 89 | CE96: 91 | CF96: 95
A97: 帝王KPI | B97: 92 | X97: 141 | Y97: 141 | Z97: 142 | AA97: 144 | AB97: 146 | AC97: 146 | AD97: 148 | AE97: 151 | AF97: 156 | AG97: 160 | AH97: 165 | AI97: 170 | AJ97: 174 | AK97: 181 | AL97: 185 | AM97: 111 | AN97: 104 | AO97: 107 | AP97: 108 | AQ97: 111 | AR97: 99 | AS97: 102 | AT97: 104 | AU97: 107 | AV97: 114 | AW97: 115 | AX97: 89 | AY97: 79 | AZ97: 85 | BA97: 87 | BB97: 90 | BC97: 93 | BD97: 94 | BE97: 95 | BF97: 97 | BG97: 94 | BH97: 99 | BI97: 101 | BJ97: 102 | BK97: 99 | BL97: 100 | BM97: 95 | BN97: 102 | BO97: 102 | BP97: 103 | BQ97: 103 | BR97: 106 | BS97: 107 | BT97: 96 | BU97: 98 | BV97: 102 | BW97: 104 | BX97: 98 | BY97: 103 | BZ97: 106 | CA97: 108 | CB97: 101 | CC97: 108 | CD97: 109 | CE97: 96 | CF97: 96
A98: 模拟豪门人生 | B98: 121 | C98: 174 | F98: 184 | G98: 130 | H98: 139 | I98: 76 | J98: 85 | K98: 91 | L98: 93 | M98: 97 | N98: 102 | O98: 103 | P98: 99 | Q98: 94 | R98: 95 | S98: 95 | T98: 96 | U98: 97 | V98: 92 | W98: 84 | X98: 90 | Y98: 90 | Z98: 90 | AA98: 90 | AB98: 91 | AC98: 91 | AD98: 92 | AE98: 93 | AF98: 88 | AG98: 91 | AH98: 84 | AI98: 79 | AJ98: 80 | AK98: 80 | AL98: 80 | AM98: 83 | AN98: 82 | AO98: 82 | AP98: 83 | AQ98: 85 | AR98: 85 | AS98: 83 | AT98: 83 | AU98: 78 | AV98: 77 | AW98: 78 | AX98: 78 | AY98: 80 | AZ98: 84 | BA98: 85 | BB98: 89 | BC98: 89 | BD98: 87 | BE98: 84 | BF98: 84 | BG98: 87 | BH98: 89 | BI98: 92 | BJ98: 92 | BK98: 94 | BL98: 97 | BM98: 93 | BN98: 95 | BO98: 96 | BP98: 93 | BQ98: 95 | BR98: 96 | BS98: 92 | BT98: 97 | BU98: 96 | BV98: 90 | BW98: 86 | BX98: 87 | BY98: 88 | BZ98: 90 | CA98: 92 | CB98: 91 | CC98: 91 | CD98: 92 | CE98: 97 | CF98: 97
A99: 我没有在争娱女一呀 | B99: 138 | E99: 93 | F99: 47 | G99: 56 | H99: 55 | I99: 61 | J99: 72 | K99: 73 | L99: 75 | M99: 76 | N99: 80 | O99: 81 | P99: 83 | Q99: 86 | R99: 88 | S99: 89 | T99: 91 | U99: 90 | V99: 91 | W99: 93 | X99: 82 | Y99: 82 | Z99: 80 | AA99: 81 | AB99: 82 | AC99: 83 | AD99: 84 | AE99: 85 | AF99: 89 | AG99: 92 | AH99: 94 | AI99: 94 | AJ99: 92 | AK99: 94 | AL99: 95 | AM99: 96 | AN99: 97 | AO99: 100 | AP99: 102 | AQ99: 103 | AR99: 107 | AS99: 99 | AT99: 90 | AU99: 86 | AV99: 89 | AW99: 91 | AX99: 92 | AY99: 95 | AZ99: 100 | BA99: 105 | BB99: 108 | BC99: 114 | BD99: 101 | BE99: 101 | BF99: 103 | BG99: 101 | BH99: 105 | BI99: 108 | BJ99: 110 | BK99: 109 | BL99: 104 | BM99: 100 | BN99: 103 | BO99: 103 | BP99: 104 | BQ99: 104 | BR99: 105 | BS99: 99 | BT99: 103 | BU99: 104 | BV99: 106 | BW99: 96 | BX99: 91 | BY99: 96 | BZ99: 101 | CA99: 104 | CB99: 102 | CC99: 109 | CD99: 105 | CE99: 100 | CF99: 98
A100: 揽仙途 | B100: 34 | C100: 55 | D100: 53 | E100: 64 | F100: 58 | G100: 46 | H100: 47 | I100: 51 | J100: 60 | K100: 62 | L100: 58 | M100: 61 | N100: 62 | O100: 62 | P100: 64 | Q100: 62 | R100: 64 | S100: 64 | T100: 63 | U100: 63 | V100: 64 | W100: 64 | X100: 65 | Y100: 68 | Z100: 68 | AA100: 68 | AB100: 69 | AC100: 70 | AD100: 70 | AE100: 71 | AF100: 73 | AG100: 73 | AH100: 73 | AI100: 76 | AJ100: 76 | AK100: 78 | AL100: 78 | AM100: 81 | AN100: 83 | AO100: 85 | AP100: 87 | AQ100: 89 | AR100: 92 | AS100: 94 | AT100: 88 | AU100: 88 | AV100: 93 | AW100: 93 | AX100: 95 | AY100: 92 | AZ100: 90 | BA100: 86 | BB100: 88 | BC100: 92 | BD100: 93 | BE100: 94 | BF100: 90 | BG100: 95 | BH100: 100 | BI100: 102 | BJ100: 103 | BK100: 103 | BL100: 103 | BM100: 94 | BN100: 94 | BO100: 95 | BP100: 91 | BQ100: 93 | BR100: 94 | BS100: 97 | BT100: 100 | BU100: 102 | BV100: 104 | BW100: 106 | BX100: 103 | BY100: 100 | BZ100: 96 | CA100: 99 | CB100: 104 | CC100: 104 | CD100: 101 | CE100: 99 | CF100: 99
A101: 二师兄很担心你 | B101: 124 | C101: 127 | D101: 168 | E101: 108 | F101: 123 | G101: 135 | H101: 147 | I101: 162 | J101: 121 | K101: 81 | L101: 72 | M101: 66 | N101: 61 | O101: 61 | P101: 62 | Q101: 66 | R101: 59 | S101: 59 | T101: 59 | U101: 59 | V101: 60 | W101: 60 | X101: 60 | Y101: 64 | Z101: 65 | AA101: 65 | AB101: 67 | AC101: 67 | AD101: 69 | AE101: 64 | AF101: 64 | AG101: 66 | AH101: 68 | AI101: 69 | AJ101: 71 | AK101: 71 | AL101: 73 | AM101: 74 | AN101: 77 | AO101: 78 | AP101: 78 | AQ101: 71 | AR101: 75 | AS101: 80 | AT101: 77 | AU101: 80 | AV101: 80 | AW101: 82 | AX101: 82 | AY101: 84 | AZ101: 82 | BA101: 79 | BB101: 77 | BC101: 80 | BD101: 80 | BE101: 80 | BF101: 82 | BG101: 80 | BH101: 79 | BI101: 80 | BJ101: 82 | BK101: 83 | BL101: 86 | BM101: 90 | BN101: 83 | BO101: 80 | BP101: 81 | BQ101: 84 | BR101: 83 | BS101: 84 | BT101: 85 | BU101: 90 | BV101: 87 | BW101: 89 | BX101: 92 | BY101: 97 | BZ101: 102 | CA101: 100 | CB101: 105 | CC101: 101 | CD101: 97 | CE101: 98 | CF101: 100
A102: 渡皇朝 | B102: 102 | C102: 66 | D102: 69 | E102: 82 | F102: 96 | G102: 103 | H102: 108 | I102: 125 | J102: 146 | K102: 149 | L102: 151 | M102: 156 | N102: 129 | O102: 134 | P102: 138 | Q102: 143 | R102: 145 | S102: 146 | T102: 147 | U102: 151 | V102: 123 | W102: 125 | X102: 130 | Y102: 130 | Z102: 132 | AA102: 135 | AB102: 118 | AC102: 115 | AD102: 116 | AE102: 119 | AF102: 124 | AG102: 126 | AH102: 118 | AI102: 108 | AJ102: 109 | AK102: 110 | AL102: 106 | AM102: 108 | AN102: 112 | AO102: 114 | AP102: 117 | AQ102: 110 | AR102: 114 | AS102: 120 | AT102: 127 | AU102: 129 | AV102: 112 | AW102: 113 | AX102: 117 | AY102: 115 | AZ102: 125 | BA102: 126 | BB102: 114 | BC102: 113 | BD102: 115 | BE102: 117 | BF102: 120 | BG102: 118 | BH102: 109 | BI102: 111 | BJ102: 114 | BK102: 115 | BL102: 110 | BM102: 111 | BN102: 114 | BO102: 116 | BP102: 114 | BQ102: 115 | BR102: 122 | BS102: 119 | BT102: 112 | BU102: 107 | BV102: 103 | BW102: 94 | BX102: 97 | BY102: 102 | BZ102: 95 | CA102: 97 | CB102: 96 | CC102: 94 | CD102: 96 | CE102: 101 | CF102: 101
A103: 无情道在逃毕业生 | B103: 109 | C103: 199 | J103: 178 | K103: 182 | L103: 173 | M103: 180 | N103: 184 | O103: 187 | P103: 192 | Q103: 197 | R103: 198 | S103: 199 | AI103: 186 | AJ103: 191 | AK103: 150 | AL103: 157 | AM103: 163 | AN103: 145 | AO103: 146 | AP103: 150 | AQ103: 153 | AR103: 157 | AS103: 162 | AT103: 164 | AU103: 124 | AV103: 132 | AW103: 121 | AX103: 125 | AY103: 118 | AZ103: 112 | BA103: 114 | BB103: 113 | BC103: 106 | BD103: 108 | BE103: 109 | BF103: 108 | BG103: 99 | BH103: 102 | BI103: 104 | BJ103: 105 | BK103: 106 | BL103: 108 | BM103: 108 | BN103: 112 | BO103: 107 | BP103: 109 | BQ103: 110 | BR103: 107 | BS103: 108 | BT103: 110 | BU103: 111 | BV103: 110 | BW103: 111 | BX103: 109 | BY103: 114 | BZ103: 118 | CA103: 120 | CB103: 123 | CC103: 110 | CD103: 110 | CE103: 110 | CF103: 102
A104: 社恐勇闯恋综 | B104: 107 | E104: 169 | F104: 107 | G104: 114 | H104: 81 | I104: 87 | J104: 69 | K104: 72 | L104: 74 | M104: 68 | N104: 65 | O104: 67 | P104: 70 | Q104: 73 | R104: 73 | S104: 73 | T104: 73 | U104: 73 | V104: 73 | W104: 73 | X104: 75 | Y104: 75 | Z104: 75 | AA104: 77 | AB104: 80 | AC104: 81 | AD104: 81 | AE104: 81 | AF104: 86 | AG104: 89 | AH104: 92 | AI104: 92 | AJ104: 95 | AK104: 82 | AL104: 83 | AM104: 86 | AN104: 84 | AO104: 86 | AP104: 88 | AQ104: 81 | AR104: 83 | AS104: 70 | AT104: 73 | AU104: 74 | AV104: 78 | AW104: 79 | AX104: 79 | AY104: 81 | AZ104: 80 | BA104: 83 | BB104: 79 | BC104: 81 | BD104: 81 | BE104: 81 | BF104: 80 | BG104: 77 | BH104: 75 | BI104: 76 | BJ104: 76 | BK104: 76 | BL104: 79 | BM104: 81 | BN104: 84 | BO104: 86 | BP104: 89 | BQ104: 91 | BR104: 95 | BS104: 98 | BT104: 102 | BU104: 101 | BV104: 99 | BW104: 102 | BX104: 105 | BY104: 110 | BZ104: 99 | CA104: 98 | CB104: 103 | CC104: 95 | CD104: 98 | CE104: 102 | CF104: 103
A105: 大道风月史 | B105: 76 | C105: 89 | D105: 102 | E105: 126 | F105: 51 | G105: 37 | H105: 41 | I105: 46 | J105: 46 | K105: 50 | L105: 51 | M105: 52 | N105: 55 | O105: 57 | P105: 58 | Q105: 58 | R105: 61 | S105: 61 | T105: 61 | U105: 61 | V105: 62 | W105: 62 | X105: 62 | Y105: 65 | Z105: 66 | AA105: 66 | AB105: 65 | AC105: 63 | AD105: 62 | AE105: 63 | AF105: 63 | AG105: 64 | AH105: 66 | AI105: 68 | AJ105: 69 | AK105: 69 | AL105: 69 | AM105: 70 | AN105: 71 | AO105: 71 | AP105: 71 | AQ105: 73 | AR105: 76 | AS105: 77 | AT105: 79 | AU105: 82 | AV105: 85 | AW105: 87 | AX105: 85 | AY105: 85 | AZ105: 89 | BA105: 92 | BB105: 83 | BC105: 85 | BD105: 86 | BE105: 88 | BF105: 88 | BG105: 92 | BH105: 98 | BI105: 100 | BJ105: 100 | BK105: 102 | BL105: 102 | BM105: 104 | BN105: 107 | BO105: 110 | BP105: 111 | BQ105: 113 | BR105: 118 | BS105: 120 | BT105: 119 | BU105: 119 | BV105: 126 | BW105: 129 | BX105: 130 | BY105: 122 | BZ105: 125 | CA105: 127 | CB105: 120 | CC105: 103 | CD105: 106 | CE105: 107 | CF105: 104
A106: 从寒门开始 | B106: 94 | C106: 90 | D106: 121 | E106: 149 | F106: 165 | G106: 165 | H106: 158 | I106: 175 | M106: 131 | N106: 135 | O106: 139 | P106: 139 | Q106: 145 | R106: 147 | S106: 148 | T106: 149 | U106: 148 | V106: 139 | W106: 143 | X106: 151 | Y106: 143 | Z106: 144 | AA106: 146 | AB106: 112 | AC106: 113 | AD106: 114 | AE106: 117 | AF106: 123 | AG106: 125 | AH106: 127 | AI106: 127 | AJ106: 131 | AK106: 133 | AL106: 138 | AM106: 145 | AN106: 151 | AO106: 127 | AP106: 125 | AQ106: 133 | AR106: 133 | AS106: 128 | AT106: 134 | AU106: 133 | AV106: 143 | AW106: 145 | AX106: 147 | AY106: 146 | AZ106: 150 | BA106: 135 | BB106: 139 | BC106: 141 | BD106: 145 | BE106: 148 | BF106: 151 | BG106: 156 | BH106: 157 | BI106: 156 | BJ106: 154 | BK106: 157 | BL106: 128 | BM106: 130 | BN106: 135 | BO106: 136 | BP106: 139 | BQ106: 140 | BR106: 136 | BS106: 139 | BT106: 138 | BU106: 131 | BV106: 133 | BW106: 134 | BX106: 138 | BY106: 146 | BZ106: 113 | CA106: 94 | CB106: 95 | CC106: 100 | CD106: 99 | CE106: 103 | CF106: 105
A107: 狩猎龙傲天 | B107: 141 | C107: 118 | D107: 159 | E107: 161 | F107: 178 | AI107: 138 | AJ107: 144 | AK107: 145 | AL107: 135 | AM107: 124 | AN107: 127 | AO107: 129 | AP107: 131 | AQ107: 138 | AR107: 140 | AS107: 129 | AT107: 135 | AU107: 138 | AV107: 139 | AW107: 141 | AX107: 143 | AY107: 147 | AZ107: 154 | BA107: 157 | BB107: 165 | BC107: 158 | BD107: 163 | BE107: 159 | BF107: 144 | BG107: 150 | BH107: 151 | BI107: 155 | BJ107: 138 | BK107: 137 | BL107: 122 | BM107: 119 | BN107: 110 | BO107: 113 | BP107: 113 | BQ107: 109 | BR107: 109 | BS107: 110 | BT107: 108 | BU107: 110 | BV107: 105 | BW107: 107 | BX107: 108 | BY107: 107 | BZ107: 104 | CA107: 105 | CB107: 109 | CC107: 107 | CD107: 107 | CE107: 108 | CF107: 106
A108: 风月择枝栖 | B108: 83 | C108: 50 | D108: 75 | E108: 63 | F108: 65 | G108: 71 | H108: 79 | I108: 81 | J108: 87 | K108: 77 | L108: 78 | M108: 81 | N108: 79 | O108: 80 | P108: 82 | Q108: 85 | R108: 87 | S108: 88 | T108: 90 | U108: 92 | V108: 93 | W108: 94 | X108: 97 | Y108: 98 | Z108: 99 | AA108: 99 | AB108: 99 | AC108: 100 | AD108: 102 | AE108: 103 | AF108: 107 | AG108: 110 | AH108: 111 | AI108: 112 | AJ108: 113 | AK108: 114 | AL108: 120 | AM108: 125 | AN108: 121 | AO108: 122 | AP108: 126 | AQ108: 128 | AR108: 129 | AS108: 139 | AT108: 142 | AU108: 147 | AV108: 115 | AW108: 116 | AX108: 103 | AY108: 110 | AZ108: 121 | BA108: 123 | BB108: 127 | BC108: 132 | BD108: 135 | BE108: 139 | BF108: 139 | BG108: 107 | BH108: 104 | BI108: 106 | BJ108: 104 | BK108: 104 | BL108: 106 | BM108: 106 | BN108: 109 | BO108: 108 | BP108: 105 | BQ108: 105 | BR108: 99 | BS108: 94 | BT108: 99 | BU108: 95 | BV108: 94 | BW108: 97 | BX108: 94 | BY108: 92 | BZ108: 93 | CA108: 93 | CB108: 97 | CC108: 97 | CD108: 103 | CE108: 104 | CF108: 107
A109: 全是同的世界与恐同的我 | B109: 73 | H109: 119 | I109: 133 | J109: 154 | K109: 144 | L109: 144 | M109: 148 | N109: 152 | O109: 158 | P109: 165 | Q109: 147 | R109: 149 | S109: 130 | T109: 131 | U109: 132 | V109: 135 | W109: 138 | X109: 146 | Y109: 147 | Z109: 149 | AA109: 151 | AB109: 152 | AC109: 152 | AD109: 154 | AE109: 157 | AF109: 162 | AG109: 145 | AH109: 151 | AI109: 153 | AJ109: 132 | AK109: 134 | AL109: 139 | AM109: 146 | AN109: 152 | AO109: 153 | AP109: 158 | AQ109: 163 | AR109: 142 | AS109: 134 | AT109: 99 | AU109: 103 | AV109: 96 | AW109: 96 | AX109: 96 | AY109: 100 | AZ109: 95 | BA109: 98 | BB109: 101 | BC109: 104 | BD109: 105 | BE109: 107 | BF109: 101 | BG109: 98 | BH109: 74 | BI109: 75 | BJ109: 75 | BK109: 75 | BL109: 78 | BM109: 80 | BN109: 82 | BO109: 81 | BP109: 82 | BQ109: 85 | BR109: 85 | BS109: 86 | BT109: 87 | BU109: 80 | BV109: 81 | BW109: 83 | BX109: 84 | BY109: 91 | BZ109: 92 | CA109: 96 | CB109: 100 | CC109: 96 | CD109: 102 | CE109: 105 | CF109: 108
A110: 清宫梦几重 | B110: 153 | K110: 195 | W110: 91 | X110: 71 | Y110: 57 | Z110: 55 | AA110: 55 | AB110: 57 | AC110: 57 | AD110: 53 | AE110: 53 | AF110: 55 | AG110: 60 | AH110: 61 | AI110: 61 | AJ110: 59 | AK110: 59 | AL110: 61 | AM110: 61 | AN110: 60 | AO110: 61 | AP110: 61 | AQ110: 61 | AR110: 62 | AS110: 65 | AT110: 67 | AU110: 67 | AV110: 69 | AW110: 70 | AX110: 71 | AY110: 72 | AZ110: 74 | BA110: 77 | BB110: 81 | BC110: 77 | BD110: 77 | BE110: 77 | BF110: 77 | BG110: 79 | BH110: 81 | BI110: 83 | BJ110: 85 | BK110: 84 | BL110: 87 | BM110: 89 | BN110: 93 | BO110: 94 | BP110: 87 | BQ110: 83 | BR110: 87 | BS110: 87 | BT110: 89 | BU110: 91 | BV110: 98 | BW110: 100 | BX110: 101 | BY110: 99 | BZ110: 100 | CA110: 91 | CB110: 93 | CC110: 99 | CD110: 104 | CE110: 106 | CF110: 109
A111: 末日：禁区 | B111: 145 | C111: 44 | D111: 54 | E111: 45 | F111: 54 | G111: 61 | H111: 68 | I111: 73 | J111: 70 | K111: 64 | L111: 64 | M111: 65 | N111: 67 | O111: 68 | P111: 68 | Q111: 71 | R111: 71 | S111: 71 | T111: 70 | U111: 70 | V111: 71 | W111: 71 | X111: 73 | Y111: 73 | Z111: 73 | AA111: 74 | AB111: 66 | AC111: 66 | AD111: 68 | AE111: 70 | AF111: 71 | AG111: 71 | AH111: 72 | AI111: 75 | AJ111: 75 | AK111: 77 | AL111: 77 | AM111: 79 | AN111: 76 | AO111: 77 | AP111: 77 | AQ111: 80 | AR111: 82 | AS111: 84 | AT111: 87 | AU111: 89 | AV111: 72 | AW111: 76 | AX111: 76 | AY111: 74 | AZ111: 71 | BA111: 74 | BB111: 72 | BC111: 74 | BD111: 76 | BE111: 76 | BF111: 76 | BG111: 78 | BH111: 80 | BI111: 82 | BJ111: 84 | BK111: 86 | BL111: 89 | BM111: 91 | BN111: 86 | BO111: 88 | BP111: 90 | BQ111: 92 | BR111: 97 | BS111: 95 | BT111: 92 | BU111: 94 | BV111: 101 | BW111: 103 | BX111: 102 | BY111: 101 | BZ111: 105 | CA111: 106 | CB111: 110 | CC111: 111 | CD111: 111 | CE111: 113 | CF111: 110
A112: 随身仙府记 | B112: 137 | AS112: 109 | AT112: 111 | AU112: 114 | AV112: 120 | AW112: 124 | AX112: 128 | AY112: 131 | AZ112: 139 | BA112: 142 | BB112: 146 | BC112: 150 | BD112: 157 | BE112: 161 | BF112: 146 | BG112: 155 | BH112: 156 | BI112: 161 | BJ112: 163 | BK112: 165 | BL112: 168 | BM112: 170 | BN112: 173 | BO112: 175 | BP112: 179 | BQ112: 183 | BR112: 186 | BS112: 189 | BT112: 189 | BU112: 194 | BV112: 195 | CC112: 105 | CD112: 108 | CE112: 109 | CF112: 111
A113: ★天道模拟器 | B113: 148 | C113: 146 | D113: 194 | E113: 119 | F113: 135 | G113: 155 | H113: 169 | I113: 174 | J113: 199 | AK113: 165 | AL113: 164 | AM113: 171 | AN113: 176 | AO113: 179 | AP113: 174 | AQ113: 168 | AR113: 171 | AS113: 146 | AT113: 149 | AU113: 116 | AV113: 117 | AW113: 120 | AX113: 119 | AY113: 125 | AZ113: 105 | BA113: 88 | BB113: 86 | BC113: 87 | BD113: 89 | BE113: 83 | BF113: 83 | BG113: 76 | BH113: 77 | BI113: 78 | BJ113: 78 | BK113: 78 | BL113: 80 | BM113: 82 | BN113: 87 | BO113: 89 | BP113: 92 | BQ113: 87 | BR113: 91 | BS113: 91 | BT113: 94 | BU113: 97 | BV113: 95 | BW113: 98 | BX113: 99 | BY113: 104 | BZ113: 107 | CA113: 109 | CB113: 108 | CC113: 113 | CD113: 113 | CE113: 117 | CF113: 112
A114: 帝尊风月史 | B114: 120 | C114: 79 | D114: 97 | E114: 69 | F114: 79 | G114: 90 | H114: 85 | I114: 95 | J114: 113 | K114: 90 | L114: 89 | M114: 90 | N114: 96 | O114: 78 | P114: 76 | Q114: 78 | R114: 79 | S114: 79 | T114: 80 | U114: 82 | V114: 75 | W114: 75 | X114: 78 | Y114: 78 | Z114: 78 | AA114: 70 | AB114: 71 | AC114: 69 | AD114: 67 | AE114: 69 | AF114: 70 | AG114: 65 | AH114: 67 | AI114: 66 | AJ114: 66 | AK114: 67 | AL114: 68 | AM114: 68 | AN114: 69 | AO114: 69 | AP114: 67 | AQ114: 67 | AR114: 69 | AS114: 73 | AT114: 72 | AU114: 75 | AV114: 79 | AW114: 81 | AX114: 81 | AY114: 83 | AZ114: 87 | BA114: 91 | BB114: 92 | BC114: 94 | BD114: 95 | BE114: 96 | BF114: 91 | BG114: 86 | BH114: 82 | BI114: 84 | BJ114: 81 | BK114: 80 | BL114: 82 | BM114: 83 | BN114: 85 | BO114: 87 | BP114: 84 | BQ114: 86 | BR114: 89 | BS114: 90 | BT114: 90 | BU114: 92 | BV114: 96 | BW114: 99 | BX114: 100 | BY114: 106 | BZ114: 109 | CA114: 107 | CB114: 111 | CC114: 114 | CD114: 115 | CE114: 111 | CF114: 113
A115: 向我臣服 | B115: 140 | G115: 187 | H115: 145 | I115: 161 | J115: 106 | K115: 110 | L115: 114 | M115: 115 | N115: 116 | O115: 121 | P115: 124 | Q115: 117 | R115: 118 | S115: 120 | T115: 121 | U115: 122 | V115: 122 | W115: 124 | X115: 129 | Y115: 129 | Z115: 130 | AA115: 118 | AB115: 121 | AC115: 125 | AD115: 126 | AE115: 114 | AF115: 110 | AG115: 114 | AH115: 115 | AI115: 116 | AJ115: 117 | AK115: 107 | AL115: 110 | AM115: 113 | AN115: 115 | AO115: 116 | AP115: 119 | AQ115: 123 | AR115: 115 | AS115: 121 | AT115: 112 | AU115: 115 | AV115: 121 | AW115: 119 | AX115: 114 | AY115: 116 | AZ115: 124 | BA115: 112 | BB115: 112 | BC115: 118 | BD115: 122 | BE115: 122 | BF115: 123 | BG115: 110 | BH115: 111 | BI115: 114 | BJ115: 116 | BK115: 118 | BL115: 115 | BM115: 110 | BN115: 113 | BO115: 114 | BP115: 116 | BQ115: 117 | BR115: 119 | BS115: 116 | BT115: 117 | BU115: 118 | BV115: 117 | BW115: 117 | BX115: 115 | BY115: 119 | BZ115: 120 | CA115: 121 | CB115: 118 | CC115: 120 | CD115: 116 | CE115: 112 | CF115: 114
A116: 残霜烬 | C116: 125 | D116: 95 | E116: 50 | F116: 42 | G116: 47 | H116: 30 | I116: 32 | J116: 38 | K116: 40 | L116: 45 | M116: 45 | N116: 48 | O116: 49 | P116: 51 | Q116: 53 | R116: 54 | S116: 54 | T116: 50 | U116: 50 | V116: 51 | W116: 51 | X116: 49 | Y116: 49 | Z116: 49 | AA116: 51 | AB116: 51 | AC116: 52 | AD116: 52 | AE116: 52 | AF116: 53 | AG116: 53 | AH116: 56 | AI116: 58 | AJ116: 58 | AK116: 58 | AL116: 59 | AM116: 60 | AN116: 62 | AO116: 63 | AP116: 63 | AQ116: 63 | AR116: 65 | AS116: 66 | AT116: 68 | AU116: 68 | AV116: 70 | AW116: 72 | AX116: 74 | AY116: 76 | AZ116: 78 | BA116: 81 | BB116: 84 | BC116: 86 | BD116: 88 | BE116: 89 | BF116: 89 | BG116: 90 | BH116: 96 | BI116: 93 | BJ116: 96 | BK116: 92 | BL116: 93 | BM116: 97 | BN116: 101 | BO116: 101 | BP116: 102 | BQ116: 101 | BR116: 98 | BS116: 100 | BT116: 104 | BU116: 105 | BV116: 108 | BW116: 110 | BX116: 110 | BY116: 111 | BZ116: 110 | CA116: 112 | CB116: 115 | CC116: 119 | CD116: 121 | CE116: 120 | CF116: 115
A117: 开生门 | B117: 91 | C117: 19 | D117: 20 | E117: 24 | F117: 28 | G117: 29 | H117: 33 | I117: 39 | J117: 40 | K117: 42 | L117: 47 | M117: 47 | N117: 50 | O117: 52 | P117: 54 | Q117: 56 | R117: 57 | S117: 57 | T117: 57 | U117: 57 | V117: 57 | W117: 57 | X117: 58 | Y117: 62 | Z117: 63 | AA117: 58 | AB117: 60 | AC117: 59 | AD117: 60 | AE117: 61 | AF117: 62 | AG117: 63 | AH117: 65 | AI117: 65 | AJ117: 67 | AK117: 68 | AL117: 71 | AM117: 71 | AN117: 74 | AO117: 74 | AP117: 74 | AQ117: 78 | AR117: 81 | AS117: 69 | AT117: 70 | AU117: 71 | AV117: 76 | AW117: 73 | AX117: 75 | AY117: 77 | AZ117: 79 | BA117: 82 | BB117: 87 | BC117: 88 | BD117: 90 | BE117: 90 | BF117: 93 | BG117: 97 | BH117: 86 | BI117: 88 | BJ117: 88 | BK117: 90 | BL117: 85 | BM117: 87 | BN117: 90 | BO117: 90 | BP117: 94 | BQ117: 96 | BR117: 101 | BS117: 103 | BT117: 101 | BU117: 100 | BV117: 97 | BW117: 95 | BX117: 93 | BY117: 93 | BZ117: 97 | CA117: 101 | CB117: 106 | CC117: 112 | CD117: 112 | CE117: 114 | CF117: 116
A118: 皇后是只狐狸精 | B118: 101 | G118: 121 | H118: 128 | I118: 143 | J118: 166 | K118: 170 | L118: 172 | M118: 145 | N118: 137 | O118: 141 | P118: 131 | Q118: 137 | R118: 138 | S118: 140 | T118: 105 | U118: 106 | V118: 108 | W118: 109 | X118: 113 | Y118: 96 | Z118: 96 | AA118: 97 | AB118: 94 | AC118: 94 | AD118: 95 | AE118: 96 | AF118: 98 | AG118: 96 | AH118: 96 | AI118: 96 | AJ118: 86 | AK118: 85 | AL118: 81 | AM118: 84 | AN118: 86 | AO118: 88 | AP118: 85 | AQ118: 87 | AR118: 90 | AS118: 92 | AT118: 94 | AU118: 96 | AV118: 99 | AW118: 100 | AX118: 102 | AY118: 109 | AZ118: 115 | BA118: 118 | BB118: 119 | BC118: 123 | BD118: 109 | BE118: 108 | BF118: 111 | BG118: 108 | BH118: 92 | BI118: 95 | BJ118: 98 | BK118: 98 | BL118: 96 | BM118: 96 | BN118: 97 | BO118: 99 | BP118: 99 | BQ118: 100 | BR118: 102 | BS118: 104 | BT118: 106 | BU118: 108 | BV118: 111 | BW118: 105 | BX118: 107 | BY118: 112 | BZ118: 114 | CA118: 110 | CB118: 112 | CC118: 115 | CD118: 117 | CE118: 119 | CF118: 117
...

Sheet 活跃榜排名变化
A1: 作品名 | B1: 2026-10-09 00:15 | C1: 2026-10-09 00:45 | D1: 2026-10-09 01:00 | E1: 2026-10-09 01:15 | F1: 2026-10-09 01:30 | G1: 2026-10-09 01:45 | H1: 2026-10-09 02:00 | I1: 2026-10-09 02:15 | J1: 2026-10-09 02:45 | K1: 2026-10-09 03:00 | L1: 2026-10-09 03:15 | M1: 2026-10-09 03:30 | N1: 2026-10-09 03:45 | O1: 2026-10-09 04:00 | P1: 2026-10-09 04:15 | Q1: 2026-10-09 04:45 | R1: 2026-10-09 05:00 | S1: 2026-10-09 05:15 | T1: 2026-10-09 05:30 | U1: 2026-10-09 05:45 | V1: 2026-10-09 06:00 | W1: 2026-10-09 06:15 | X1: 2026-10-09 06:30 | Y1: 2026-10-09 06:45 | Z1: 2026-10-09 07:00 | AA1: 2026-10-09 07:15 | AB1: 2026-10-09 07:30 | AC1: 2026-10-09 07:45 | AD1: 2026-10-09 08:00 | AE1: 2026-10-09 08:15 | AF1: 2026-10-09 08:45 | AG1: 2026-10-09 09:15 | AH1: 2026-10-09 09:30 | AI1: 2026-10-09 09:45 | AJ1: 2026-10-09 10:00 | AK1: 2026-10-09 10:15 | AL1: 2026-10-09 10:30 | AM1: 2026-10-09 10:45 | AN1: 2026-10-09 11:00 | AO1: 2026-10-09 11:15 | AP1: 2026-10-09 11:30 | AQ1: 2026-10-09 11:45 | AR1: 2026-10-09 12:00 | AS1: 2026-10-09 12:30 | AT1: 2026-10-09 12:45 | AU1: 2026-10-09 13:00 | AV1: 2026-10-09 13:15 | AW1: 2026-10-09 13:30 | AX1: 2026-10-09 13:45 | AY1: 2026-10-09 14:00 | AZ1: 2026-10-09 14:30 | BA1: 2026-10-09 14:45 | BB1: 2026-10-09 15:15 | BC1: 2026-10-09 15:30 | BD1: 2026-10-09 15:45 | BE1: 2026-10-09 16:00 | BF1: 2026-10-09 16:15 | BG1: 2026-10-09 16:45 | BH1: 2026-10-09 17:00 | BI1: 2026-10-09 17:15 | BJ1: 2026-10-09 17:30 | BK1: 2026-10-09 17:45 | BL1: 2026-10-09 18:00 | BM1: 2026-10-09 18:15 | BN1: 2026-10-09 18:45 | BO1: 2026-10-09 19:00 | BP1: 2026-10-09 19:15 | BQ1: 2026-10-09 19:30 | BR1: 2026-10-09 19:45 | BS1: 2026-10-09 20:00 | BT1: 2026-10-09 20:15 | BU1: 2026-10-09 20:30 | BV1: 2026-10-09 21:00 | BW1: 2026-10-09 21:15 | BX1: 2026-10-09 21:30 | BY1: 2026-10-09 22:00 | BZ1: 2026-10-09 22:15 | CA1: 2026-10-09 22:30 | CB1: 2026-10-09 22:45 | CC1: 2026-10-09 23:15 | CD1: 2026-10-09 23:30 | CE1: 2026-10-09 23:45 | CF1: 2026-10-10 00:00
A2: 临帝阙 | B2: 1 | C2: 1 | D2: 1 | E2: 1 | F2: 1 | G2: 1 | H2: 1 | I2: 1 | J2: 1 | K2: 1 | L2: 1 | M2: 1 | N2: 1 | O2: 1 | P2: 1 | Q2: 1 | R2: 1 | S2: 1 | T2: 1 | U2: 1 | V2: 1 | W2: 1 | X2: 1 | Y2: 1 | Z2: 1 | AA2: 1 | AB2: 1 | AC2: 1 | AD2: 1 | AE2: 2 | AF2: 3 | AG2: 1 | AH2: 1 | AI2: 1 | AJ2: 1 | AK2: 1 | AL2: 1 | AM2: 1 | AN2: 1 | AO2: 1 | AP2: 1 | AQ2: 1 | AR2: 1 | AS2: 1 | AT2: 1 | AU2: 1 | AV2: 1 | AW2: 1 | AX2: 1 | AY2: 1 | AZ2: 1 | BA2: 1 | BB2: 1 | BC2: 1 | BD2: 1 | BE2: 1 | BF2: 1 | BG2: 1 | BH2: 1 | BI2: 1 | BJ2: 1 | BK2: 1 | BL2: 1 | BM2: 1 | BN2: 1 | BO2: 1 | BP2: 1 | BQ2: 1 | BR2: 1 | BS2: 1 | BT2: 1 | BU2: 1 | BV2: 1 | BW2: 1 | BX2: 1 | BY2: 1 | BZ2: 1 | CA2: 1 | CB2: 1 | CC2: 1 | CD2: 1 | CE2: 1 | CF2: 1
A3: 三界衔 | B3: 4 | C3: 3 | D3: 4 | E3: 3 | F3: 5 | G3: 4 | H3: 2 | I3: 3 | J3: 2 | K3: 3 | L3: 3 | M3: 2 | N3: 2 | O3: 2 | P3: 2 | Q3: 2 | R3: 2 | S3: 2 | T3: 2 | U3: 2 | V3: 2 | W3: 2 | X3: 3 | Y3: 3 | Z3: 2 | AA3: 2 | AB3: 2 | AC3: 2 | AD3: 2 | AE3: 1 | AF3: 1 | AG3: 2 | AH3: 2 | AI3: 2 | AJ3: 2 | AK3: 2 | AL3: 2 | AM3: 2 | AN3: 2 | AO3: 2 | AP3: 2 | AQ3: 3 | AR3: 3 | AS3: 2 | AT3: 2 | AU3: 2 | AV3: 3 | AW3: 3 | AX3: 3 | AY3: 3 | AZ3: 3 | BA3: 3 | BB3: 3 | BC3: 3 | BD3: 3 | BE3: 3 | BF3: 3 | BG3: 3 | BH3: 3 | BI3: 3 | BJ3: 3 | BK3: 3 | BL3: 3 | BM3: 3 | BN3: 3 | BO3: 3 | BP3: 3 | BQ3: 3 | BR3: 3 | BS3: 3 | BT3: 3 | BU3: 3 | BV3: 3 | BW3: 3 | BX3: 3 | BY3: 2 | BZ3: 2 | CA3: 2 | CB3: 4 | CC3: 2 | CD3: 2 | CE3: 2 | CF3: 2
A4: 江山千秋万代 | B4: 2 | C4: 2 | D4: 2 | E4: 2 | F4: 2 | G4: 2 | H4: 3 | I4: 2 | J4: 3 | K4: 2 | L4: 2 | M4: 3 | N4: 3 | O4: 3 | P4: 3 | Q4: 3 | R4: 3 | S4: 3 | T4: 3 | U4: 3 | V4: 3 | W4: 3 | X4: 2 | Y4: 2 | Z4: 3 | AA4: 3 | AB4: 3 | AC4: 3 | AD4: 3 | AE4: 3 | AF4: 2 | AG4: 3 | AH4: 3 | AI4: 4 | AJ4: 4 | AK4: 4 | AL4: 5 | AM4: 4 | AN4: 4 | AO4: 4 | AP4: 4 | AQ4: 4 | AR4: 2 | AS4: 3 | AT4: 3 | AU4: 3 | AV4: 2 | AW4: 2 | AX4: 2 | AY4: 2 | AZ4: 2 | BA4: 2 | BB4: 2 | BC4: 2 | BD4: 2 | BE4: 2 | BF4: 2 | BG4: 2 | BH4: 2 | BI4: 2 | BJ4: 2 | BK4: 2 | BL4: 2 | BM4: 2 | BN4: 2 | BO4: 2 | BP4: 2 | BQ4: 2 | BR4: 2 | BS4: 2 | BT4: 2 | BU4: 2 | BV4: 2 | BW4: 2 | BX4: 2 | BY4: 3 | BZ4: 3 | CA4: 3 | CB4: 2 | CC4: 3 | CD4: 3 | CE4: 3 | CF4: 3
A5: 师途 | B5: 3 | C5: 4 | D5: 3 | E5: 4 | F5: 4 | G5: 3 | H5: 4 | I5: 4 | J5: 4 | K5: 4 | L5: 4 | M5: 4 | N5: 4 | O5: 4 | P5: 4 | Q5: 4 | R5: 4 | S5: 4 | T5: 4 | U5: 4 | V5: 4 | W5: 4 | X5: 4 | Y5: 4 | Z5: 4 | AA5: 4 | AB5: 4 | AC5: 4 | AD5: 4 | AE5: 4 | AF5: 5 | AG5: 4 | AH5: 4 | AI5: 3 | AJ5: 3 | AK5: 3 | AL5: 3 | AM5: 3 | AN5: 3 | AO5: 3 | AP5: 3 | AQ5: 2 | AR5: 4 | AS5: 4 | AT5: 4 | AU5: 4 | AV5: 4 | AW5: 4 | AX5: 4 | AY5: 4 | AZ5: 4 | BA5: 4 | BB5: 4 | BC5: 4 | BD5: 4 | BE5: 4 | BF5: 4 | BG5: 4 | BH5: 4 | BI5: 4 | BJ5: 4 | BK5: 4 | BL5: 4 | BM5: 4 | BN5: 4 | BO5: 4 | BP5: 4 | BQ5: 4 | BR5: 4 | BS5: 4 | BT5: 4 | BU5: 4 | BV5: 4 | BW5: 4 | BX5: 4 | BY5: 5 | BZ5: 5 | CA5: 5 | CB5: 5 | CC5: 5 | CD5: 4 | CE5: 4 | CF5: 4
A6: 成为团播TOP之后 | B6: 5 | C6: 6 | D6: 6 | E6: 5 | F6: 6 | G6: 6 | H6: 6 | I6: 6 | J6: 7 | K6: 6 | L6: 5 | M6: 5 | N6: 5 | O6: 6 | P6: 5 | Q6: 5 | R6: 5 | S6: 5 | T6: 5 | U6: 5 | V6: 5 | W6: 5 | X6: 5 | Y6: 5 | Z6: 6 | AA6: 6 | AB6: 6 | AC6: 6 | AD6: 5 | AE6: 5 | AF6: 6 | AG6: 6 | AH6: 5 | AI6: 5 | AJ6: 5 | AK6: 5 | AL6: 6 | AM6: 5 | AN6: 5 | AO6: 5 | AP6: 5 | AQ6: 5 | AR6: 5 | AS6: 5 | AT6: 6 | AU6: 5 | AV6: 5 | AW6: 5 | AX6: 5 | AY6: 5 | AZ6: 5 | BA6: 5 | BB6: 5 | BC6: 5 | BD6: 5 | BE6: 5 | BF6: 5 | BG6: 5 | BH6: 5 | BI6: 5 | BJ6: 5 | BK6: 5 | BL6: 5 | BM6: 5 | BN6: 5 | BO6: 5 | BP6: 5 | BQ6: 6 | BR6: 6 | BS6: 6 | BT6: 6 | BU6: 6 | BV6: 6 | BW6: 6 | BX6: 6 | BY6: 6 | BZ6: 6 | CA6: 6 | CB6: 6 | CC6: 6 | CD6: 5 | CE6: 5 | CF6: 5
A7: 捉鬼师后日谈 | B7: 6 | C7: 5 | D7: 5 | E7: 6 | F7: 3 | G7: 5 | H7: 5 | I7: 5 | J7: 5 | K7: 5 | L7: 6 | M7: 7 | N7: 7 | O7: 7 | P7: 6 | Q7: 6 | R7: 6 | S7: 6 | T7: 7 | U7: 6 | V7: 6 | W7: 6 | X7: 6 | Y7: 6 | Z7: 5 | AA7: 5 | AB7: 5 | AC7: 5 | AD7: 6 | AE7: 8 | AF7: 9 | AG7: 9 | AH7: 10 | AI7: 10 | AJ7: 9 | AK7: 8 | AL7: 4 | AM7: 6 | AN7: 7 | AO7: 7 | AP7: 8 | AQ7: 8 | AR7: 7 | AS7: 6 | AT7: 5 | AU7: 6 | AV7: 6 | AW7: 6 | AX7: 6 | AY7: 6 | AZ7: 6 | BA7: 6 | BB7: 7 | BC7: 6 | BD7: 6 | BE7: 6 | BF7: 6 | BG7: 6 | BH7: 6 | BI7: 6 | BJ7: 6 | BK7: 6 | BL7: 6 | BM7: 6 | BN7: 6 | BO7: 6 | BP7: 6 | BQ7: 5 | BR7: 5 | BS7: 5 | BT7: 5 | BU7: 5 | BV7: 5 | BW7: 5 | BX7: 5 | BY7: 4 | BZ7: 4 | CA7: 4 | CB7: 3 | CC7: 4 | CD7: 6 | CE7: 6 | CF7: 6
A8: 星期天不上头条 | B8: 13 | C8: 11 | D8: 11 | E8: 11 | F8: 11 | G8: 11 | H8: 11 | I8: 11 | J8: 11 | K8: 11 | L8: 11 | M8: 11 | N8: 11 | O8: 11 | P8: 9 | Q8: 10 | R8: 13 | S8: 12 | T8: 8 | U8: 8 | V8: 10 | W8: 10 | X8: 11 | Y8: 9 | Z8: 10 | AA8: 9 | AB8: 7 | AC8: 7 | AD8: 8 | AE8: 7 | AF8: 7 | AG8: 7 | AH8: 7 | AI8: 7 | AJ8: 6 | AK8: 7 | AL8: 7 | AM8: 8 | AN8: 8 | AO8: 8 | AP8: 7 | AQ8: 6 | AR8: 9 | AS8: 9 | AT8: 9 | AU8: 9 | AV8: 7 | AW8: 7 | AX8: 7 | AY8: 7 | AZ8: 7 | BA8: 7 | BB8: 6 | BC8: 7 | BD8: 7 | BE8: 7 | BF8: 7 | BG8: 7 | BH8: 7 | BI8: 7 | BJ8: 7 | BK8: 7 | BL8: 7 | BM8: 7 | BN8: 10 | BO8: 10 | BP8: 10 | BQ8: 10 | BR8: 9 | BS8: 10 | BT8: 11 | BU8: 12 | BV8: 10 | BW8: 11 | BX8: 12 | BY8: 12 | BZ8: 10 | CA8: 7 | CB8: 9 | CC8: 7 | CD8: 7 | CE8: 8 | CF8: 7
A9: AMNESIA 失忆症 | B9: 10 | C9: 9 | D9: 9 | E9: 10 | F9: 10 | G9: 10 | H9: 10 | I9: 10 | J9: 10 | K9: 10 | L9: 10 | M9: 10 | N9: 10 | O9: 10 | P9: 11 | Q9: 13 | R9: 11 | S9: 11 | T9: 13 | U9: 12 | V9: 11 | W9: 13 | X9: 15 | Y9: 10 | Z9: 9 | AA9: 11 | AB9: 11 | AC9: 9 | AD9: 12 | AE9: 11 | AF9: 12 | AG9: 10 | AH9: 8 | AI9: 8 | AJ9: 10 | AK9: 11 | AL9: 10 | AM9: 10 | AN9: 10 | AO9: 10 | AP9: 10 | AQ9: 11 | AR9: 11 | AS9: 10 | AT9: 10 | AU9: 11 | AV9: 11 | AW9: 11 | AX9: 12 | AY9: 12 | AZ9: 13 | BA9: 13 | BB9: 12 | BC9: 13 | BD9: 13 | BE9: 13 | BF9: 13 | BG9: 15 | BH9: 14 | BI9: 14 | BJ9: 15 | BK9: 15 | BL9: 15 | BM9: 15 | BN9: 13 | BO9: 15 | BP9: 15 | BQ9: 14 | BR9: 14 | BS9: 14 | BT9: 12 | BU9: 13 | BV9: 13 | BW9: 12 | BX9: 11 | BY9: 11 | BZ9: 11 | CA9: 11 | CB9: 12 | CC9: 10 | CD9: 10 | CE9: 7 | CF9: 8
A10: 风华临安 | B10: 7 | C10: 7 | D10: 7 | E10: 7 | F10: 7 | G10: 7 | H10: 7 | I10: 7 | J10: 6 | K10: 7 | L10: 7 | M10: 6 | N10: 6 | O10: 5 | P10: 7 | Q10: 7 | R10: 8 | S10: 7 | T10: 12 | U10: 7 | V10: 8 | W10: 9 | X10: 7 | Y10: 11 | Z10: 8 | AA10: 12 | AB10: 10 | AC10: 10 | AD10: 11 | AE10: 16 | AF10: 14 | AG10: 11 | AH10: 11 | AI10: 11 | AJ10: 12 | AK10: 10 | AL10: 9 | AM10: 9 | AN10: 6 | AO10: 6 | AP10: 6 | AQ10: 7 | AR10: 6 | AS10: 7 | AT10: 7 | AU10: 8 | AV10: 8 | AW10: 8 | AX10: 8 | AY10: 8 | AZ10: 8 | BA10: 8 | BB10: 9 | BC10: 9 | BD10: 11 | BE10: 11 | BF10: 11 | BG10: 12 | BH10: 13 | BI10: 13 | BJ10: 13 | BK10: 13 | BL10: 13 | BM10: 13 | BN10: 15 | BO10: 14 | BP10: 13 | BQ10: 12 | BR10: 12 | BS10: 12 | BT10: 10 | BU10: 10 | BV10: 11 | BW10: 9 | BX10: 10 | BY10: 13 | BZ10: 13 | CA10: 13 | CB10: 10 | CC10: 9 | CD10: 9 | CE10: 9 | CF10: 9
A11: 怪我过分美丽 | B11: 9 | C11: 10 | D11: 10 | E11: 9 | F11: 9 | G11: 9 | H11: 9 | I11: 9 | J11: 9 | K11: 9 | L11: 8 | M11: 9 | N11: 8 | O11: 8 | P11: 8 | Q11: 11 | R11: 9 | S11: 8 | T11: 10 | U11: 9 | V11: 7 | W11: 8 | X11: 8 | Y11: 8 | Z11: 11 | AA11: 10 | AB11: 9 | AC11: 11 | AD11: 10 | AE11: 9 | AF11: 8 | AG11: 8 | AH11: 9 | AI11: 9 | AJ11: 8 | AK11: 9 | AL11: 8 | AM11: 7 | AN11: 9 | AO11: 9 | AP11: 9 | AQ11: 9 | AR11: 8 | AS11: 8 | AT11: 8 | AU11: 7 | AV11: 9 | AW11: 10 | AX11: 10 | AY11: 10 | AZ11: 11 | BA11: 11 | BB11: 11 | BC11: 10 | BD11: 9 | BE11: 9 | BF11: 9 | BG11: 10 | BH11: 10 | BI11: 10 | BJ11: 10 | BK11: 11 | BL11: 9 | BM11: 9 | BN11: 8 | BO11: 9 | BP11: 8 | BQ11: 9 | BR11: 10 | BS11: 9 | BT11: 9 | BU11: 11 | BV11: 12 | BW11: 10 | BX11: 13 | BY11: 10 | BZ11: 12 | CA11: 12 | CB11: 11 | CC11: 11 | CD11: 11 | CE11: 10 | CF11: 10
A12: 宫妃 | B12: 11 | C12: 13 | D12: 13 | E12: 13 | F12: 13 | G12: 13 | H12: 13 | I12: 13 | J12: 12 | K12: 14 | L12: 13 | M12: 12 | N12: 14 | O12: 14 | P12: 13 | Q12: 14 | R12: 16 | S12: 14 | T12: 15 | U12: 14 | V12: 12 | W12: 15 | X12: 14 | Y12: 13 | Z12: 15 | AA12: 19 | AB12: 20 | AC12: 20 | AD12: 23 | AE12: 23 | AF12: 19 | AG12: 19 | AH12: 17 | AI12: 16 | AJ12: 16 | AK12: 17 | AL12: 16 | AM12: 14 | AN12: 12 | AO12: 12 | AP12: 13 | AQ12: 12 | AR12: 13 | AS12: 13 | AT12: 12 | AU12: 12 | AV12: 12 | AW12: 13 | AX12: 13 | AY12: 13 | AZ12: 12 | BA12: 12 | BB12: 13 | BC12: 12 | BD12: 12 | BE12: 12 | BF12: 12 | BG12: 13 | BH12: 12 | BI12: 11 | BJ12: 11 | BK12: 9 | BL12: 11 | BM12: 11 | BN12: 11 | BO12: 11 | BP12: 12 | BQ12: 13 | BR12: 13 | BS12: 13 | BT12: 13 | BU12: 15 | BV12: 14 | BW12: 13 | BX12: 14 | BY12: 14 | BZ12: 14 | CA12: 14 | CB12: 13 | CC12: 13 | CD12: 13 | CE12: 11 | CF12: 11
A13: 勿扰修仙中 | B13: 14 | C13: 14 | D13: 12 | E13: 12 | F13: 12 | G13: 12 | H13: 12 | I13: 12 | J13: 13 | K13: 12 | L13: 12 | M13: 13 | N13: 12 | O13: 12 | P13: 10 | Q13: 9 | R13: 12 | S13: 10 | T13: 9 | U13: 13 | V13: 13 | W13: 14 | X13: 12 | Y13: 15 | Z13: 14 | AA13: 17 | AB13: 16 | AC13: 16 | AD13: 15 | AE13: 19 | AF13: 16 | AG13: 14 | AH13: 14 | AI13: 15 | AJ13: 14 | AK13: 14 | AL13: 14 | AM13: 13 | AN13: 13 | AO13: 13 | AP13: 12 | AQ13: 13 | AR13: 10 | AS13: 12 | AT13: 13 | AU13: 13 | AV13: 13 | AW13: 12 | AX13: 11 | AY13: 11 | AZ13: 10 | BA13: 10 | BB13: 10 | BC13: 11 | BD13: 10 | BE13: 10 | BF13: 10 | BG13: 9 | BH13: 8 | BI13: 9 | BJ13: 8 | BK13: 10 | BL13: 10 | BM13: 10 | BN13: 7 | BO13: 7 | BP13: 7 | BQ13: 7 | BR13: 7 | BS13: 7 | BT13: 7 | BU13: 8 | BV13: 8 | BW13: 7 | BX13: 8 | BY13: 8 | BZ13: 7 | CA13: 8 | CB13: 7 | CC13: 14 | CD13: 14 | CE13: 12 | CF13: 12
... A39: 妄情债 | B39: 24 | C39: 23 | D39: 27 | E39: 25 | F39: 26 | G39: 26 | H39: 26 | I39: 26 | J39: 25 | K39: 27 | L39: 27 | M39: 27 | N39: 29 | O39: 28 | P39: 28 | Q39: 31 | R39: 33 | S39: 33 | T39: 31 | U39: 36 | V39: 39 | W39: 35 | X39: 38 | Y39: 36 | Z39: 37 | AA39: 35 | AB39: 34 | AC39: 31 | AD39: 32 | AE39: 31 | AF39: 28 | AG39: 29 | AH39: 25 | AI39: 23 | AJ39: 24 | AK39: 22 | AL39: 24 | AM39: 25 | AN39: 28 | AO39: 27 | AP39: 25 | AQ39: 29 | AR39: 32 | AS39: 33 | AT39: 34 | AU39: 34 | AV39: 36 | AW39: 35 | AX39: 39 | AY39: 39 | AZ39: 39 | BA39: 41 | BB39: 44 | BC39: 42 | BD39: 45 | BE39: 45 | BF39: 46 | BG39: 43 | BH39: 43 | BI39: 42 | BJ39: 41 | BK39: 39 | BL39: 41 | BM39: 39 | BN39: 40 | BO39: 32 | BP39: 37 | BQ39: 37 | BR39: 37 | BS39: 38 | BT39: 39 | BU39: 36 | BV39: 36 | BW39: 36 | BX39: 41 | BY39: 41 | BZ39: 46 | CA39: 47 | CB39: 46 | CC39: 43 | CD39: 43 | CE39: 39 | CF39: 38
A40: 姐姐请带我回家 | B40: 116 | C40: 121 | D40: 117 | E40: 119 | F40: 117 | G40: 113 | H40: 110 | I40: 115 | J40: 104 | K40: 110 | L40: 111 | M40: 99 | N40: 92 | O40: 95 | P40: 70 | Q40: 96 | R40: 99 | S40: 109 | T40: 93 | U40: 87 | V40: 89 | W40: 72 | X40: 67 | Y40: 58 | Z40: 63 | AA40: 71 | AB40: 80 | AC40: 82 | AD40: 72 | AE40: 83 | AF40: 107 | AG40: 129 | AH40: 132 | AI40: 177 | AJ40: 172 | AY40: 197 | AZ40: 185 | BA40: 174 | BB40: 147 | BC40: 143 | BD40: 142 | BE40: 142 | BF40: 139 | BG40: 131 | BH40: 128 | BI40: 120 | BJ40: 112 | BK40: 107 | BL40: 102 | BM40: 95 | BN40: 93 | BO40: 96 | BP40: 102 | BQ40: 95 | BR40: 84 | BS40: 87 | BT40: 82 | BU40: 80 | BV40: 70 | BW40: 68 | BX40: 56 | BY40: 62 | BZ40: 61 | CA40: 57 | CB40: 55 | CC40: 49 | CD40: 38 | CE40: 37 | CF40: 39
A41: 末日之基地建设 | B41: 29 | C41: 28 | D41: 75 | E41: 77 | F41: 76 | G41: 76 | H41: 76 | I41: 74 | J41: 74 | K41: 71 | L41: 71 | M41: 75 | N41: 73 | O41: 74 | P41: 141 | Q41: 125 | R41: 171 | BI41: 85 | BJ41: 82 | BK41: 90 | BL41: 88 | BM41: 82 | BN41: 74 | BO41: 71 | BP41: 74 | BQ41: 66 | BR41: 70 | BS41: 69 | BT41: 65 | BU41: 64 | BV41: 63 | BX41: 161 | BY41: 29 | BZ41: 30 | CA41: 34 | CB41: 33 | CC41: 30 | CD41: 35 | CE41: 38 | CF41: 40
A42: 斩情 | B42: 145 | C42: 139 | D42: 97 | E42: 98 | F42: 97 | G42: 98 | H42: 98 | I42: 99 | J42: 103 | K42: 100 | L42: 101 | M42: 96 | N42: 99 | O42: 99 | P42: 129 | Q42: 142 | R42: 130 | S42: 128 | T42: 127 | U42: 109 | V42: 120 | W42: 120 | X42: 109 | Y42: 107 | Z42: 112 | AA42: 116 | AB42: 128 | AC42: 120 | AD42: 126 | AE42: 139 | AF42: 147 | AG42: 195 | AH42: 184 | AI42: 180 | AJ42: 184 | AK42: 177 | AS42: 127 | AT42: 129 | AU42: 128 | AV42: 132 | AW42: 109 | AX42: 117 | AY42: 119 | AZ42: 119 | BA42: 125 | BB42: 120 | BC42: 123 | BD42: 126 | BE42: 127 | BF42: 118 | BG42: 168 | BH42: 158 | BI42: 147 | BJ42: 159 | BK42: 142 | BL42: 131 | BM42: 135 | BN42: 126 | BO42: 131 | BP42: 124 | BQ42: 121 | BR42: 119 | BS42: 123 | BT42: 126 | BU42: 121 | BV42: 125 | BW42: 118 | BX42: 120 | BY42: 55 | BZ42: 39 | CA42: 41 | CB42: 40 | CC42: 42 | CD42: 42 | CE42: 41 | CF42: 41
A43: 后宫群妃录 | B43: 53 | C43: 54 | D43: 57 | E43: 57 | F43: 61 | G43: 60 | H43: 65 | I43: 66 | J43: 63 | K43: 63 | L43: 58 | M43: 58 | N43: 59 | O43: 56 | P43: 54 | Q43: 46 | R43: 46 | S43: 43 | T43: 40 | U43: 44 | V43: 46 | W43: 45 | X43: 48 | Y43: 51 | Z43: 52 | AA43: 68 | AB43: 76 | AC43: 72 | AD43: 80 | AE43: 87 | AF43: 75 | AG43: 69 | AH43: 67 | AI43: 65 | AJ43: 66 | AK43: 56 | AL43: 58 | AM43: 61 | AN43: 62 | AO43: 60 | AP43: 69 | AQ43: 60 | AR43: 63 | AS43: 64 | AT43: 61 | AU43: 74 | AV43: 72 | AW43: 82 | AX43: 82 | AY43: 78 | AZ43: 67 | BA43: 64 | BB43: 62 | BC43: 62 | BD43: 63 | BE43: 53 | BF43: 53 | BG43: 52 | BH43: 49 | BI43: 43 | BJ43: 42 | BK43: 41 | BL43: 38 | BM43: 37 | BN43: 35 | BO43: 38 | BP43: 30 | BQ43: 30 | BR43: 30 | BS43: 30 | BT43: 30 | BU43: 31 | BV43: 29 | BW43: 28 | BX43: 29 | BY43: 31 | BZ43: 33 | CA43: 35 | CB43: 36 | CC43: 38 | CD43: 40 | CE43: 42 | CF43: 42
A44: 模拟古代生活：万年无疆 | B44: 46 | C44: 50 | D44: 52 | E44: 52 | F44: 50 | G44: 50 | H44: 52 | I44: 53 | J44: 60 | K44: 67 | L44: 60 | M44: 61 | N44: 57 | O44: 52 | P44: 57 | Q44: 55 | R44: 55 | S44: 56 | T44: 51 | U44: 50 | V44: 43 | W44: 46 | X44: 43 | Y44: 41 | Z44: 45 | AA44: 51 | AB44: 53 | AC44: 53 | AD44: 52 | AE44: 43 | AF44: 55 | AG44: 45 | AH44: 43 | AI44: 46 | AJ44: 49 | AK44: 47 | AL44: 49 | AM44: 49 | AN44: 47 | AO44: 43 | AP44: 42 | AQ44: 44 | AR44: 51 | AS44: 46 | AT44: 48 | AU44: 42 | AV44: 42 | AW44: 42 | AX44: 43 | AY44: 41 | AZ44: 40 | BA44: 40 | BB44: 41 | BC44: 43 | BD44: 41 | BE44: 40 | BF44: 42 | BG44: 37 | BH44: 39 | BI44: 36 | BJ44: 36 | BK44: 37 | BL44: 36 | BM44: 38 | BN44: 39 | BO44: 37 | BP44: 35 | BQ44: 36 | BR44: 36 | BS44: 35 | BT44: 37 | BU44: 39 | BV44: 38 | BW44: 37 | BX44: 35 | BY44: 40 | BZ44: 45 | CA44: 43 | CB44: 43 | CC44: 44 | CD44: 45 | CE44: 44 | CF44: 43
A45: 揽仙途 | B45: 42 | C45: 42 | D45: 51 | E45: 49 | F45: 47 | G45: 48 | H45: 51 | I45: 51 | J45: 52 | K45: 54 | L45: 59 | M45: 62 | N45: 60 | O45: 61 | P45: 81 | Q45: 86 | R45: 81 | S45: 79 | T45: 84 | U45: 96 | V45: 99 | W45: 93 | X45: 87 | Y45: 90 | Z45: 97 | AA45: 105 | AB45: 100 | AC45: 102 | AD45: 103 | AE45: 79 | AF45: 39 | AG45: 55 | AH45: 52 | AI45: 55 | AJ45: 57 | AK45: 62 | AL45: 59 | AM45: 55 | AN45: 56 | AO45: 56 | AP45: 61 | AQ45: 61 | AR45: 60 | AS45: 63 | AT45: 57 | AU45: 54 | AV45: 56 | AW45: 57 | AX45: 57 | AY45: 57 | AZ45: 60 | BA45: 61 | BB45: 35 | BC45: 37 | BD45: 37 | BE45: 37 | BF45: 35 | BG45: 34 | BH45: 36 | BI45: 40 | BJ45: 46 | BK45: 46 | BL45: 46 | BM45: 44 | BN45: 49 | BO45: 47 | BP45: 88 | BQ45: 77 | BR45: 75 | BS45: 42 | BT45: 83 | BU45: 88 | BV45: 46 | BW45: 83 | BX45: 73 | BY45: 37 | BZ45: 37 | CA45: 40 | CB45: 42 | CC45: 39 | CD45: 41 | CE45: 43 | CF45: 44
A46: 灰日告白 | B46: 47 | C46: 45 | D46: 45 | E46: 44 | F46: 42 | G46: 41 | H46: 40 | I46: 41 | J46: 36 | K46: 36 | L46: 39 | M46: 37 | N46: 37 | O46: 37 | P46: 36 | Q46: 30 | R46: 36 | S46: 38 | T46: 42 | U46: 40 | V46: 40 | W46: 38 | X46: 44 | Y46: 49 | Z46: 43 | AA46: 39 | AB46: 37 | AC46: 47 | AD46: 54 | AE46: 54 | AF46: 82 | AG46: 54 | AH46: 59 | AI46: 50 | AJ46: 53 | AK46: 48 | AL46: 51 | AM46: 56 | AN46: 59 | AO46: 67 | AP46: 70 | AQ46: 71 | AR46: 81 | AS46: 82 | AT46: 95 | AU46: 87 | AV46: 88 | AW46: 77 | AX46: 73 | AY46: 72 | AZ46: 79 | BA46: 80 | BB46: 73 | BC46: 82 | BD46: 67 | BE46: 64 | BF46: 59 | BG46: 65 | BH46: 61 | BI46: 63 | BJ46: 65 | BK46: 64 | BL46: 63 | BM46: 61 | BN46: 57 | BO46: 52 | BP46: 49 | BQ46: 47 | BR46: 50 | BS46: 47 | BT46: 50 | BU46: 49 | BV46: 51 | BW46: 50 | BX46: 47 | BY46: 47 | BZ46: 49 | CA46: 48 | CB46: 45 | CC46: 45 | CD46: 47 | CE46: 46 | CF46: 45
A47: 我和我哥哥 | B47: 30 | C47: 30 | D47: 30 | E47: 27 | F47: 31 | G47: 27 | H47: 27 | I47: 32 | J47: 30 | K47: 28 | L47: 25 | M47: 25 | N47: 26 | O47: 27 | P47: 29 | Q47: 33 | R47: 37 | S47: 37 | T47: 49 | U47: 55 | V47: 57 | W47: 52 | X47: 46 | Y47: 60 | Z47: 74 | AA47: 73 | AB47: 54 | AC47: 43 | AD47: 46 | AE47: 36 | AF47: 37 | AG47: 26 | AH47: 29 | AI47: 35 | AJ47: 31 | AK47: 41 | AL47: 36 | AM47: 41 | AN47: 42 | AO47: 40 | AP47: 47 | AQ47: 52 | AR47: 55 | AS47: 60 | AT47: 52 | AU47: 65 | AV47: 57 | AW47: 63 | AX47: 66 | AY47: 68 | AZ47: 80 | BA47: 90 | BB47: 90 | BC47: 95 | BD47: 93 | BE47: 93 | BF47: 99 | BG47: 114 | BH47: 115 | BI47: 132 | BJ47: 138 | BK47: 139 | BL47: 132 | BM47: 133 | BN47: 121 | BO47: 124 | BP47: 114 | BQ47: 108 | BR47: 97 | BS47: 97 | BT47: 92 | BU47: 86 | BV47: 61 | BW47: 65 | BX47: 66 | BY47: 64 | BZ47: 62 | CA47: 54 | CB47: 54 | CC47: 50 | CD47: 50 | CE47: 49 | CF47: 46
A48: 后妃成长录 | B48: 58 | C48: 58 | D48: 54 | E48: 55 | F48: 55 | G48: 53 | H48: 53 | I48: 57 | J48: 54 | K48: 59 | L48: 61 | M48: 60 | N48: 56 | O48: 30 | P48: 30 | Q48: 62 | R48: 30 | S48: 30 | T48: 30 | U48: 30 | V48: 30 | W48: 28 | X48: 30 | Y48: 28 | Z48: 28 | AA48: 27 | AB48: 57 | AC48: 50 | AD48: 53 | AE48: 52 | AF48: 49 | AG48: 37 | AH48: 39 | AI48: 42 | AJ48: 35 | AK48: 35 | AL48: 38 | AM48: 34 | AN48: 31 | AO48: 29 | AP48: 29 | AQ48: 31 | AR48: 35 | AS48: 39 | AT48: 39 | AU48: 36 | AV48: 41 | AW48: 41 | AX48: 40 | AY48: 31 | AZ48: 16 | BA48: 17 | BB48: 14 | BC48: 15 | BD48: 14 | BE48: 15 | BF48: 15 | BG48: 14 | BH48: 15 | BI48: 15 | BJ48: 14 | BK48: 17 | BL48: 17 | BM48: 17 | BN48: 19 | BO48: 20 | BP48: 19 | BQ48: 19 | BR48: 19 | BS48: 19 | BT48: 18 | BU48: 19 | BV48: 19 | BW48: 20 | BX48: 20 | BY48: 22 | BZ48: 22 | CA48: 22 | CB48: 23 | CC48: 40 | CD48: 44 | CE48: 45 | CF48: 47
A49: 向我臣服 | B49: 111 | C49: 109 | D49: 110 | E49: 111 | F49: 110 | G49: 105 | H49: 100 | I49: 97 | J49: 81 | K49: 81 | L49: 81 | M49: 80 | N49: 82 | O49: 81 | P49: 74 | Q49: 69 | R49: 69 | S49: 66 | T49: 64 | U49: 60 | V49: 72 | W49: 73 | X49: 83 | Y49: 92 | Z49: 103 | AA49: 98 | AB49: 89 | AC49: 83 | AD49: 86 | AE49: 84 | AF49: 72 | AG49: 81 | AH49: 74 | AI49: 84 | AJ49: 86 | AK49: 89 | AL49: 92 | AM49: 102 | AN49: 98 | AO49: 101 | AP49: 100 | AQ49: 106 | AR49: 104 | AS49: 103 | AT49: 109 | AU49: 111 | AV49: 110 | AW49: 112 | AX49: 101 | AY49: 101 | AZ49: 107 | BA49: 108 | BB49: 108 | BC49: 108 | BD49: 111 | BE49: 117 | BF49: 109 | BG49: 107 | BH49: 106 | BI49: 107 | BJ49: 105 | BK49: 109 | BL49: 104 | BM49: 103 | BN49: 91 | BO49: 90 | BP49: 93 | BQ49: 90 | BR49: 81 | BS49: 81 | BT49: 87 | BU49: 85 | BV49: 83 | BW49: 80 | BX49: 82 | BY49: 73 | BZ49: 73 | CA49: 71 | CB49: 67 | CC49: 61 | CD49: 58 | CE49: 51 | CF49: 48
A50: 山河长憾 | B50: 33 | C50: 27 | D50: 29 | E50: 29 | F50: 27 | G50: 28 | H50: 28 | I50: 27 | J50: 56 | K50: 31 | L50: 52 | M50: 30 | N50: 51 | O50: 53 | P50: 44 | Q50: 25 | R50: 25 | S50: 25 | T50: 24 | U50: 23 | V50: 23 | W50: 20 | X50: 21 | Y50: 31 | Z50: 32 | AA50: 32 | AB50: 31 | AC50: 29 | AD50: 30 | AE50: 30 | AF50: 36 | AG50: 36 | AH50: 36 | AI50: 36 | AJ50: 39 | AK50: 36 | AL50: 39 | AM50: 42 | AN50: 41 | AO50: 45 | AP50: 49 | AQ50: 49 | AR50: 48 | AS50: 45 | AT50: 47 | AU50: 43 | AV50: 43 | AW50: 44 | AX50: 46 | AY50: 46 | AZ50: 51 | BA50: 52 | BB50: 49 | BC50: 51 | BD50: 50 | BE50: 51 | BF50: 52 | BG50: 55 | BH50: 53 | BI50: 50 | BJ50: 51 | BK50: 53 | BL50: 51 | BM50: 50 | BN50: 55 | BO50: 53 | BP50: 54 | BQ50: 54 | BR50: 53 | BS50: 54 | BT50: 49 | BU50: 48 | BV50: 53 | BW50: 52 | BX50: 51 | BY50: 50 | BZ50: 48 | CA50: 29 | CB50: 52 | CC50: 46 | CD50: 46 | CE50: 48 | CF50: 49
A51: 明月照千山 | B51: 56 | C51: 57 | D51: 65 | E51: 66 | F51: 67 | G51: 65 | H51: 68 | I51: 68 | J51: 67 | K51: 64 | L51: 67 | M51: 65 | N51: 65 | O51: 68 | P51: 95 | Q51: 87 | R51: 90 | S51: 91 | T51: 99 | U51: 95 | V51: 87 | W51: 85 | X51: 71 | Y51: 62 | Z51: 59 | AA51: 52 | AB51: 63 | AC51: 55 | AD51: 48 | AE51: 55 | AF51: 62 | AG51: 65 | AH51: 55 | AI51: 63 | AJ51: 67 | AK51: 76 | AL51: 72 | AM51: 70 | AN51: 66 | AO51: 54 | AP51: 54 | AQ51: 51 | AR51: 53 | AS51: 53 | AT51: 50 | AU51: 47 | AV51: 48 | AW51: 48 | AX51: 49 | AY51: 51 | AZ51: 52 | BA51: 59 | BB51: 70 | BC51: 79 | BD51: 75 | BE51: 76 | BF51: 77 | BG51: 93 | BH51: 95 | BI51: 93 | BJ51: 91 | BK51: 89 | BL51: 90 | BM51: 92 | BN51: 85 | BO51: 88 | BP51: 91 | BQ51: 79 | BR51: 95 | BS51: 91 | BT51: 93 | BU51: 91 | BV51: 86 | BW51: 88 | BX51: 84 | BY51: 80 | BZ51: 80 | CA51: 64 | CB51: 63 | CC51: 60 | CD51: 62 | CE51: 58 | CF51: 50
A52: 赛博恋爱实录 | B52: 12 | C52: 18 | D52: 18 | E52: 21 | F52: 20 | G52: 23 | H52: 23 | I52: 25 | J52: 26 | K52: 25 | L52: 30 | M52: 31 | N52: 28 | O52: 33 | P52: 42 | Q52: 44 | R52: 45 | S52: 41 | T52: 38 | U52: 32 | V52: 33 | W52: 40 | X52: 40 | Y52: 35 | Z52: 34 | AA52: 33 | AB52: 28 | AC52: 33 | AD52: 36 | AE52: 28 | AF52: 26 | AG52: 24 | AH52: 24 | AI52: 25 | AJ52: 25 | AK52: 26 | AL52: 26 | AM52: 26 | AN52: 29 | AO52: 34 | AP52: 31 | AQ52: 30 | AR52: 28 | AS52: 28 | AT52: 27 | AU52: 26 | AV52: 29 | AW52: 28 | AX52: 28 | AY52: 25 | AZ52: 30 | BA52: 30 | BB52: 36 | BC52: 33 | BD52: 35 | BE52: 36 | BF52: 36 | BG52: 47 | BH52: 47 | BI52: 53 | BJ52: 57 | BK52: 61 | BL52: 68 | BM52: 63 | BN52: 73 | BO52: 82 | BP52: 72 | BQ52: 52 | BR52: 49 | BS52: 48 | BT52: 44 | BU52: 43 | BV52: 44 | BW52: 39 | BX52: 39 | BY52: 44 | BZ52: 43 | CA52: 45 | CB52: 47 | CC52: 48 | CD52: 49 | CE52: 47 | CF52: 51
A53: 无情笺 | B53: 45 | C53: 47 | D53: 42 | E53: 42 | F53: 41 | G53: 42 | H53: 42 | I53: 40 | J53: 43 | K53: 44 | L53: 44 | M53: 49 | N53: 48 | O53: 48 | P53: 71 | Q53: 70 | R53: 70 | S53: 74 | T53: 76 | U53: 105 | V53: 75 | W53: 69 | X53: 68 | Y53: 66 | Z53: 61 | AA53: 60 | AB53: 67 | AC53: 58 | AD53: 55 | AE53: 72 | AF53: 40 | AG53: 42 | AH53: 64 | AI53: 39 | AJ53: 40 | AK53: 38 | AL53: 41 | AM53: 38 | AN53: 38 | AO53: 39 | AP53: 40 | AQ53: 40 | AR53: 41 | AS53: 40 | AT53: 36 | AU53: 35 | AV53: 31 | AW53: 34 | AX53: 34 | AY53: 37 | AZ53: 38 | BA53: 38 | BB53: 43 | BC53: 41 | BD53: 42 | BE53: 43 | BF53: 43 | BG53: 50 | BH53: 46 | BI53: 49 | BJ53: 49 | BK53: 50 | BL53: 50 | BM53: 51 | BN53: 44 | BO53: 44 | BP53: 44 | BQ53: 43 | BR53: 43 | BS53: 45 | BT53: 45 | BU53: 44 | BV53: 48 | BW53: 47 | BX53: 48 | BY53: 51 | BZ53: 54 | CA53: 56 | CB53: 56 | CC53: 55 | CD53: 48 | CE53: 52 | CF53: 52
A54: 炮灰反派求生指南 | B54: 15 | C54: 12 | D54: 15 | E54: 16 | F54: 16 | G54: 16 | H54: 16 | I54: 17 | J54: 16 | K54: 17 | L54: 17 | M54: 19 | N54: 22 | O54: 21 | P54: 21 | Q54: 17 | R54: 19 | S54: 18 | T54: 23 | U54: 29 | V54: 27 | W54: 37 | X54: 29 | Y54: 24 | Z54: 20 | AA54: 22 | AB54: 17 | AC54: 17 | AD54: 17 | AE54: 14 | AF54: 10 | AG54: 12 | AH54: 13 | AI54: 14 | AJ54: 17 | AK54: 18 | AL54: 18 | AM54: 20 | AN54: 16 | AO54: 21 | AP54: 21 | AQ54: 23 | AR54: 22 | AS54: 27 | AT54: 30 | AU54: 29 | AV54: 32 | AW54: 33 | AX54: 38 | AY54: 34 | AZ54: 29 | BA54: 35 | BB54: 39 | BC54: 40 | BD54: 39 | BE54: 41 | BF54: 39 | BG54: 41 | BH54: 45 | BI54: 44 | BJ54: 44 | BK54: 45 | BL54: 42 | BM54: 46 | BN54: 52 | BO54: 57 | BP54: 47 | BQ54: 44 | BR54: 45 | BS54: 52 | BT54: 51 | BU54: 45 | BV54: 41 | BW54: 44 | BX54: 38 | BY54: 43 | BZ54: 35 | CA54: 39 | CB54: 34 | CC54: 47 | CD54: 57 | CE54: 57 | CF54: 53
... A75: 女帝风月鉴 | B75: 64 | C75: 68 | D75: 68 | E75: 72 | F75: 68 | G75: 69 | H75: 69 | I75: 72 | J75: 72 | K75: 70 | L75: 76 | M75: 78 | N75: 75 | O75: 73 | P75: 93 | Q75: 83 | R75: 89 | S75: 92 | T75: 92 | U75: 98 | V75: 95 | W75: 96 | X75: 100 | Y75: 95 | Z75: 79 | AA75: 81 | AB75: 84 | AC75: 73 | AD75: 67 | AE75: 64 | AF75: 76 | AG75: 86 | AH75: 79 | AI75: 82 | AJ75: 84 | AK75: 82 | AL75: 73 | AM75: 88 | AN75: 78 | AO75: 75 | AP75: 73 | AQ75: 67 | AR75: 73 | AS75: 72 | AT75: 72 | AU75: 68 | AV75: 71 | AW75: 62 | AX75: 62 | AY75: 59 | AZ75: 59 | BA75: 60 | BB75: 60 | BC75: 63 | BD75: 62 | BE75: 61 | BF75: 61 | BG75: 58 | BH75: 55 | BI75: 54 | BJ75: 53 | BK75: 51 | BL75: 53 | BM75: 52 | BN75: 54 | BO75: 55 | BP75: 52 | BQ75: 50 | BR75: 55 | BS75: 57 | BT75: 57 | BU75: 55 | BV75: 58 | BW75: 58 | BX75: 60 | BY75: 67 | BZ75: 66 | CA75: 68 | CB75: 68 | CC75: 71 | CD75: 70 | CE75: 72 | CF75: 74
A76: 千里流放路 | U76: 186 | V76: 175 | AF76: 173 | AG76: 184 | AL76: 150 | AM76: 153 | AN76: 166 | AO76: 175 | AP76: 181 | AQ76: 190 | AY76: 198 | BB76: 175 | BC76: 156 | BD76: 151 | BE76: 156 | BF76: 162 | BG76: 137 | BH76: 144 | BI76: 142 | BJ76: 136 | BK76: 145 | BL76: 170 | BM76: 174 | BN76: 190 | BZ76: 138 | CA76: 67 | CB76: 66 | CC76: 68 | CD76: 72 | CE76: 67 | CF76: 75
A77: 杏林志 | B77: 93 | C77: 103 | D77: 101 | E77: 102 | F77: 104 | G77: 101 | H77: 102 | I77: 104 | J77: 108 | K77: 105 | L77: 107 | M77: 103 | N77: 105 | O77: 98 | P77: 113 | Q77: 99 | R77: 111 | S77: 110 | T77: 113 | U77: 104 | V77: 101 | W77: 101 | X77: 119 | Y77: 114 | Z77: 113 | AA77: 118 | AB77: 120 | AC77: 125 | AD77: 141 | AE77: 136 | AF77: 161 | AG77: 165 | AH77: 147 | AI77: 158 | AJ77: 151 | AK77: 119 | AL77: 122 | AM77: 125 | AN77: 89 | AO77: 120 | AP77: 110 | AQ77: 79 | AR77: 71 | AS77: 80 | AT77: 89 | AU77: 84 | AV77: 86 | AW77: 88 | AX77: 88 | AY77: 91 | AZ77: 85 | BA77: 86 | BB77: 88 | BC77: 86 | BD77: 84 | BE77: 90 | BF77: 83 | BG77: 78 | BH77: 79 | BI77: 81 | BJ77: 76 | BK77: 71 | BL77: 70 | BM77: 70 | BN77: 66 | BO77: 64 | BP77: 66 | BQ77: 68 | BR77: 72 | BS77: 65 | BT77: 59 | BU77: 58 | BV77: 71 | BW77: 63 | BX77: 69 | BY77: 82 | BZ77: 72 | CA77: 70 | CB77: 70 | CC77: 75 | CD77: 73 | CE77: 73 | CF77: 76
A78: 逢尊 | B78: 98 | C78: 102 | D78: 100 | E78: 99 | F78: 99 | G78: 95 | H78: 89 | I78: 88 | J78: 92 | K78: 90 | L78: 87 | M78: 88 | N78: 91 | O78: 84 | P78: 94 | Q78: 79 | R78: 84 | S78: 81 | T78: 80 | U78: 79 | V78: 92 | W78: 90 | X78: 86 | Y78: 89 | Z78: 94 | AA78: 94 | AB78: 96 | AC78: 104 | AD78: 98 | AE78: 134 | AF78: 176 | AG78: 171 | AH78: 169 | AI78: 176 | AJ78: 178 | AK78: 180 | AL78: 168 | AM78: 172 | AN78: 157 | AO78: 155 | AP78: 154 | AQ78: 123 | AR78: 126 | AS78: 122 | AT78: 88 | AU78: 90 | AV78: 78 | AW78: 81 | AX78: 79 | AY78: 86 | AZ78: 71 | BA78: 73 | BB78: 72 | BC78: 68 | BD78: 69 | BE78: 69 | BF78: 68 | BG78: 68 | BH78: 69 | BI78: 68 | BJ78: 79 | BK78: 70 | BL78: 66 | BM78: 65 | BN78: 77 | BO78: 84 | BP78: 78 | BQ78: 73 | BR78: 74 | BS78: 72 | BT78: 69 | BU78: 65 | BV78: 67 | BW78: 67 | BX78: 65 | BY78: 74 | BZ78: 71 | CA78: 74 | CB78: 71 | CC78: 76 | CD78: 76 | CE78: 74 | CF78: 77
A79: 我被主角包围了 | B79: 62 | C79: 61 | D79: 61 | E79: 63 | F79: 60 | G79: 59 | H79: 57 | I79: 56 | J79: 46 | K79: 46 | L79: 55 | M79: 52 | N79: 62 | O79: 64 | P79: 73 | Q79: 84 | R79: 75 | S79: 70 | T79: 69 | U79: 72 | V79: 61 | W79: 74 | X79: 88 | Y79: 94 | Z79: 54 | AA79: 55 | AB79: 52 | AC79: 36 | AD79: 35 | AE79: 48 | AF79: 30 | AG79: 34 | AH79: 48 | AI79: 66 | AJ79: 74 | AK79: 65 | AL79: 61 | AM79: 62 | AN79: 69 | AO79: 82 | AP79: 80 | AQ79: 73 | AR79: 70 | AS79: 68 | AT79: 73 | AU79: 70 | AV79: 70 | AW79: 64 | AX79: 54 | AY79: 56 | AZ79: 58 | BA79: 58 | BB79: 69 | BC79: 64 | BD79: 66 | BE79: 66 | BF79: 66 | BG79: 63 | BH79: 66 | BI79: 69 | BJ79: 67 | BK79: 72 | BL79: 72 | BM79: 72 | BN79: 70 | BO79: 68 | BP79: 61 | BQ79: 59 | BR79: 63 | BS79: 64 | BT79: 73 | BU79: 82 | BV79: 69 | BW79: 70 | BX79: 72 | BY79: 70 | BZ79: 74 | CA79: 76 | CB79: 82 | CC79: 83 | CD79: 87 | CE79: 84 | CF79: 78
A80: 宫妃风华录 | B80: 104 | C80: 110 | D80: 106 | E80: 110 | F80: 105 | G80: 107 | H80: 106 | I80: 103 | J80: 97 | K80: 98 | L80: 99 | M80: 102 | N80: 96 | O80: 86 | P80: 86 | Q80: 71 | R80: 71 | S80: 64 | T80: 68 | U80: 66 | V80: 65 | W80: 66 | X80: 73 | Y80: 78 | Z80: 83 | AA80: 88 | AB80: 87 | AC80: 89 | AD80: 102 | AE80: 100 | AF80: 123 | AG80: 163 | AH80: 137 | AI80: 124 | AJ80: 146 | AK80: 107 | AL80: 99 | AM80: 101 | AN80: 101 | AO80: 96 | AP80: 99 | AQ80: 112 | AR80: 94 | AS80: 91 | AT80: 64 | AU80: 59 | AV80: 68 | AW80: 61 | AX80: 69 | AY80: 66 | AZ80: 64 | BA80: 65 | BB80: 68 | BC80: 66 | BD80: 64 | BE80: 67 | BF80: 65 | BG80: 86 | BH80: 93 | BI80: 92 | BJ80: 92 | BK80: 91 | BL80: 93 | BM80: 90 | BN80: 83 | BO80: 74 | BP80: 80 | BQ80: 83 | BR80: 83 | BS80: 88 | BT80: 102 | BU80: 102 | BV80: 99 | BW80: 96 | BX80: 95 | BY80: 94 | BZ80: 88 | CA80: 84 | CB80: 85 | CC80: 86 | CD80: 81 | CE80: 82 | CF80: 79
A81: 我的皇帝日志 | B81: 69 | C81: 74 | D81: 80 | E81: 80 | F81: 82 | G81: 77 | H81: 81 | I81: 81 | J81: 79 | K81: 79 | L81: 78 | M81: 69 | N81: 80 | O81: 78 | P81: 76 | Q81: 75 | R81: 85 | S81: 72 | T81: 74 | U81: 94 | V81: 83 | W81: 98 | X81: 104 | Y81: 109 | Z81: 132 | AA81: 136 | AB81: 161 | AC81: 161 | AD81: 186 | AE81: 180 | AH81: 186 | AI81: 149 | AJ81: 167 | AK81: 141 | AL81: 119 | AM81: 126 | AN81: 120 | AO81: 105 | AP81: 115 | AQ81: 103 | AR81: 77 | AS81: 83 | AT81: 76 | AU81: 79 | AV81: 62 | AW81: 66 | AX81: 67 | AY81: 69 | AZ81: 70 | BA81: 69 | BB81: 64 | BC81: 61 | BD81: 60 | BE81: 62 | BF81: 64 | BG81: 66 | BH81: 65 | BI81: 64 | BJ81: 62 | BK81: 60 | BL81: 60 | BM81: 66 | BN81: 84 | BO81: 77 | BP81: 85 | BQ81: 84 | BR81: 92 | BS81: 94 | BT81: 105 | BU81: 93 | BV81: 106 | BW81: 107 | BX81: 98 | BY81: 85 | BZ81: 90 | CA81: 87 | CB81: 86 | CC81: 85 | CD81: 83 | CE81: 81 | CF81: 80
A82: 仙迹朝闻录 | B82: 102 | C82: 91 | D82: 86 | E82: 84 | F82: 85 | G82: 85 | H82: 85 | I82: 84 | J82: 89 | K82: 91 | L82: 95 | M82: 93 | N82: 97 | O82: 104 | P82: 88 | Q82: 114 | R82: 103 | S82: 111 | T82: 110 | U82: 93 | V82: 96 | W82: 91 | X82: 82 | Y82: 83 | Z82: 78 | AA82: 74 | AB82: 70 | AC82: 63 | AD82: 57 | AE82: 61 | AF82: 67 | AG82: 68 | AH82: 77 | AI82: 79 | AJ82: 77 | AK82: 81 | AL82: 85 | AM82: 90 | AN82: 87 | AO82: 91 | AP82: 96 | AQ82: 99 | AR82: 99 | AS82: 107 | AT82: 105 | AU82: 100 | AV82: 101 | AW82: 107 | AX82: 106 | AY82: 109 | AZ82: 103 | BA82: 110 | BB82: 113 | BC82: 112 | BD82: 110 | BE82: 110 | BF82: 110 | BG82: 109 | BH82: 99 | BI82: 89 | BJ82: 87 | BK82: 82 | BL82: 78 | BM82: 76 | BN82: 80 | BO82: 75 | BP82: 65 | BQ82: 63 | BR82: 64 | BS82: 63 | BT82: 62 | BU82: 63 | BV82: 64 | BW82: 74 | BX82: 75 | BY82: 76 | BZ82: 79 | CA82: 80 | CB82: 78 | CC82: 81 | CD82: 82 | CE82: 80 | CF82: 81
A83: 溯世书⁡ | B83: 109 | C83: 112 | D83: 104 | E83: 104 | F83: 103 | G83: 100 | H83: 99 | I83: 90 | J83: 91 | K83: 92 | L83: 88 | M83: 90 | N83: 95 | O83: 100 | P83: 87 | Q83: 100 | R83: 113 | S83: 73 | T83: 105 | U83: 100 | V83: 104 | W83: 124 | X83: 122 | Y83: 126 | Z83: 120 | AA83: 117 | AB83: 115 | AC83: 103 | AD83: 100 | AE83: 102 | AF83: 96 | AG83: 84 | AH83: 90 | AI83: 111 | AJ83: 108 | AK83: 108 | AL83: 110 | AM83: 111 | AN83: 116 | AO83: 106 | AP83: 104 | AQ83: 114 | AR83: 100 | AS83: 99 | AT83: 68 | AU83: 114 | AV83: 118 | AW83: 70 | AX83: 70 | AY83: 112 | AZ83: 111 | BA83: 72 | BB83: 79 | BC83: 81 | BD83: 79 | BE83: 79 | BF83: 81 | BG83: 79 | BH83: 82 | BI83: 79 | BJ83: 85 | BK83: 88 | BL83: 89 | BM83: 88 | BN83: 87 | BO83: 83 | BP83: 87 | BQ83: 82 | BR83: 86 | BS83: 86 | BT83: 88 | BU83: 98 | BV83: 102 | BW83: 101 | BX83: 132 | BY83: 120 | BZ83: 116 | CA83: 111 | CB83: 97 | CC83: 74 | CD83: 78 | CE83: 79 | CF83: 82
A84: 非正常异能恋爱指南 | B84: 66 | C84: 65 | D84: 64 | E84: 62 | F84: 63 | G84: 63 | H84: 63 | I84: 60 | J84: 58 | K84: 65 | L84: 64 | M84: 66 | N84: 63 | O84: 67 | P84: 72 | Q84: 63 | R84: 60 | S84: 61 | T84: 60 | U84: 62 | V84: 63 | W84: 59 | X84: 61 | Y84: 68 | Z84: 64 | AA84: 72 | AB84: 64 | AC84: 61 | AD84: 61 | AE84: 57 | AF84: 63 | AG84: 70 | AH84: 70 | AI84: 73 | AJ84: 75 | AK84: 74 | AL84: 71 | AM84: 73 | AN84: 72 | AO84: 72 | AP84: 79 | AQ84: 81 | AR84: 83 | AS84: 88 | AT84: 83 | AU84: 77 | AV84: 79 | AW84: 76 | AX84: 74 | AY84: 74 | AZ84: 76 | BA84: 75 | BB84: 77 | BC84: 75 | BD84: 74 | BE84: 73 | BF84: 74 | BG84: 75 | BH84: 77 | BI84: 71 | BJ84: 70 | BK84: 73 | BL84: 71 | BM84: 67 | BN84: 81 | BO84: 79 | BP84: 81 | BQ84: 75 | BR84: 78 | BS84: 77 | BT84: 74 | BU84: 81 | BV84: 76 | BW84: 76 | BX84: 77 | BY84: 83 | BZ84: 78 | CA84: 77 | CB84: 81 | CC84: 79 | CD84: 74 | CE84: 75 | CF84: 83
A85: 古代人生模拟器 | B85: 113 | C85: 113 | D85: 116 | E85: 116 | F85: 119 | G85: 117 | H85: 113 | I85: 107 | J85: 110 | K85: 109 | L85: 113 | M85: 111 | N85: 98 | O85: 88 | P85: 77 | Q85: 76 | R85: 76 | S85: 82 | T85: 79 | U85: 82 | V85: 98 | W85: 111 | X85: 127 | Y85: 117 | Z85: 114 | AA85: 128 | AB85: 133 | AC85: 136 | AD85: 115 | AE85: 111 | AF85: 100 | AG85: 72 | AH85: 82 | AI85: 80 | AJ85: 70 | AK85: 77 | AL85: 75 | AM85: 85 | AN85: 86 | AO85: 70 | AP85: 66 | AQ85: 70 | AR85: 68 | AS85: 74 | AT85: 77 | AU85: 81 | AV85: 77 | AW85: 80 | AX85: 85 | AY85: 82 | AZ85: 69 | BA85: 71 | BB85: 75 | BC85: 70 | BD85: 83 | BE85: 75 | BF85: 73 | BG85: 82 | BH85: 73 | BI85: 73 | BJ85: 63 | BK85: 67 | BL85: 75 | BM85: 79 | BN85: 71 | BO85: 70 | BP85: 71 | BQ85: 61 | BR85: 60 | BS85: 62 | BT85: 55 | BU85: 53 | BV85: 68 | BW85: 71 | BX85: 76 | BY85: 72 | BZ85: 76 | CA85: 75 | CB85: 72 | CC85: 80 | CD85: 86 | CE85: 83 | CF85: 84
A86: 世家成长计划 | B86: 90 | C86: 81 | D86: 107 | E86: 109 | F86: 112 | G86: 114 | H86: 117 | I86: 118 | J86: 116 | K86: 115 | L86: 117 | M86: 115 | N86: 119 | O86: 115 | P86: 109 | Q86: 131 | R86: 129 | S86: 131 | T86: 124 | U86: 122 | V86: 134 | W86: 141 | X86: 151 | Y86: 138 | Z86: 137 | AA86: 133 | AB86: 151 | AC86: 143 | AD86: 166 | AE86: 187 | AF86: 195 | AG86: 170 | AH86: 177 | AI86: 174 | AJ86: 138 | AK86: 137 | AL86: 143 | AM86: 129 | AN86: 132 | AO86: 122 | AP86: 112 | AQ86: 97 | AR86: 97 | AS86: 102 | AT86: 108 | AU86: 109 | AV86: 112 | AW86: 111 | AX86: 102 | AY86: 103 | AZ86: 100 | BA86: 106 | BB86: 106 | BC86: 114 | BD86: 116 | BE86: 126 | BF86: 116 | BG86: 115 | BH86: 114 | BI86: 111 | BJ86: 110 | BK86: 108 | BL86: 112 | BM86: 116 | BN86: 113 | BO86: 104 | BP86: 105 | BQ86: 104 | BR86: 101 | BS86: 104 | BT86: 103 | BU86: 96 | BV86: 93 | BW86: 87 | BX86: 86 | BY86: 87 | BZ86: 77 | CA86: 83 | CB86: 79 | CC86: 82 | CD86: 85 | CE86: 88 | CF86: 85
A87: 一瞻杏花雨 | B87: 75 | C87: 72 | D87: 81 | E87: 79 | F87: 79 | G87: 79 | H87: 79 | I87: 80 | J87: 71 | K87: 68 | L87: 68 | M87: 70 | N87: 68 | O87: 72 | P87: 47 | Q87: 47 | R87: 49 | S87: 50 | T87: 41 | U87: 42 | V87: 42 | W87: 36 | X87: 105 | Y87: 101 | Z87: 95 | AA87: 93 | AB87: 95 | AC87: 85 | AD87: 95 | AE87: 116 | AF87: 116 | AG87: 93 | AH87: 104 | AI87: 105 | AJ87: 114 | AK87: 103 | AL87: 97 | AM87: 99 | AN87: 92 | AO87: 92 | AP87: 91 | AQ87: 98 | AR87: 85 | AS87: 76 | AT87: 80 | AU87: 83 | AV87: 87 | AW87: 87 | AX87: 94 | AY87: 84 | AZ87: 95 | BA87: 96 | BB87: 98 | BC87: 100 | BD87: 94 | BE87: 101 | BF87: 104 | BG87: 103 | BH87: 101 | BI87: 98 | BJ87: 99 | BK87: 102 | BL87: 103 | BM87: 102 | BN87: 103 | BO87: 97 | BP87: 101 | BQ87: 97 | BR87: 102 | BS87: 100 | BT87: 109 | BU87: 113 | BV87: 113 | BW87: 99 | BX87: 93 | BY87: 95 | BZ87: 91 | CA87: 91 | CB87: 91 | CC87: 87 | CD87: 89 | CE87: 85 | CF87: 86
A88: 都想攻略女魔头 | B88: 107 | C88: 105 | D88: 90 | E88: 89 | F88: 84 | G88: 84 | H88: 82 | I88: 78 | J88: 113 | K88: 107 | L88: 104 | M88: 105 | N88: 110 | O88: 108 | P88: 80 | Q88: 59 | R88: 57 | S88: 55 | T88: 54 | U88: 65 | V88: 109 | W88: 122 | X88: 113 | Y88: 108 | Z88: 117 | AA88: 119 | AB88: 74 | AC88: 81 | AD88: 75 | AE88: 92 | AF88: 81 | AG88: 94 | AH88: 92 | AI88: 96 | AJ88: 95 | AK88: 95 | AL88: 82 | AM88: 87 | AN88: 100 | AO88: 97 | AP88: 130 | AQ88: 129 | AR88: 124 | AS88: 134 | AT88: 131 | AU88: 121 | AV88: 155 | AW88: 119 | AX88: 129 | AY88: 131 | AZ88: 140 | BA88: 133 | BB88: 125 | BC88: 122 | BD88: 122 | BE88: 123 | BF88: 130 | BG88: 127 | BH88: 132 | BI88: 134 | BJ88: 139 | BK88: 101 | BL88: 101 | BM88: 78 | BN88: 51 | BO88: 56 | BP88: 56 | BQ88: 53 | BR88: 48 | BS88: 46 | BT88: 52 | BU88: 46 | BV88: 49 | BW88: 49 | BX88: 46 | BY88: 48 | BZ88: 67 | CA88: 94 | CB88: 93 | CC88: 92 | CD88: 102 | CE88: 93 | CF88: 87
A89: 在下凤三离 | B89: 70 | C89: 75 | D89: 63 | E89: 65 | F89: 66 | G89: 66 | H89: 67 | I89: 65 | J89: 62 | K89: 60 | L89: 57 | M89: 59 | N89: 58 | O89: 58 | P89: 85 | Q89: 85 | R89: 87 | S89: 86 | T89: 77 | U89: 75 | V89: 73 | W89: 77 | X89: 79 | Y89: 82 | Z89: 82 | AA89: 87 | AB89: 85 | AC89: 97 | AD89: 79 | AE89: 69 | AF89: 69 | AG89: 77 | AH89: 37 | AI89: 44 | AJ89: 47 | AK89: 45 | AL89: 44 | AM89: 44 | AN89: 46 | AO89: 49 | AP89: 44 | AQ89: 43 | AR89: 46 | AS89: 43 | AT89: 45 | AU89: 48 | AV89: 47 | AW89: 78 | AX89: 77 | AY89: 77 | AZ89: 93 | BA89: 92 | BB89: 94 | BC89: 110 | BD89: 112 | BE89: 114 | BF89: 112 | BG89: 96 | BH89: 94 | BI89: 97 | BJ89: 96 | BK89: 81 | BL89: 81 | BM89: 71 | BN89: 72 | BO89: 65 | BP89: 60 | BQ89: 55 | BR89: 62 | BS89: 60 | BT89: 54 | BU89: 60 | BV89: 87 | BW89: 85 | BX89: 87 | BY89: 118 | BZ89: 117 | CA89: 114 | CB89: 109 | CC89: 95 | CD89: 91 | CE89: 87 | CF89: 88
A90: 凰途似锦 | B90: 94 | C90: 93 | D90: 91 | E90: 88 | F90: 92 | G90: 91 | H90: 90 | I90: 93 | J90: 84 | K90: 87 | L90: 85 | M90: 85 | N90: 83 | O90: 79 | P90: 90 | Q90: 88 | R90: 93 | S90: 99 | T90: 94 | U90: 92 | V90: 76 | W90: 76 | X90: 80 | Y90: 85 | Z90: 92 | AA90: 107 | AB90: 111 | AC90: 110 | AD90: 108 | AE90: 103 | AF90: 93 | AG90: 96 | AH90: 87 | AI90: 76 | AJ90: 94 | AK90: 99 | AL90: 90 | AM90: 92 | AN90: 95 | AO90: 93 | AP90: 88 | AQ90: 94 | AR90: 74 | AS90: 75 | AT90: 81 | AU90: 76 | AV90: 76 | AW90: 83 | AX90: 81 | AY90: 76 | AZ90: 81 | BA90: 82 | BB90: 71 | BC90: 73 | BD90: 72 | BE90: 84 | BF90: 89 | BG90: 84 | BH90: 80 | BI90: 84 | BJ90: 89 | BK90: 96 | BL90: 79 | BM90: 64 | BN90: 63 | BO90: 60 | BP90: 64 | BQ90: 65 | BR90: 66 | BS90: 71 | BT90: 71 | BU90: 69 | BV90: 78 | BW90: 73 | BX90: 81 | BY90: 93 | BZ90: 101 | CA90: 100 | CB90: 108 | CC90: 103 | CD90: 94 | CE90: 95 | CF90: 89
A91: 残霜烬 | B91: 105 | C91: 100 | D91: 98 | E91: 94 | F91: 107 | G91: 104 | H91: 101 | I91: 102 | J91: 112 | K91: 112 | L91: 112 | M91: 109 | N91: 109 | O91: 113 | P91: 78 | Q91: 77 | R91: 72 | S91: 85 | T91: 87 | U91: 84 | V91: 125 | W91: 116 | X91: 90 | Y91: 100 | Z91: 100 | AA91: 95 | AB91: 103 | AC91: 98 | AD91: 92 | AE91: 86 | AF91: 102 | AG91: 100 | AH91: 116 | AI91: 117 | AJ91: 123 | AK91: 161 | AN91: 155 | AO91: 149 | AP91: 159 | AQ91: 145 | AR91: 132 | AS91: 137 | AT91: 117 | AU91: 125 | AV91: 122 | AW91: 125 | AX91: 123 | AY91: 123 | AZ91: 126 | BA91: 131 | BB91: 132 | BC91: 136 | BD91: 149 | BE91: 146 | BF91: 143 | BG91: 154 | BH91: 142 | BI91: 140 | BJ91: 141 | BK91: 127 | BL91: 124 | BM91: 120 | BN91: 118 | BO91: 119 | BP91: 116 | BQ91: 103 | BR91: 104 | BS91: 106 | BT91: 116 | BU91: 118 | BV91: 120 | BW91: 123 | BX91: 119 | BY91: 121 | BZ91: 118 | CA91: 110 | CB91: 102 | CC91: 94 | CD91: 95 | CE91: 94 | CF91: 90
A92: 吾凰·在上 | B92: 87 | C92: 84 | D92: 93 | E92: 95 | F92: 93 | G92: 90 | H92: 92 | I92: 94 | J92: 99 | K92: 97 | L92: 94 | M92: 98 | N92: 104 | O92: 105 | P92: 103 | Q92: 97 | R92: 100 | S92: 94 | T92: 103 | U92: 101 | V92: 102 | W92: 115 | X92: 117 | Y92: 112 | Z92: 123 | AA92: 126 | AB92: 126 | AC92: 159 | AD92: 130 | AE92: 118 | AF92: 129 | AG92: 159 | AH92: 144 | AI92: 140 | AJ92: 130 | AK92: 136 | AL92: 131 | AM92: 100 | AN92: 110 | AO92: 114 | AP92: 106 | AQ92: 91 | AR92: 102 | AS92: 94 | AT92: 100 | AU92: 107 | AV92: 114 | AW92: 113 | AX92: 110 | AY92: 108 | AZ92: 92 | BA92: 93 | BB92: 91 | BC92: 90 | BD92: 98 | BE92: 97 | BF92: 98 | BG92: 85 | BH92: 86 | BI92: 80 | BJ92: 81 | BK92: 80 | BL92: 84 | BM92: 85 | BN92: 94 | BO92: 92 | BP92: 96 | BQ92: 100 | BR92: 98 | BS92: 93 | BT92: 90 | BU92: 101 | BV92: 110 | BW92: 111 | BX92: 104 | BY92: 103 | BZ92: 95 | CA92: 104 | CB92: 92 | CC92: 104 | CD92: 106 | CE92: 92 | CF92: 91
A93: 系统大人，宿主们又惹祸儿啦！ | B93: 43 | C93: 44 | D93: 41 | E93: 41 | F93: 44 | G93: 47 | H93: 48 | I93: 47 | J93: 48 | K93: 50 | L93: 47 | M93: 64 | N93: 77 | O93: 89 | P93: 91 | Q93: 89 | R93: 78 | S93: 80 | T93: 98 | U93: 90 | V93: 85 | W93: 80 | X93: 78 | Y93: 69 | Z93: 71 | AA93: 41 | AB93: 42 | AC93: 51 | AD93: 43 | AE93: 44 | AF93: 52 | AG93: 83 | AH93: 72 | AI93: 74 | AJ93: 90 | AK93: 86 | AL93: 74 | AM93: 60 | AN93: 64 | AO93: 68 | AP93: 60 | AQ93: 59 | AR93: 67 | AS93: 66 | AT93: 67 | AU93: 57 | AV93: 44 | AW93: 45 | AX93: 44 | AY93: 43 | AZ93: 46 | BA93: 50 | BB93: 54 | BC93: 54 | BD93: 54 | BE93: 54 | BF93: 55 | BG93: 56 | BH93: 54 | BI93: 65 | BJ93: 80 | BK93: 83 | BL93: 82 | BM93: 83 | BN93: 68 | BO93: 61 | BP93: 63 | BQ93: 64 | BR93: 59 | BS93: 56 | BT93: 60 | BU93: 68 | BV93: 82 | BW93: 92 | BX93: 90 | BY93: 91 | BZ93: 93 | CA93: 89 | CB93: 90 | CC93: 91 | CD93: 88 | CE93: 86 | CF93: 92
A94: 临江二中学生论坛 | B94: 158 | C94: 162 | D94: 155 | E94: 146 | F94: 153 | G94: 147 | H94: 147 | I94: 146 | J94: 151 | K94: 151 | L94: 150 | M94: 151 | N94: 152 | O94: 167 | P94: 160 | Q94: 140 | R94: 145 | S94: 141 | T94: 144 | U94: 181 | V94: 189 | W94: 171 | X94: 149 | Y94: 153 | Z94: 147 | AA94: 154 | AB94: 147 | AC94: 144 | AD94: 135 | AE94: 128 | AF94: 120 | AG94: 123 | AH94: 117 | AI94: 114 | AJ94: 117 | AK94: 109 | AL94: 114 | AM94: 116 | AN94: 103 | AO94: 104 | AP94: 103 | AQ94: 95 | AR94: 90 | AS94: 95 | AT94: 86 | AU94: 71 | AV94: 66 | AW94: 65 | AX94: 65 | AY94: 62 | AZ94: 75 | BA94: 87 | BB94: 81 | BC94: 88 | BD94: 85 | BE94: 82 | BF94: 86 | BG94: 92 | BH94: 104 | BI94: 109 | BJ94: 113 | BK94: 117 | BL94: 113 | BM94: 117 | BN94: 111 | BO94: 116 | BP94: 118 | BQ94: 115 | BR94: 103 | BS94: 108 | BT94: 106 | BU94: 109 | BV94: 101 | BW94: 95 | BX94: 85 | BY94: 81 | BZ94: 84 | CA94: 85 | CB94: 83 | CC94: 89 | CD94: 92 | CE94: 100 | CF94: 93
A95: 帝王KPI | B95: 115 | C95: 118 | D95: 119 | E95: 120 | F95: 120 | G95: 125 | H95: 127 | I95: 134 | J95: 136 | K95: 140 | L95: 146 | M95: 147 | N95: 160 | O95: 159 | P95: 197 | R95: 196 | S95: 156 | T95: 152 | U95: 136 | V95: 119 | W95: 106 | X95: 114 | Y95: 120 | Z95: 115 | AA95: 121 | AB95: 121 | AC95: 114 | AD95: 113 | AE95: 127 | AF95: 132 | AG95: 162 | AH95: 162 | AI95: 179 | AJ95: 162 | AM95: 121 | AN95: 114 | AO95: 111 | AP95: 105 | AQ95: 111 | AR95: 95 | AS95: 98 | AT95: 102 | AU95: 97 | AV95: 97 | AW95: 100 | AX95: 87 | AY95: 79 | AZ95: 78 | BA95: 101 | BB95: 99 | BC95: 101 | BD95: 96 | BE95: 107 | BF95: 100 | BG95: 91 | BH95: 91 | BI95: 96 | BJ95: 97 | BK95: 99 | BL95: 118 | BM95: 112 | BN95: 108 | BO95: 110 | BP95: 126 | BQ95: 137 | BR95: 140 | BS95: 134 | BT95: 127 | BU95: 126 | BV95: 133 | BW95: 129 | BX95: 128 | BY95: 132 | BZ95: 126 | CA95: 129 | CB95: 123 | CC95: 107 | CD95: 104 | CE95: 91 | CF95: 94
A96: 渡前缘 | B96: 55 | C96: 46 | D96: 44 | E96: 45 | F96: 74 | G96: 75 | H96: 44 | I96: 48 | J96: 45 | K96: 73 | L96: 77 | M96: 79 | N96: 78 | O96: 83 | P96: 98 | Q96: 68 | R96: 68 | S96: 75 | T96: 78 | U96: 85 | V96: 97 | W96: 94 | X96: 93 | Y96: 99 | Z96: 84 | AA96: 114 | AB96: 119 | AC96: 124 | AD96: 119 | AE96: 112 | AF96: 97 | AG96: 67 | AH96: 71 | AI96: 67 | AJ96: 64 | AK96: 67 | AL96: 66 | AM96: 63 | AN96: 71 | AO96: 77 | AP96: 77 | AQ96: 80 | AR96: 76 | AS96: 78 | AT96: 60 | AU96: 60 | AV96: 73 | AW96: 69 | AX96: 75 | AY96: 71 | AZ96: 77 | BA96: 78 | BB96: 80 | BC96: 69 | BD96: 80 | BE96: 77 | BF96: 78 | BG96: 105 | BH96: 109 | BI96: 115 | BJ96: 120 | BK96: 110 | BL96: 116 | BM96: 115 | BN96: 107 | BO96: 112 | BP96: 62 | BQ96: 67 | BR96: 116 | BS96: 70 | BT96: 76 | BU96: 72 | BV96: 109 | BW96: 64 | BX96: 58 | BY96: 68 | BZ96: 69 | CA96: 69 | CB96: 76 | CC96: 118 | CD96: 84 | CE96: 105 | CF96: 95
A97: 谋仙渡 | B97: 67 | C97: 71 | D97: 72 | E97: 71 | F97: 72 | G97: 72 | H97: 73 | I97: 73 | J97: 73 | K97: 72 | L97: 73 | M97: 76 | N97: 76 | O97: 65 | P97: 67 | Q97: 65 | R97: 65 | S97: 65 | T97: 66 | U97: 56 | V97: 53 | W97: 49 | X97: 50 | Y97: 46 | Z97: 44 | AA97: 49 | AB97: 44 | AC97: 60 | AD97: 74 | AE97: 90 | AF97: 112 | AG97: 91 | AH97: 88 | AI97: 88 | AJ97: 71 | AK97: 70 | AL97: 78 | AM97: 72 | AN97: 84 | AO97: 62 | AP97: 67 | AQ97: 65 | AR97: 61 | AS97: 61 | AT97: 63 | AU97: 66 | AV97: 67 | AW97: 60 | AX97: 61 | AY97: 65 | AZ97: 68 | BA97: 63 | BB97: 76 | BC97: 78 | BD97: 82 | BE97: 86 | BF97: 87 | BG97: 81 | BH97: 75 | BI97: 77 | BJ97: 68 | BK97: 77 | BL97: 83 | BM97: 89 | BN97: 88 | BO97: 87 | BP97: 84 | BQ97: 86 | BR97: 80 | BS97: 83 | BT97: 78 | BU97: 73 | BV97: 97 | BW97: 102 | BX97: 110 | BY97: 105 | BZ97: 108 | CA97: 101 | CB97: 98 | CC97: 99 | CD97: 100 | CE97: 98 | CF97: 96
A98: 夏日相悖论 | B98: 84 | C98: 92 | D98: 85 | E98: 86 | F98: 86 | G98: 83 | H98: 88 | I98: 98 | J98: 80 | K98: 82 | L98: 86 | M98: 95 | N98: 102 | O98: 102 | P98: 105 | Q98: 94 | R98: 94 | S98: 89 | T98: 104 | U98: 80 | V98: 81 | W98: 89 | X98: 91 | Y98: 98 | Z98: 77 | AA98: 61 | AB98: 62 | AC98: 71 | AD98: 93 | AE98: 106 | AF98: 115 | AG98: 73 | AH98: 75 | AI98: 94 | AJ98: 107 | AK98: 115 | AL98: 106 | AM98: 113 | AN98: 134 | AO98: 140 | AP98: 153 | AQ98: 137 | AR98: 134 | AS98: 117 | AT98: 115 | AU98: 115 | AV98: 125 | AW98: 128 | AX98: 121 | AY98: 117 | AZ98: 113 | BA98: 118 | BB98: 119 | BC98: 113 | BD98: 115 | BE98: 116 | BF98: 128 | BG98: 136 | BH98: 135 | BI98: 128 | BJ98: 125 | BK98: 126 | BL98: 127 | BM98: 127 | BN98: 123 | BO98: 117 | BP98: 117 | BQ98: 119 | BR98: 120 | BS98: 102 | BT98: 94 | BU98: 103 | BV98: 112 | BW98: 115 | BX98: 107 | BY98: 115 | BZ98: 106 | CA98: 103 | CB98: 99 | CC98: 93 | CD98: 93 | CE98: 96 | CF98: 97
A99: 王府宅院多绝色 | B99: 166 | C99: 173 | D99: 169 | E99: 172 | F99: 174 | G99: 176 | H99: 175 | I99: 177 | J99: 170 | K99: 169 | L99: 174 | M99: 177 | N99: 187 | O99: 194 | Q99: 192 | R99: 160 | S99: 154 | T99: 147 | U99: 156 | V99: 166 | W99: 177 | AF99: 157 | AG99: 112 | AH99: 112 | AI99: 93 | AJ99: 81 | AK99: 84 | AL99: 91 | AM99: 93 | AN99: 97 | AO99: 86 | AP99: 86 | AQ99: 89 | AR99: 86 | AS99: 100 | AT99: 94 | AU99: 93 | AV99: 105 | AW99: 108 | AX99: 111 | AY99: 118 | AZ99: 106 | BA99: 97 | BB99: 87 | BC99: 84 | BD99: 87 | BE99: 88 | BF99: 80 | BG99: 70 | BH99: 78 | BI99: 70 | BJ99: 72 | BK99: 68 | BL99: 65 | BM99: 73 | BN99: 78 | BO99: 76 | BP99: 83 | BQ99: 81 | BR99: 87 | BS99: 84 | BT99: 85 | BU99: 74 | BV99: 74 | BW99: 78 | BX99: 80 | BY99: 77 | BZ99: 82 | CA99: 79 | CB99: 84 | CC99: 88 | CD99: 90 | CE99: 90 | CF99: 98
A100: 邻居是个阴湿男 | B100: 71 | C100: 64 | D100: 62 | E100: 60 | F100: 54 | G100: 49 | H100: 46 | I100: 44 | J100: 42 | K100: 45 | L100: 43 | M100: 45 | N100: 44 | O100: 43 | P100: 43 | Q100: 38 | R100: 34 | S100: 36 | T100: 36 | U100: 34 | V100: 31 | W100: 47 | X100: 49 | Y100: 45 | Z100: 46 | AA100: 62 | AB100: 65 | AC100: 64 | AD100: 63 | AE100: 42 | AF100: 54 | AG100: 85 | AH100: 96 | AI100: 113 | AJ100: 110 | AK100: 121 | AL100: 116 | AM100: 118 | AN100: 123 | AO100: 127 | AP100: 124 | AQ100: 122 | AR100: 147 | AS100: 138 | AT100: 134 | AU100: 126 | AV100: 113 | AW100: 114 | AX100: 104 | AY100: 107 | AZ100: 120 | BA100: 117 | BB100: 118 | BC100: 118 | BD100: 117 | BE100: 112 | BF100: 120 | BG100: 126 | BH100: 130 | BI100: 131 | BJ100: 134 | BK100: 135 | BL100: 135 | BM100: 118 | BN100: 134 | BO100: 130 | BP100: 125 | BQ100: 129 | BR100: 139 | BS100: 142 | BT100: 136 | BU100: 129 | BV100: 126 | BW100: 122 | BX100: 126 | BY100: 129 | BZ100: 129 | CA100: 132 | CB100: 129 | CC100: 110 | CD100: 107 | CE100: 99 | CF100: 99
A101: 美女进化论 | B101: 112 | C101: 111 | D101: 70 | E101: 73 | F101: 73 | G101: 71 | H101: 72 | I101: 70 | J101: 70 | K101: 69 | L101: 69 | M101: 72 | N101: 66 | O101: 69 | P101: 68 | Q101: 66 | R101: 134 | S101: 113 | T101: 91 | U101: 58 | V101: 54 | W101: 53 | X101: 22 | Y101: 19 | Z101: 17 | AA101: 18 | AB101: 14 | AC101: 14 | AD101: 7 | AE101: 6 | AF101: 4 | AG101: 5 | AH101: 6 | AI101: 6 | AJ101: 7 | AK101: 6 | AL101: 12 | AM101: 16 | AN101: 15 | AO101: 19 | AP101: 18 | AQ101: 18 | AR101: 30 | AS101: 36 | AT101: 59 | AU101: 56 | AV101: 59 | AW101: 50 | AX101: 48 | AY101: 45 | AZ101: 61 | BA101: 66 | BB101: 67 | BC101: 65 | BD101: 81 | BE101: 80 | BF101: 82 | BG101: 83 | BH101: 70 | BI101: 51 | BJ101: 64 | BK101: 74 | BL101: 74 | BM101: 47 | BN101: 46 | BO101: 50 | BP101: 53 | BQ101: 48 | BR101: 46 | BS101: 49 | BT101: 47 | BU101: 52 | BV101: 85 | BW101: 103 | BX101: 109 | BY101: 123 | BZ101: 125 | CA101: 126 | CB101: 124 | CC101: 112 | CD101: 115 | CE101: 113 | CF101: 100
A102: 王雎天下 | N102: 195 | O102: 198 | BX102: 195 | BY102: 147 | BZ102: 137 | CA102: 128 | CB102: 127 | CC102: 127 | CD102: 118 | CE102: 102 | CF102: 101
A103: 我没有在争娱女一呀 | B103: 118 | C103: 117 | D103: 118 | E103: 117 | F103: 116 | G103: 116 | H103: 119 | I103: 116 | J103: 118 | K103: 117 | L103: 115 | M103: 114 | N103: 112 | O103: 109 | P103: 106 | Q103: 108 | R103: 104 | S103: 122 | T103: 135 | U103: 182 | V103: 178 | W103: 155 | X103: 135 | Y103: 131 | Z103: 122 | AA103: 132 | AB103: 127 | AC103: 121 | AD103: 111 | AE103: 107 | AF103: 89 | AG103: 88 | AH103: 85 | AI103: 86 | AJ103: 73 | AK103: 75 | AL103: 84 | AM103: 78 | AN103: 81 | AO103: 80 | AP103: 75 | AQ103: 82 | AR103: 66 | AS103: 62 | AT103: 69 | AU103: 64 | AV103: 65 | AW103: 67 | AX103: 68 | AY103: 63 | AZ103: 66 | BA103: 68 | BB103: 61 | BC103: 67 | BD103: 65 | BE103: 65 | BF103: 67 | BG103: 72 | BH103: 74 | BI103: 75 | BJ103: 77 | BK103: 79 | BL103: 80 | BM103: 74 | BN103: 67 | BO103: 69 | BP103: 70 | BQ103: 69 | BR103: 67 | BS103: 67 | BT103: 77 | BU103: 87 | BV103: 77 | BW103: 79 | BX103: 68 | BY103: 75 | BZ103: 87 | CA103: 88 | CB103: 88 | CC103: 90 | CD103: 96 | CE103: 97 | CF103: 102
A104: 朕真不想造反啊 | B104: 95 | C104: 89 | D104: 99 | E104: 100 | F104: 98 | G104: 89 | H104: 87 | I104: 85 | J104: 85 | K104: 89 | L104: 96 | M104: 94 | N104: 88 | O104: 91 | P104: 89 | Q104: 102 | R104: 96 | S104: 93 | T104: 96 | U104: 102 | V104: 88 | W104: 88 | X104: 89 | Y104: 93 | Z104: 88 | AA104: 83 | AB104: 68 | AC104: 69 | AD104: 62 | AE104: 59 | AF104: 65 | AG104: 74 | AH104: 81 | AI104: 91 | AJ104: 118 | AK104: 120 | AL104: 129 | AM104: 103 | AN104: 105 | AO104: 99 | AP104: 94 | AQ104: 100 | AR104: 127 | AS104: 129 | AT104: 137 | AU104: 133 | AV104: 134 | AW104: 131 | AX104: 135 | AY104: 129 | AZ104: 134 | BA104: 154 | BB104: 138 | BC104: 149 | BD104: 136 | BE104: 129 | BF104: 119 | BG104: 122 | BH104: 131 | BI104: 125 | BJ104: 122 | BK104: 119 | BL104: 119 | BM104: 111 | BN104: 112 | BO104: 123 | BP104: 135 | BQ104: 125 | BR104: 129 | BS104: 126 | BT104: 128 | BU104: 131 | BV104: 128 | BW104: 124 | BX104: 117 | BY104: 116 | BZ104: 113 | CA104: 119 | CB104: 120 | CC104: 117 | CD104: 116 | CE104: 111 | CF104: 103
A105: 我亲爱的跟踪狂 | B105: 81 | C105: 87 | D105: 95 | E105: 92 | F105: 88 | G105: 88 | H105: 91 | I105: 91 | J105: 93 | K105: 95 | L105: 103 | M105: 101 | N105: 100 | O105: 96 | P105: 97 | Q105: 104 | R105: 110 | S105: 114 | T105: 126 | U105: 130 | V105: 133 | W105: 137 | X105: 142 | Y105: 155 | Z105: 163 | AA105: 147 | AB105: 136 | AC105: 133 | AD105: 129 | AE105: 123 | AF105: 121 | AG105: 122 | AH105: 125 | AI105: 134 | AJ105: 142 | AK105: 140 | AL105: 146 | AM105: 147 | AN105: 156 | AO105: 185 | AP105: 199 | AW105: 184 | AX105: 181 | AY105: 169 | AZ105: 153 | BA105: 158 | BB105: 157 | BC105: 161 | BD105: 161 | BE105: 166 | BF105: 158 | BG105: 165 | BH105: 165 | BI105: 193 | BP105: 198 | BQ105: 198 | BR105: 178 | BS105: 159 | BT105: 159 | BU105: 152 | BV105: 143 | BW105: 138 | BX105: 134 | BY105: 128 | BZ105: 120 | CA105: 118 | CB105: 112 | CC105: 98 | CD105: 97 | CE105: 101 | CF105: 104
A106: 国际女团出道战 | B106: 139 | C106: 138 | D106: 130 | E106: 130 | F106: 131 | G106: 131 | H106: 142 | I106: 133 | J106: 124 | K106: 132 | L106: 130 | M106: 129 | N106: 129 | O106: 126 | P106: 101 | Q106: 90 | R106: 82 | S106: 83 | T106: 75 | U106: 76 | V106: 70 | W106: 78 | X106: 182 | Y106: 171 | Z106: 167 | AA106: 195 | AO106: 176 | AP106: 174 | AQ106: 177 | AR106: 123 | AS106: 118 | AT106: 121 | AU106: 118 | AV106: 124 | AW106: 123 | AX106: 124 | AY106: 96 | AZ106: 86 | BA106: 88 | BB106: 112 | BC106: 115 | BD106: 118 | BE106: 124 | BF106: 121 | BG106: 123 | BH106: 133 | BI106: 126 | BJ106: 128 | BK106: 134 | BR106: 184 | BS106: 148 | BT106: 130 | BU106: 62 | BV106: 60 | BW106: 66 | BX106: 71 | BY106: 78 | BZ106: 70 | CA106: 72 | CB106: 77 | CC106: 73 | CD106: 80 | CE106: 89 | CF106: 105
A107: 绝代风华明星养成录 | B107: 124 | C107: 126 | D107: 127 | E107: 128 | F107: 130 | G107: 130 | H107: 136 | I107: 136 | J107: 140 | K107: 141 | L107: 145 | M107: 136 | N107: 147 | O107: 142 | P107: 140 | Q107: 152 | R107: 152 | S107: 153 | T107: 164 | U107: 172 | V107: 163 | W107: 150 | X107: 150 | Y107: 133 | Z107: 142 | AA107: 137 | AB107: 148 | AC107: 130 | AD107: 128 | AE107: 150 | AF107: 130 | AG107: 127 | AH107: 122 | AI107: 123 | AJ107: 115 | AK107: 124 | AL107: 137 | AM107: 130 | AN107: 133 | AO107: 124 | AP107: 123 | AQ107: 127 | AR107: 138 | AS107: 142 | AT107: 150 | AU107: 138 | AV107: 144 | AW107: 150 | AX107: 136 | AY107: 132 | AZ107: 129 | BA107: 132 | BB107: 135 | BC107: 133 | BD107: 135 | BE107: 125 | BF107: 125 | BG107: 118 | BH107: 123 | BI107: 110 | BJ107: 106 | BK107: 115 | BL107: 117 | BM107: 113 | BN107: 105 | BO107: 102 | BP107: 94 | BQ107: 91 | BR107: 90 | BS107: 101 | BT107: 91 | BU107: 97 | BV107: 81 | BW107: 89 | BX107: 97 | BY107: 97 | BZ107: 97 | CA107: 97 | CB107: 100 | CC107: 123 | CD107: 123 | CE107: 114 | CF107: 106
A108: 后宫乱芳时 | B108: 101 | C108: 104 | D108: 114 | E108: 112 | F108: 115 | G108: 112 | H108: 118 | I108: 119 | J108: 119 | K108: 118 | L108: 118 | M108: 118 | N108: 121 | O108: 122 | P108: 112 | Q108: 101 | R108: 112 | S108: 98 | T108: 95 | U108: 83 | V108: 80 | W108: 79 | X108: 74 | Y108: 72 | Z108: 73 | AA108: 70 | AB108: 73 | AC108: 74 | AD108: 73 | AE108: 80 | AF108: 73 | AG108: 114 | AH108: 110 | AI108: 97 | AJ108: 97 | AK108: 88 | AL108: 87 | AM108: 81 | AN108: 85 | AO108: 78 | AP108: 83 | AQ108: 84 | AR108: 92 | AS108: 92 | AT108: 96 | AU108: 94 | AV108: 93 | AW108: 103 | AX108: 99 | AY108: 102 | AZ108: 110 | BA108: 115 | BB108: 107 | BC108: 96 | BD108: 99 | BE108: 99 | BF108: 96 | BG108: 87 | BH108: 89 | BI108: 86 | BJ108: 86 | BK108: 87 | BL108: 86 | BM108: 80 | BN108: 79 | BO108: 81 | BP108: 82 | BQ108: 87 | BR108: 82 | BS108: 85 | BT108: 86 | BU108: 79 | BV108: 103 | BW108: 109 | BX108: 106 | BY108: 106 | BZ108: 102 | CA108: 93 | CB108: 94 | CC108: 97 | CD108: 99 | CE108: 108 | CF108: 107
A109: 偏执大佬的金丝雀 | B109: 187 | C109: 184 | D109: 147 | E109: 149 | F109: 149 | G109: 152 | H109: 151 | I109: 149 | J109: 150 | K109: 152 | L109: 151 | M109: 148 | N109: 148 | O109: 149 | P109: 165 | Q109: 173 | S109: 185 | T109: 182 | U109: 168 | V109: 174 | AA109: 144 | AE109: 129 | AF109: 135 | AG109: 138 | AH109: 149 | AI109: 151 | AJ109: 157 | AK109: 143 | AL109: 141 | AM109: 149 | AN109: 140 | AO109: 158 | AP109: 157 | AQ109: 155 | AR109: 166 | AS109: 166 | AT109: 175 | AU109: 163 | AV109: 145 | AW109: 146 | AX109: 148 | AY109: 160 | AZ109: 171 | BA109: 167 | BB109: 169 | BC109: 147 | BD109: 144 | BE109: 149 | BF109: 154 | BG109: 153 | BH109: 148 | BI109: 161 | BJ109: 167 | BK109: 173 | BL109: 166 | BM109: 157 | BN109: 149 | BO109: 153 | BP109: 140 | BQ109: 186 | BR109: 193 | BS109: 181 | BT109: 172 | BU109: 169 | BV109: 150 | BW109: 153 | BX109: 163 | BY109: 154 | BZ109: 159 | CA109: 168 | CB109: 116 | CC109: 100 | CD109: 98 | CE109: 103 | CF109: 108
A110: 诱君多采撷 | B110: 88 | C110: 94 | D110: 96 | E110: 97 | F110: 96 | G110: 93 | H110: 93 | I110: 89 | J110: 86 | K110: 85 | L110: 84 | M110: 86 | N110: 84 | O110: 85 | P110: 99 | Q110: 92 | R110: 98 | S110: 96 | T110: 107 | U110: 103 | V110: 115 | W110: 110 | X110: 112 | Y110: 127 | Z110: 130 | AA110: 120 | AB110: 125 | AC110: 163 | AD110: 123 | AE110: 109 | AF110: 110 | AG110: 98 | AH110: 99 | AI110: 89 | AJ110: 91 | AK110: 102 | AL110: 113 | AM110: 112 | AN110: 119 | AO110: 112 | AP110: 114 | AQ110: 119 | AR110: 130 | AS110: 131 | AT110: 123 | AU110: 124 | AV110: 131 | AW110: 133 | AX110: 127 | AY110: 127 | AZ110: 117 | BA110: 124 | BB110: 127 | BC110: 131 | BD110: 124 | BE110: 122 | BF110: 117 | BG110: 130 | BH110: 126 | BI110: 113 | BJ110: 108 | BK110: 111 | BL110: 108 | BM110: 106 | BN110: 98 | BO110: 93 | BP110: 92 | BQ110: 94 | BR110: 91 | BS110: 90 | BT110: 89 | BU110: 89 | BV110: 94 | BW110: 100 | BX110: 112 | BY110: 112 | BZ110: 105 | CA110: 121 | CB110: 125 | CC110: 115 | CD110: 105 | CE110: 106 | CF110: 109
A111: 璀璨都市物语 | B111: 132 | C111: 137 | D111: 128 | E111: 133 | F111: 137 | G111: 138 | H111: 134 | I111: 143 | J111: 144 | K111: 138 | L111: 136 | M111: 135 | N111: 135 | O111: 133 | P111: 139 | Q111: 119 | R111: 132 | S111: 119 | T111: 117 | U111: 112 | V111: 117 | W111: 103 | X111: 99 | Y111: 84 | Z111: 91 | AA111: 97 | AB111: 102 | AC111: 96 | AD111: 97 | AE111: 74 | AF111: 86 | AG111: 105 | AH111: 111 | AI111: 106 | AJ111: 104 | AK111: 106 | AL111: 108 | AM111: 107 | AN111: 118 | AO111: 100 | AP111: 98 | AQ111: 109 | AR111: 103 | AS111: 106 | AT111: 111 | AU111: 110 | AV111: 106 | AW111: 116 | AX111: 115 | AY111: 116 | AZ111: 104 | BA111: 111 | BB111: 109 | BC111: 106 | BD111: 109 | BE111: 106 | BF111: 107 | BG111: 104 | BH111: 105 | BI111: 104 | BJ111: 98 | BK111: 97 | BL111: 99 | BM111: 100 | BN111: 100 | BO111: 108 | BP111: 108 | BQ111: 110 | BR111: 113 | BS111: 111 | BT111: 113 | BU111: 111 | BV111: 114 | BW111: 113 | BX111: 111 | BY111: 104 | BZ111: 103 | CA111: 106 | CB111: 105 | CC111: 102 | CD111: 108 | CE111: 109 | CF111: 110
A112: 缠梦症 | B112: 99 | C112: 96 | D112: 89 | E112: 87 | F112: 87 | G112: 86 | H112: 84 | I112: 87 | J112: 94 | K112: 86 | L112: 83 | M112: 82 | N112: 85 | O112: 82 | P112: 79 | Q112: 103 | R112: 107 | S112: 102 | T112: 102 | U112: 89 | V112: 91 | W112: 100 | X112: 96 | Y112: 102 | Z112: 96 | AA112: 89 | AB112: 105 | AC112: 111 | AD112: 109 | AE112: 104 | AF112: 109 | AG112: 102 | AH112: 101 | AI112: 112 | AJ112: 92 | AK112: 100 | AL112: 112 | AM112: 115 | AN112: 111 | AO112: 108 | AP112: 101 | AQ112: 93 | AR112: 110 | AS112: 114 | AT112: 112 | AU112: 116 | AV112: 104 | AW112: 94 | AX112: 100 | AY112: 105 | AZ112: 101 | BA112: 105 | BB112: 104 | BC112: 111 | BD112: 108 | BE112: 104 | BF112: 108 | BG112: 110 | BH112: 112 | BI112: 117 | BJ112: 124 | BK112: 114 | BL112: 105 | BM112: 108 | BN112: 115 | BO112: 101 | BP112: 99 | BQ112: 96 | BR112: 93 | BS112: 95 | BT112: 97 | BU112: 107 | BV112: 104 | BW112: 106 | BX112: 100 | BY112: 109 | BZ112: 114 | CA112: 107 | CB112: 104 | CC112: 111 | CD112: 113 | CE112: 118 | CF112: 111
A113: 吞噬：Swallow | B113: 119 | C113: 115 | D113: 113 | E113: 114 | F113: 113 | G113: 103 | H113: 104 | I113: 100 | J113: 87 | K113: 93 | L113: 93 | M113: 92 | N113: 93 | O113: 90 | P113: 104 | Q113: 95 | R113: 92 | S113: 84 | T113: 86 | U113: 97 | V113: 94 | W113: 95 | X113: 101 | Y113: 129 | Z113: 101 | AA113: 86 | AB113: 99 | AC113: 78 | AD113: 91 | AE113: 85 | AF113: 71 | AG113: 82 | AH113: 89 | AI113: 71 | AJ113: 85 | AK113: 69 | AL113: 62 | AM113: 65 | AN113: 80 | AO113: 85 | AP113: 93 | AQ113: 96 | AR113: 113 | AS113: 123 | AT113: 122 | AU113: 123 | AV113: 117 | AW113: 120 | AX113: 112 | AY113: 114 | AZ113: 118 | BA113: 128 | BB113: 117 | BC113: 116 | BD113: 113 | BE113: 115 | BF113: 111 | BG113: 108 | BH113: 110 | BI113: 119 | BJ113: 115 | BK113: 123 | BL113: 126 | BM113: 121 | BN113: 114 | BO113: 109 | BP113: 115 | BQ113: 114 | BR113: 114 | BS113: 115 | BT113: 112 | BU113: 108 | BV113: 100 | BW113: 97 | BX113: 101 | BY113: 96 | BZ113: 99 | CA113: 108 | CB113: 101 | CC113: 108 | CD113: 109 | CE113: 112 | CF113: 112
A114: 反派师尊孕期出逃 | B114: 135 | C114: 127 | D114: 135 | E114: 135 | F114: 133 | G114: 134 | H114: 132 | I114: 135 | J114: 137 | K114: 137 | L114: 135 | M114: 134 | N114: 138 | O114: 139 | P114: 148 | Q114: 169 | R114: 158 | S114: 182 | T114: 187 | U114: 176 | V114: 182 | W114: 182 | X114: 165 | Y114: 164 | Z114: 162 | AA114: 174 | AB114: 172 | AC114: 181 | AD114: 182 | AE114: 192 | AF114: 179 | AG114: 194 | AH114: 193 | AI114: 163 | AJ114: 136 | AK114: 149 | AL114: 151 | AM114: 157 | AN114: 159 | AO114: 159 | AP114: 140 | AQ114: 147 | AR114: 140 | AS114: 147 | AT114: 151 | AU114: 151 | AV114: 158 | AW114: 149 | AX114: 128 | AY114: 138 | AZ114: 142 | BA114: 142 | BB114: 134 | BC114: 139 | BD114: 140 | BE114: 141 | BF114: 144 | BG114: 142 | BH114: 147 | BI114: 157 | BJ114: 154 | BK114: 188 | BU114: 189 | BV114: 174 | BW114: 162 | BX114: 146 | BY114: 135 | BZ114: 132 | CA114: 131 | CB114: 130 | CC114: 109 | CD114: 111 | CE114: 104 | CF114: 113
A115: 聚光灯后 | B115: 126 | C115: 123 | D115: 121 | E115: 122 | F115: 121 | G115: 122 | H115: 123 | I115: 123 | J115: 122 | K115: 124 | L115: 123 | M115: 121 | N115: 117 | O115: 119 | P115: 107 | Q115: 115 | R115: 119 | S115: 123 | T115: 122 | U115: 117 | V115: 110 | W115: 63 | X115: 65 | Y115: 52 | Z115: 89 | AA115: 109 | AB115: 116 | AC115: 123 | AD115: 122 | AE115: 119 | AF115: 128 | AG115: 111 | AH115: 114 | AI115: 108 | AJ115: 89 | AK115: 90 | AL115: 100 | AM115: 97 | AN115: 94 | AO115: 94 | AP115: 90 | AQ115: 90 | AR115: 87 | AS115: 86 | AT115: 98 | AU115: 89 | AV115: 85 | AW115: 85 | AX115: 83 | AY115: 89 | AZ115: 83 | BA115: 81 | BB115: 84 | BC115: 76 | BD115: 76 | BE115: 78 | BF115: 76 | BG115: 74 | BH115: 83 | BI115: 82 | BJ115: 74 | BK115: 75 | BL115: 69 | BM115: 75 | BN115: 82 | BO115: 78 | BP115: 79 | BQ115: 76 | BR115: 76 | BS115: 73 | BT115: 79 | BU115: 75 | BV115: 73 | BW115: 72 | BX115: 79 | BY115: 89 | BZ115: 89 | CA115: 92 | CB115: 96 | CC115: 96 | CD115: 103 | CE115: 115 | CF115: 114
A116: 吵闹的104号房间 | B116: 160 | C116: 150 | D116: 134 | E116: 136 | F116: 132 | G116: 133 | H116: 130 | I116: 128 | J116: 129 | K116: 125 | L116: 128 | M116: 124 | N116: 123 | O116: 121 | P116: 117 | Q116: 120 | R116: 123 | S116: 115 | T116: 106 | U116: 106 | V116: 107 | W116: 113 | X116: 92 | Y116: 81 | Z116: 76 | AA116: 69 | AB116: 104 | AC116: 77 | AD116: 68 | AE116: 58 | AF116: 68 | AG116: 53 | AH116: 53 | AI116: 62 | AJ116: 58 | AK116: 80 | AL116: 93 | AM116: 98 | AN116: 106 | AO116: 83 | AP116: 65 | AQ116: 77 | AR116: 78 | AS116: 90 | AT116: 87 | AU116: 101 | AV116: 103 | AW116: 121 | AX116: 105 | AY116: 120 | AZ116: 115 | BA116: 112 | BB116: 128 | BC116: 137 | BD116: 139 | BE116: 132 | BF116: 132 | BG116: 117 | BH116: 119 | BI116: 124 | BJ116: 127 | BK116: 143 | BL116: 136 | BM116: 124 | BN116: 132 | BO116: 129 | BP116: 128 | BQ116: 128 | BR116: 133 | BS116: 138 | BT116: 140 | BU116: 135 | BV116: 134 | BW116: 133 | BX116: 129 | BY116: 117 | BZ116: 111 | CA116: 115 | CB116: 110 | CC116: 106 | CD116: 101 | CE116: 107 | CF116: 115
A117: 青梅折枝意 | B117: 73 | C117: 67 | D117: 78 | E117: 78 | F117: 78 | G117: 78 | H117: 78 | I117: 79 | J117: 78 | K117: 78 | L117: 75 | M117: 74 | N117: 72 | O117: 71 | P117: 65 | Q117: 73 | R117: 73 | S117: 76 | T117: 70 | U117: 73 | V117: 78 | W117: 75 | X117: 94 | Y117: 97 | Z117: 98 | AA117: 101 | AB117: 109 | AC117: 118 | AD117: 116 | AE117: 114 | AF117: 94 | AG117: 132 | AH117: 93 | AI117: 129 | AJ117: 129 | AK117: 127 | AL117: 128 | AM117: 137 | AN117: 138 | AO117: 137 | AP117: 156 | AQ117: 154 | AR117: 149 | AS117: 150 | AT117: 144 | AU117: 154 | AV117: 141 | AW117: 99 | AX117: 97 | AY117: 99 | AZ117: 105 | BA117: 98 | BB117: 97 | BC117: 94 | BD117: 95 | BE117: 94 | BF117: 115 | BG117: 90 | BH117: 90 | BI117: 101 | BJ117: 101 | BK117: 95 | BL117: 97 | BM117: 93 | BN117: 116 | BO117: 106 | BP117: 112 | BQ117: 116 | BR117: 118 | BS117: 124 | BT117: 123 | BU117: 130 | BV117: 119 | BW117: 121 | BX117: 121 | BY117: 119 | BZ117: 104 | CA117: 98 | CB117: 103 | CC117: 114 | CD117: 112 | CE117: 117 | CF117: 116
A118: idolux：在？一起搞个顶流 | D118: 142 | E118: 147 | F118: 148 | G118: 151 | H118: 148 | I118: 147 | J118: 148 | K118: 147 | L118: 152 | M118: 153 | N118: 143 | O118: 147 | P118: 191 | Q118: 178 | R118: 193 | S118: 195 | AH118: 165 | AI118: 165 | AM118: 161 | AN118: 187 | AO118: 181 | AP118: 189 | AQ118: 195 | AV118: 187 | AW118: 190 | AX118: 187 | AZ118: 184 | BN118: 120 | BO118: 122 | BP118: 120 | BQ118: 109 | BR118: 115 | BS118: 107 | BT118: 98 | BU118: 94 | BV118: 75 | BW118: 69 | BX118: 67 | BY118: 65 | BZ118: 68 | CA118: 99 | CB118: 113 | CC118: 105 | CD118: 117 | CE118: 116 | CF118: 117
A119: 无情道在逃毕业生 | B119: 123 | C119: 131 | D119: 140 | E119: 140 | F119: 144 | G119: 144 | H119: 144 | I119: 142 | J119: 145 | K119: 146 | L119: 148 | M119: 154 | N119: 149 | O119: 148 | P119: 156 | Q119: 141 | R119: 139 | S119: 136 | T119: 130 | U119: 141 | V119: 141 | W119: 164 | X119: 163 | Y119: 166 | Z119: 164 | AA119: 149 | AB119: 134 | AC119: 127 | AD119: 125 | AE119: 138 | AF119: 158 | AG119: 164 | AH119: 154 | AI119: 142 | AJ119: 148 | AK119: 122 | AL119: 124 | AM119: 124 | AN119: 122 | AO119: 123 | AP119: 121 | AQ119: 125 | AR119: 129 | AS119: 119 | AT119: 116 | AU119: 113 | AV119: 115 | AW119: 102 | AX119: 108 | AY119: 97 | AZ119: 102 | BA119: 107 | BB119: 111 | BC119: 103 | BD119: 103 | BE119: 100 | BF119: 95 | BG119: 98 | BH119: 102 | BI119: 106 | BJ119: 111 | BK119: 106 | BL119: 121 | BM119: 126 | BN119: 119 | BO119: 118 | BP119: 119 | BQ119: 127 | BR119: 127 | BS119: 127 | BT119: 129 | BU119: 128 | BV119: 127 | BW119: 120 | BX119: 118 | BY119: 126 | BZ119: 121 | CA119: 125 | CB119: 131 | CC119: 122 | CD119: 124 | CE119: 128 | CF119: 118
A120: 宫斗101 | B120: 80 | C120: 88 | D120: 92 | E120: 96 | F120: 94 | G120: 106 | H120: 112 | I120: 114 | J120: 117 | K120: 119 | L120: 121 | M120: 126 | N120: 124 | O120: 131 | P120: 161 | Q120: 188 | R120: 141 | S120: 145 | T120: 156 | U120: 129 | V120: 122 | W120: 121 | X120: 111 | Y120: 106 | Z120: 106 | AA120: 104 | AB120: 118 | AC120: 92 | AD120: 87 | AE120: 81 | AF120: 98 | AG120: 118 | AH120: 105 | AI120: 107 | AJ120: 98 | AK120: 92 | AL120: 80 | AM120: 76 | AN120: 76 | AO120: 89 | AP120: 84 | AQ120: 88 | AR120: 91 | AS120: 79 | AT120: 84 | AU120: 82 | AV120: 95 | AW120: 105 | AX120: 116 | AY120: 94 | AZ120: 109 | BA120: 109 | BB120: 102 | BC120: 117 | BD120: 119 | BE120: 103 | BF120: 102 | BG120: 97 | BH120: 96 | BI120: 91 | BJ120: 84 | BK120: 84 | BL120: 91 | BM120: 86 | BN120: 86 | BO120: 80 | BP120: 76 | BQ120: 74 | BR120: 69 | BS120: 80 | BT120: 84 | BU120: 76 | BV120: 91 | BW120: 94 | BX120: 99 | BY120: 99 | BZ120: 94 | CA120: 96 | CB120: 95 | CC120: 101 | CD120: 110 | CE120: 123 | CF120: 119
A121: 闪耀48区 | B121: 136 | C121: 135 | D121: 172 | E121: 127 | F121: 129 | G121: 129 | H121: 126 | I121: 125 | J121: 131 | K121: 133 | L121: 137 | M121: 146 | N121: 184 | O121: 145 | P121: 131 | Q121: 132 | R121: 127 | T121: 151 | AC121: 184 | AD121: 180 | AE121: 143 | AF121: 91 | AG121: 101 | AH121: 100 | AI121: 99 | AJ121: 83 | AK121: 49 | AL121: 48 | AM121: 51 | AN121: 50 | AO121: 48 | AP121: 50 | AQ121: 50 | AR121: 52 | AS121: 56 | AT121: 62 | AU121: 62 | AV121: 63 | AW121: 54 | AX121: 60 | AY121: 61 | AZ121: 108 | BA121: 116 | BB121: 139 | BC121: 135 | BD121: 133 | BE121: 134 | BF121: 138 | BG121: 124 | BH121: 120 | BI121: 122 | BJ121: 137 | BK121: 128 | BL121: 134 | BM121: 138 | BN121: 92 | BO121: 95 | BP121: 90 | BQ121: 85 | BR121: 94 | BS121: 128 | BT121: 96 | BU121: 100 | BV121: 107 | BW121: 105 | BX121: 102 | BY121: 98 | BZ121: 141 | CA121: 142 | CB121: 107 | CC121: 166 | CD121: 180 | CE121: 119 | CF121: 120
A122: 仙履奇谈 | B122: 117 | C122: 120 | D122: 60 | E122: 61 | F122: 59 | G122: 58 | H122: 58 | I122: 54 | J122: 51 | K122: 52 | L122: 50 | M122: 56 | N122: 52 | O122: 51 | P122: 69 | Q122: 61 | R122: 48 | S122: 48 | T122: 55 | U122: 46 | V122: 36 | W122: 30 | X122: 32 | Y122: 29 | Z122: 27 | AA122: 26 | AB122: 26 | AC122: 44 | AD122: 44 | AE122: 39 | AF122: 29 | AG122: 52 | AH122: 57 | AI122: 68 | AJ122: 102 | AK122: 105 | AL122: 89 | AM122: 71 | AN122: 63 | AO122: 81 | AP122: 81 | AQ122: 78 | AR122: 82 | AS122: 81 | AT122: 91 | AU122: 95 | AV122: 96 | AW122: 101 | AX122: 122 | AY122: 121 | AZ122: 132 | BA122: 141 | BB122: 166 | BC122: 167 | BD122: 187 | BE122: 191 | BF122: 173 | BG122: 179 | BH122: 190 | BI122: 186 | BJ122: 169 | BK122: 158 | BL122: 150 | BM122: 137 | BN122: 128 | BO122: 126 | BP122: 123 | BQ122: 120 | BR122: 125 | BS122: 118 | BT122: 120 | BU122: 117 | BV122: 116 | BW122: 108 | BX122: 113 | BY122: 111 | BZ122: 122 | CA122: 120 | CB122: 121 | CC122: 124 | CD122: 114 | CE122: 110 | CF122: 121
A123: 危情都市 | B123: 35 | C123: 41 | D123: 46 | E123: 51 | F123: 51 | G123: 67 | H123: 74 | I123: 75 | J123: 88 | K123: 96 | L123: 97 | M123: 110 | N123: 111 | O123: 110 | P123: 111 | Q123: 135 | R123: 128 | S123: 130 | T123: 133 | U123: 151 | V123: 147 | W123: 159 | X123: 157 | Y123: 140 | Z123: 126 | AA123: 130 | AB123: 113 | AC123: 128 | AD123: 118 | AE123: 135 | AF123: 85 | AG123: 46 | AH123: 46 | AI123: 38 | AJ123: 48 | AK123: 43 | AL123: 45 | AM123: 43 | AN123: 37 | AO123: 44 | AP123: 41 | AQ123: 42 | AR123: 42 | AS123: 48 | AT123: 49 | AU123: 44 | AV123: 50 | AW123: 53 | AX123: 52 | AY123: 52 | AZ123: 57 | BA123: 57 | BB123: 65 | BC123: 83 | BD123: 70 | BE123: 74 | BF123: 79 | BG123: 99 | BH123: 98 | BI123: 94 | BJ123: 95 | BK123: 94 | BL123: 94 | BM123: 96 | BN123: 104 | BO123: 115 | BP123: 113 | BQ123: 117 | BR123: 122 | BS123: 122 | BT123: 124 | BU123: 124 | BV123: 123 | BW123: 132 | BX123: 135 | BY123: 139 | BZ123: 139 | CA123: 135 | CB123: 122 | CC123: 141 | CD123: 127 | CE123: 130 | CF123: 122
A124: 404区 | BV124: 176 | BW124: 164 | BX124: 155 | BY124: 145 | BZ124: 135 | CA124: 136 | CB124: 132 | CC124: 113 | CD124: 121 | CE124: 125 | CF124: 123
A125: 我亲爱的Demon | B125: 178 | C125: 164 | D125: 168 | E125: 168 | F125: 162 | G125: 163 | H125: 157 | I125: 153 | J125: 146 | K125: 145 | L125: 133 | M125: 131 | N125: 130 | O125: 137 | P125: 133 | Q125: 138 | R125: 149 | S125: 143 | T125: 161 | U125: 155 | V125: 139 | W125: 160 | X125: 177 | AF125: 155 | AG125: 133 | AH125: 138 | AI125: 175 | AJ125: 168 | AK125: 152 | AL125: 160 | AM125: 167 | AN125: 176 | AO125: 168 | AP125: 161 | AQ125: 163 | AR125: 181 | AS125: 185 | AT125: 187 | AU125: 178 | AV125: 196 | AW125: 187 | AX125: 174 | AY125: 180 | AZ125: 181 | BA125: 178 | BB125: 178 | BC125: 191 | BD125: 192 | BE125: 195 | BF125: 193 | BG125: 198 | BH125: 187 | BI125: 191 | BJ125: 195 | BK125: 192 | BL125: 182 | BM125: 190 | BN125: 153 | BO125: 136 | BP125: 130 | BQ125: 133 | BR125: 126 | BS125: 121 | BT125: 114 | BU125: 119 | BV125: 111 | BW125: 114 | BX125: 115 | BY125: 110 | BZ125: 115 | CA125: 112 | CB125: 119 | CC125: 120 | CD125: 120 | CE125: 127 | CF125: 124
A126: 顶流一代 | B126: 110 | C126: 107 | D126: 88 | E126: 90 | F126: 89 | G126: 94 | H126: 96 | I126: 117 | J126: 102 | K126: 116 | L126: 116 | M126: 91 | N126: 94 | O126: 97 | P126: 121 | Q126: 134 | R126: 136 | S126: 139 | T126: 141 | U126: 142 | V126: 149 | W126: 143 | X126: 143 | Y126: 135 | Z126: 138 | AA126: 113 | AB126: 117 | AC126: 109 | AD126: 105 | AE126: 98 | AF126: 124 | AG126: 126 | AH126: 131 | AI126: 118 | AJ126: 119 | AK126: 114 | AL126: 104 | AM126: 106 | AN126: 99 | AO126: 110 | AP126: 111 | AQ126: 117 | AR126: 116 | AS126: 116 | AT126: 113 | AU126: 112 | AV126: 111 | AW126: 115 | AX126: 114 | AY126: 87 | AZ126: 88 | BA126: 103 | BB126: 105 | BC126: 109 | BD126: 107 | BE126: 111 | BF126: 105 | BG126: 106 | BH126: 111 | BI126: 112 | BJ126: 117 | BK126: 122 | BL126: 114 | BM126: 119 | BN126: 117 | BO126: 113 | BP126: 109 | BQ126: 113 | BR126: 117 | BS126: 116 | BT126: 111 | BU126: 115 | BV126: 105 | BW126: 104 | BX126: 105 | BY126: 100 | BZ126: 100 | CA126: 102 | CB126: 111 | CC126: 126 | CD126: 126 | CE126: 120 | CF126: 125
A127: 请只注视我 | B127: 154 | C127: 154 | D127: 154 | E127: 152 | F127: 150 | G127: 143 | H127: 146 | I127: 141 | J127: 135 | K127: 144 | L127: 144 | M127: 143 | N127: 132 | O127: 132 | P127: 135 | Q127: 136 | R127: 133 | S127: 133 | T127: 123 | U127: 127 | V127: 126 | W127: 131 | X127: 146 | Y127: 189 | Z127: 176 | AA127: 168 | AR127: 183 | AS127: 169 | AT127: 153 | AU127: 146 | AV127: 147 | AW127: 147 | AX127: 140 | AY127: 141 | AZ127: 141 | BA127: 143 | BB127: 151 | BC127: 153 | BD127: 155 | BE127: 154 | BF127: 146 | BG127: 159 | BH127: 143 | BI127: 141 | BJ127: 133 | BK127: 131 | BL127: 139 | BM127: 134 | BN127: 131 | BO127: 133 | BP127: 134 | BQ127: 124 | BR127: 131 | BS127: 132 | BT127: 133 | BU127: 138 | BV127: 152 | BW127: 155 | BX127: 170 | BY127: 164 | BZ127: 171 | CA127: 151 | CB127: 149 | CC127: 125 | CD127: 125 | CE127: 122 | CF127: 126
A128: 金珠遗梦 | B128: 61 | C128: 63 | D128: 58 | E128: 58 | F128: 57 | G128: 54 | H128: 62 | I128: 62 | J128: 59 | K128: 53 | L128: 54 | M128: 53 | N128: 34 | O128: 60 | P128: 75 | Q128: 91 | R128: 52 | S128: 106 | T128: 73 | U128: 88 | V128: 93 | W128: 133 | X128: 136 | Y128: 130 | Z128: 135 | AA128: 123 | AB128: 124 | AC128: 115 | AD128: 114 | AE128: 113 | AF128: 106 | AG128: 108 | AH128: 107 | AI128: 95 | AJ128: 87 | AK128: 87 | AL128: 98 | AM128: 95 | AN128: 91 | AO128: 90 | AP128: 87 | AQ128: 57 | AR128: 59 | AS128: 57 | AT128: 58 | AU128: 58 | AV128: 58 | AW128: 58 | AX128: 58 | AY128: 110 | AZ128: 62 | BA128: 67 | BB128: 82 | BC128: 80 | BD128: 73 | BE128: 71 | BF128: 71 | BG128: 76 | BH128: 71 | BI128: 67 | BJ128: 78 | BK128: 65 | BL128: 62 | BM128: 59 | BN128: 62 | BO128: 58 | BP128: 55 | BQ128: 57 | BR128: 57 | BS128: 61 | BT128: 58 | BU128: 57 | BV128: 59 | BW128: 60 | BX128: 70 | BY128: 84 | BZ128: 107 | CA128: 116 | CB128: 117 | CC128: 121 | CD128: 122 | CE128: 124 | CF128: 127
A129: 攀枝 | N129: 196 | O129: 188 | P129: 168 | W129: 180 | X129: 133 | Y129: 132 | Z129: 145 | AB129: 135 | AD129: 192 | AE129: 194 | AF129: 165 | AG129: 182 | AH129: 181 | AI129: 187 | AL129: 197 | AN129: 173 | AO129: 167 | AP129: 158 | AQ129: 153 | AR129: 125 | AS129: 132 | AT129: 176 | AU129: 173 | AV129: 182 | AW129: 189 | AX129: 198 | BK129: 185 | BL129: 189 | BM129: 177 | BN129: 177 | BO129: 188 | BV129: 160 | BW129: 168 | BX129: 152 | BY129: 142 | BZ129: 153 | CA129: 146 | CB129: 146 | CC129: 136 | CD129: 134 | CE129: 126 | CF129: 128
A130: 皇后是只狐狸精 | B130: 121 | C130: 122 | D130: 146 | E130: 156 | F130: 154 | G130: 149 | H130: 150 | I130: 155 | J130: 152 | K130: 120 | L130: 120 | M130: 119 | N130: 120 | O130: 120 | P130: 116 | Q130: 109 | R130: 109 | S130: 103 | T130: 100 | U130: 108 | V130: 105 | W130: 99 | X130: 102 | Y130: 91 | Z130: 86 | AA130: 85 | AB130: 81 | AC130: 112 | AD130: 99 | AE130: 108 | AF130: 103 | AG130: 110 | AH130: 129 | AI130: 132 | AJ130: 112 | AK130: 113 | AL130: 109 | AM130: 114 | AN130: 125 | AO130: 130 | AP130: 131 | AQ130: 131 | AR130: 144 | AS130: 152 | AT130: 156 | AU130: 147 | AV130: 163 | AW130: 165 | AX130: 168 | AY130: 194 | BB130: 186 | BC130: 189 | BD130: 171 | BE130: 169 | BF130: 168 | BG130: 164 | BH130: 118 | BI130: 118 | BJ130: 118 | BK130: 121 | BL130: 107 | BM130: 107 | BN130: 101 | BO130: 99 | BP130: 103 | BQ130: 98 | BR130: 99 | BS130: 98 | BT130: 101 | BU130: 105 | BV130: 118 | BW130: 110 | BX130: 114 | BY130: 114 | BZ130: 109 | CA130: 109 | CB130: 115 | CC130: 116 | CD130: 119 | CE130: 121 | CF130: 129
A131: 玉台旧事 | P131: 170 | Q131: 171 | R131: 157 | X131: 191 | Y131: 182 | Z131: 179 | AC131: 195 | BU131: 188 | BV131: 179 | BW131: 183 | BX131: 181 | BY131: 171 | BZ131: 168 | CA131: 154 | CB131: 154 | CC131: 138 | CD131: 135 | CE131: 129 | CF131: 130
A132: 攻略暴君后我死遁了 | B132: 92 | C132: 98 | D132: 103 | E132: 103 | F132: 90 | G132: 87 | H132: 86 | I132: 83 | J132: 95 | K132: 101 | L132: 106 | M132: 113 | N132: 114 | O132: 116 | P132: 125 | Q132: 106 | R132: 102 | S132: 105 | T132: 114 | U132: 110 | V132: 156 | W132: 176 | Y132: 177 | Z132: 174 | AA132: 167 | AB132: 167 | AC132: 168 | AH132: 174 | AI132: 146 | AJ132: 145 | AK132: 132 | AL132: 102 | AM132: 108 | AN132: 107 | AO132: 102 | AP132: 113 | AQ132: 110 | AR132: 114 | AS132: 109 | AT132: 107 | AU132: 106 | AV132: 107 | AW132: 110 | AX132: 107 | AY132: 111 | AZ132: 123 | BA132: 119 | BB132: 115 | BC132: 107 | BD132: 97 | BE132: 102 | BF132: 106 | BG132: 120 | BH132: 124 | BI132: 130 | BJ132: 129 | BK132: 129 | BL132: 140 | BM132: 143 | BN132: 167 | BO132: 197 | BT132: 191 | BV132: 177 | BW132: 188 | BX132: 168 | BY132: 165 | BZ132: 151 | CA132: 141 | CB132: 143 | CC132: 132 | CD132: 130 | CE132: 132 | CF132: 131
A133: ★天道模拟器 | B133: 146 | C133: 133 | D133: 141 | E133: 142 | F133: 142 | G133: 141 | H133: 143 | I133: 138 | J133: 123 | K133: 122 | L133: 126 | M133: 120 | N133: 116 | O133: 117 | P133: 114 | Q133: 129 | R133: 124 | S133: 120 | T133: 116 | U133: 118 | V133: 108 | W133: 118 | X133: 126 | Y133: 122 | Z133: 121 | AA133: 112 | AB133: 82 | AC133: 105 | AD133: 112 | AE133: 97 | AF133: 104 | AG133: 128 | AH133: 135 | AI133: 122 | AJ133: 128 | AK133: 111 | AL133: 101 | AM133: 104 | AN133: 109 | AO133: 115 | AP133: 117 | AQ133: 113 | AR133: 117 | AS133: 104 | AT133: 110 | AU133: 86 | AV133: 89 | AW133: 93 | AX133: 103 | AY133: 106 | AZ133: 112 | BA133: 94 | BB133: 93 | BC133: 93 | BD133: 92 | BE133: 87 | BF133: 88 | BG133: 80 | BH133: 85 | BI133: 83 | BJ133: 83 | BK133: 85 | BL133: 87 | BM133: 84 | BN133: 95 | BO133: 100 | BP133: 110 | BQ133: 105 | BR133: 109 | BS133: 117 | BT133: 118 | BU133: 125 | BV133: 137 | BW133: 141 | BX133: 138 | BY133: 137 | BZ133: 136 | CA133: 140 | CB133: 141 | CC133: 133 | CD133: 137 | CE133: 138 | CF133: 132
A134: 乌山四中狐狸食人事件 | B134: 138 | C134: 141 | D134: 170 | E134: 175 | F134: 176 | G134: 178 | H134: 181 | I134: 190 | J134: 188 | K134: 193 | P134: 196 | Q134: 198 | S134: 191 | Z134: 190 | AX134: 199 | AY134: 181 | AZ134: 198 | BA134: 182 | BB134: 193 | BC134: 199 | BD134: 189 | BE134: 180 | BF134: 185 | BG134: 199 | BQ134: 197 | BT134: 195 | BU134: 197 | BV134: 200 | BW134: 193 | BX134: 200 | BY134: 160 | BZ134: 169 | CA134: 169 | CB134: 163 | CC134: 144 | CD134: 138 | CE134: 131 | CF134: 133
A135: 幼主本纪 | B135: 129 | C135: 129 | D135: 132 | E135: 129 | F135: 128 | G135: 127 | H135: 129 | I135: 129 | J135: 130 | K135: 130 | L135: 131 | M135: 132 | N135: 141 | O135: 143 | P135: 138 | Q135: 122 | R135: 118 | S135: 127 | T135: 146 | U135: 144 | V135: 143 | W135: 158 | X135: 162 | Y135: 162 | Z135: 155 | AA135: 199 | AB135: 189 | AC135: 193 | AF135: 162 | AG135: 166 | AH135: 178 | AI135: 183 | AJ135: 183 | AK135: 194 | AL135: 176 | AM135: 188 | AN135: 189 | AO135: 172 | AP135: 135 | AQ135: 134 | AR135: 131 | AS135: 135 | AT135: 133 | AU135: 136 | AV135: 133 | AW135: 127 | AX135: 130 | AY135: 126 | AZ135: 125 | BA135: 123 | BB135: 124 | BC135: 125 | BD135: 128 | BE135: 130 | BF135: 131 | BG135: 128 | BH135: 129 | BI135: 123 | BJ135: 114 | BK135: 116 | BL135: 111 | BM135: 110 | BN135: 109 | BO135: 114 | BP135: 107 | BQ135: 112 | BR135: 105 | BS135: 113 | BT135: 110 | BU135: 114 | BV135: 115 | BW135: 116 | BX135: 116 | BY135: 127 | BZ135: 124 | CA135: 123 | CB135: 134 | CC135: 139 | CD135: 139 | CE135: 134 | CF135: 134
A136: 后宅春庭月 | B136: 170 | C136: 177 | D136: 180 | E136: 183 | F136: 184 | G136: 188 | H136: 190 | I136: 188 | N136: 193 | O136: 186 | P136: 173 | Q136: 160 | R136: 154 | S136: 151 | T136: 142 | U136: 148 | V136: 144 | W136: 128 | X136: 125 | Y136: 128 | Z136: 133 | AA136: 143 | AB136: 137 | AC136: 198 | AE136: 193 | AF136: 198 | AG136: 196 | AM136: 199 | AN136: 198 | AO136: 193 | AP136: 183 | AQ136: 188 | AR136: 158 | AS136: 163 | AT136: 160 | AU136: 153 | AV136: 151 | AW136: 148 | AX136: 150 | AY136: 142 | AZ136: 135 | BA136: 130 | BB136: 131 | BC136: 132 | BD136: 137 | BE136: 136 | BF136: 135 | BG136: 129 | BH136: 127 | BI136: 127 | BJ136: 126 | BK136: 132 | BL136: 129 | BM136: 132 | BN136: 140 | BO136: 140 | BP136: 153 | BQ136: 153 | BR136: 166 | BS136: 160 | BT136: 163 | BU136: 170 | BV136: 182 | BW136: 191 | BX136: 175 | BY136: 150 | BZ136: 152 | CA136: 150 | CB136: 150 | CC136: 147 | CD136: 140 | CE136: 137 | CF136: 135
A137: 与君共长生 | B137: 152 | C137: 151 | D137: 159 | E137: 160 | F137: 161 | G137: 157 | H137: 156 | I137: 199 | K137: 160 | L137: 163 | M137: 175 | N137: 167 | O137: 170 | P137: 176 | T137: 195 | U137: 199 | Y137: 192 | Z137: 199 | AA137: 197 | AC137: 158 | AD137: 151 | AE137: 154 | AF137: 140 | AJ137: 141 | AK137: 130 | AL137: 121 | AM137: 131 | AN137: 128 | AO137: 129 | AP137: 132 | AQ137: 136 | AR137: 151 | AS137: 155 | AT137: 130 | AU137: 131 | AV137: 139 | AW137: 143 | AX137: 146 | AY137: 165 | AZ137: 166 | BA137: 161 | BD137: 186 | BE137: 143 | BF137: 140 | BG137: 183 | BH137: 178 | BI137: 170 | BJ137: 156 | BK137: 149 | BL137: 147 | BM137: 152 | BN137: 136 | BO137: 134 | BP137: 137 | BQ137: 143 | BR137: 123 | BS137: 120 | BT137: 122 | BU137: 84 | BV137: 80 | BW137: 117 | BX137: 92 | BY137: 124 | BZ137: 127 | CA137: 138 | CB137: 145 | CC137: 146 | CD137: 142 | CE137: 181 | CF137: 136
A138: 随身仙府记 | B138: 184 | C138: 185 | AR138: 111 | AS138: 110 | AT138: 119 | AU138: 122 | AV138: 120 | AW138: 129 | AX138: 132 | AY138: 151 | AZ138: 144 | BA138: 147 | BB138: 144 | BC138: 150 | BD138: 154 | BE138: 153 | CC138: 130 | CD138: 128 | CE138: 133 | CF138: 137
A139: 难寐春情艳事 | B139: 192 | C139: 187 | D139: 194 | E139: 190 | F139: 187 | G139: 191 | H139: 189 | I139: 191 | J139: 185 | K139: 184 | L139: 177 | M139: 178 | N139: 179 | O139: 174 | P139: 124 | Q139: 127 | R139: 126 | S139: 134 | T139: 131 | U139: 119 | V139: 140 | W139: 148 | X139: 164 | Y139: 176 | AC139: 199 | AD139: 197 | AF139: 194 | AG139: 179 | AH139: 191 | AI139: 196 | AJ139: 195 | AK139: 199 | AL139: 195 | AM139: 166 | AN139: 179 | AO139: 188 | BD139: 198 | BE139: 192 | BF139: 171 | BG139: 156 | BH139: 164 | BI139: 156 | BJ139: 150 | BK139: 141 | BL139: 138 | BM139: 141 | BN139: 141 | BO139: 137 | BP139: 133 | BQ139: 135 | BR139: 155 | BS139: 167 | BT139: 197 | BV139: 186 | BX139: 173 | BY139: 175 | BZ139: 186 | CA139: 181 | CB139: 178 | CC139: 174 | CD139: 150 | CE139: 135 | CF139: 138
A140: 开生门 | B140: 131 | C140: 108 | D140: 120 | E140: 118 | F140: 118 | G140: 118 | H140: 115 | I140: 113 | J140: 115 | K140: 114 | L140: 114 | M140: 116 | N140: 115 | O140: 111 | P140: 96 | Q140: 123 | R140: 137 | S140: 148 | T140: 184 | U140: 188 | V140: 191 | AG140: 188 | AH140: 188 | AL140: 188 | AM140: 193 | AS140: 165 | AT140: 159 | AU140: 155 | AV140: 156 | AW140: 142 | AX140: 141 | AY140: 139 | AZ140: 151 | BA140: 146 | BB140: 143 | BC140: 142 | BD140: 147 | BE140: 155 | BF140: 160 | BG140: 182 | BH140: 176 | BI140: 179 | BJ140: 198 | BL140: 186 | BM140: 187 | BN140: 172 | BO140: 177 | BP140: 180 | BQ140: 182 | BR140: 165 | BS140: 162 | BT140: 151 | BU140: 137 | BV140: 147 | BW140: 152 | BX140: 136 | BY140: 134 | BZ140: 134 | CA140: 137 | CB140: 138 | CC140: 135 | CD140: 131 | CE140: 136 | CF140: 139
A141: 废土之王Ⅰ：起源 | B141: 59 | C141: 62 | D141: 102 | E141: 101 | F141: 102 | G141: 97 | H141: 97 | I141: 101 | J141: 105 | K141: 103 | L141: 102 | M141: 100 | N141: 103 | O141: 101 | P141: 177 | Q141: 199 | R141: 182 | S141: 170 | X141: 188 | AG141: 176 | AH141: 195 | AI141: 190 | AJ141: 197 | AK141: 187 | AL141: 162 | AM141: 171 | AN141: 184 | AO141: 151 | AP141: 166 | AQ141: 160 | AR141: 156 | AS141: 156 | AT141: 124 | AU141: 132 | AV141: 116 | AW141: 122 | AX141: 120 | AY141: 64 | AZ141: 44 | BA141: 45 | BB141: 48 | BC141: 49 | BD141: 49 | BE141: 48 | BF141: 50 | BG141: 46 | BH141: 50 | BI141: 48 | BJ141: 45 | BK141: 44 | BL141: 64 | BM141: 128 | BN141: 125 | BO141: 128 | BP141: 129 | BQ141: 131 | BR141: 136 | BS141: 139 | BT141: 149 | BU141: 153 | BV141: 136 | BW141: 137 | BX141: 141 | BY141: 143 | BZ141: 148 | CA141: 159 | CB141: 152 | CC141: 150 | CD141: 144 | CE141: 140 | CF141: 140
A142: 我竟然是个女魔头 | B142: 125 | C142: 130 | D142: 112 | E142: 113 | F142: 111 | G142: 111 | H142: 111 | I142: 111 | J142: 109 | K142: 104 | L142: 100 | M142: 97 | N142: 101 | O142: 103 | P142: 157 | Q142: 146 | R142: 151 | S142: 144 | T142: 129 | U142: 126 | V142: 121 | W142: 123 | X142: 155 | Y142: 121 | Z142: 125 | AA142: 124 | AB142: 123 | AC142: 119 | AD142: 131 | AE142: 117 | AF142: 126 | AG142: 120 | AH142: 109 | AI142: 102 | AJ142: 113 | AK142: 116 | AL142: 117 | AM142: 159 | AN142: 161 | AO142: 166 | AP142: 163 | AQ142: 165 | AR142: 184 | AS142: 177 | AT142: 168 | AU142: 148 | AV142: 167 | AW142: 176 | AX142: 133 | AY142: 172 | AZ142: 167 | BA142: 165 | BB142: 129 | BC142: 127 | BD142: 125 | BE142: 131 | BF142: 133 | BG142: 132 | BH142: 145 | BI142: 152 | BJ142: 155 | BL142: 137 | BM142: 131 | BN142: 130 | BO142: 121 | BP142: 131 | BQ142: 141 | BR142: 124 | BS142: 125 | BT142: 121 | BU142: 92 | BV142: 90 | BW142: 91 | BX142: 78 | BY142: 107 | BZ142: 98 | CA142: 95 | CB142: 106 | CC142: 119 | CD142: 133 | CE142: 144 | CF142: 141
A143: 被迫成为战五渣后 | B143: 137 | C143: 144 | D143: 131 | E143: 131 | F143: 136 | G143: 132 | H143: 131 | I143: 130 | J143: 128 | K143: 127 | L143: 134 | M143: 138 | N143: 170 | O143: 175 | P143: 199 | Q143: 191 | R143: 177 | T143: 173 | AA143: 191 | AB143: 188 | AE143: 191 | AG143: 173 | AH143: 146 | AI143: 156 | AJ143: 155 | AK143: 151 | AL143: 144 | AM143: 138 | AN143: 147 | AO143: 135 | AP143: 144 | AQ143: 140 | AR143: 135 | AS143: 141 | AT143: 135 | AU143: 142 | AV143: 148 | AW143: 154 | AX143: 156 | AY143: 159 | AZ143: 162 | BA143: 159 | BB143: 165 | BC143: 169 | BD143: 170 | BE143: 187 | BF143: 190 | BG143: 180 | BH143: 185 | BI143: 168 | BJ143: 176 | BK143: 163 | BL143: 174 | BM143: 156 | BN143: 164 | BO143: 151 | BP143: 152 | BQ143: 151 | BR143: 146 | BS143: 133 | BT143: 134 | BU143: 136 | BV143: 138 | BW143: 145 | BX143: 159 | BY143: 155 | BZ143: 166 | CA143: 163 | CB143: 158 | CC143: 155 | CD143: 147 | CE143: 139 | CF143: 142
A144: 帝尊风月史 | B144: 159 | C144: 143 | D144: 138 | E144: 137 | F144: 135 | G144: 137 | H144: 135 | I144: 132 | J144: 127 | K144: 129 | L144: 125 | M144: 123 | N144: 118 | O144: 112 | P144: 102 | Q144: 105 | R144: 101 | S144: 95 | T144: 88 | U144: 74 | V144: 60 | W144: 54 | X144: 58 | Y144: 53 | Z144: 56 | AA144: 42 | AB144: 38 | AC144: 37 | AD144: 39 | AE144: 38 | AF144: 47 | AG144: 50 | AH144: 50 | AI144: 54 | AJ144: 65 | AK144: 64 | AL144: 68 | AM144: 83 | AN144: 82 | AO144: 98 | AP144: 95 | AQ144: 102 | AR144: 112 | AS144: 96 | AT144: 92 | AU144: 108 | AV144: 119 | AW144: 124 | AX144: 126 | AY144: 124 | AZ144: 122 | BA144: 126 | BB144: 116 | BC144: 120 | BD144: 114 | BE144: 113 | BF144: 113 | BG144: 113 | BH144: 108 | BI144: 99 | BJ144: 94 | BK144: 93 | BL144: 95 | BM144: 99 | BN144: 99 | BO144: 103 | BP144: 104 | BQ144: 101 | BR144: 110 | BS144: 114 | BT144: 119 | BU144: 127 | BV144: 140 | BW144: 144 | BX144: 154 | BY144: 141 | BZ144: 147 | CA144: 148 | CB144: 153 | CC144: 157 | CD144: 159 | CE144: 147 | CF144: 143
A145: 清宫梦几重 | B145: 128 | C145: 140 | D145: 148 | E145: 151 | F145: 152 | G145: 160 | H145: 171 | I145: 173 | J145: 173 | K145: 165 | L145: 167 | O145: 187 | S145: 152 | T145: 145 | U145: 137 | V145: 132 | W145: 82 | X145: 64 | Y145: 50 | Z145: 47 | AA145: 46 | AB145: 47 | AC145: 41 | AD145: 41 | AE145: 40 | AF145: 43 | AG145: 38 | AH145: 47 | AI145: 45 | AJ145: 46 | AK145: 68 | AL145: 83 | AM145: 117 | AN145: 117 | AO145: 113 | AP145: 102 | AQ145: 105 | AR145: 120 | AS145: 121 | AT145: 118 | AU145: 119 | AV145: 123 | AW145: 117 | AX145: 119 | AY145: 122 | AZ145: 124 | BA145: 127 | BB145: 136 | BC145: 129 | BD145: 129 | BE145: 128 | BF145: 123 | BG145: 116 | BH145: 122 | BI145: 121 | BJ145: 119 | BK145: 118 | BL145: 109 | BM145: 109 | BN145: 106 | BO145: 105 | BP145: 106 | BQ145: 107 | BR145: 112 | BS145: 119 | BT145: 115 | BU145: 123 | BV145: 122 | BW145: 127 | BX145: 124 | BY145: 125 | BZ145: 128 | CA145: 124 | CB145: 128 | CC145: 137 | CD145: 143 | CE145: 145 | CF145: 144
...

Sheet 人气变化
A1: 作品名 | B1: 2026-10-09 00:15 | C1: 2026-10-09 00:45 | D1: 2026-10-09 01:00 | E1: 2026-10-09 01:15 | F1: 2026-10-09 01:30 | G1: 2026-10-09 01:45 | H1: 2026-10-09 02:00 | I1: 2026-10-09 02:15 | J1: 2026-10-09 02:45 | K1: 2026-10-09 03:00 | L1: 2026-10-09 03:15 | M1: 2026-10-09 03:30 | N1: 2026-10-09 03:45 | O1: 2026-10-09 04:00 | P1: 2026-10-09 04:15 | Q1: 2026-10-09 04:45 | R1: 2026-10-09 05:00 | S1: 2026-10-09 05:15 | T1: 2026-10-09 05:30 | U1: 2026-10-09 05:45 | V1: 2026-10-09 06:00 | W1: 2026-10-09 06:15 | X1: 2026-10-09 06:30 | Y1: 2026-10-09 06:45 | Z1: 2026-10-09 07:00 | AA1: 2026-10-09 07:15 | AB1: 2026-10-09 07:30 | AC1: 2026-10-09 07:45 | AD1: 2026-10-09 08:00 | AE1: 2026-10-09 08:15 | AF1: 2026-10-09 08:45 | AG1: 2026-10-09 09:15 | AH1: 2026-10-09 09:30 | AI1: 2026-10-09 09:45 | AJ1: 2026-10-09 10:00 | AK1: 2026-10-09 10:15 | AL1: 2026-10-09 10:30 | AM1: 2026-10-09 10:45 | AN1: 2026-10-09 11:00 | AO1: 2026-10-09 11:15 | AP1: 2026-10-09 11:30 | AQ1: 2026-10-09 11:45 | AR1: 2026-10-09 12:00 | AS1: 2026-10-09 12:30 | AT1: 2026-10-09 12:45 | AU1: 2026-10-09 13:00 | AV1: 2026-10-09 13:15 | AW1: 2026-10-09 13:30 | AX1: 2026-10-09 13:45 | AY1: 2026-10-09 14:00 | AZ1: 2026-10-09 14:30 | BA1: 2026-10-09 14:45 | BB1: 2026-10-09 15:15 | BC1: 2026-10-09 15:30 | BD1: 2026-10-09 15:45 | BE1: 2026-10-09 16:00 | BF1: 2026-10-09 16:15 | BG1: 2026-10-09 16:45 | BH1: 2026-10-09 17:00 | BI1: 2026-10-09 17:15 | BJ1: 2026-10-09 17:30 | BK1: 2026-10-09 17:45 | BL1: 2026-10-09 18:00 | BM1: 2026-10-09 18:15 | BN1: 2026-10-09 18:45 | BO1: 2026-10-09 19:00 | BP1: 2026-10-09 19:15 | BQ1: 2026-10-09 19:30 | BR1: 2026-10-09 19:45 | BS1: 2026-10-09 20:00 | BT1: 2026-10-09 20:15 | BU1: 2026-10-09 20:30 | BV1: 2026-10-09 21:00 | BW1: 2026-10-09 21:15 | BX1: 2026-10-09 21:30 | BY1: 2026-10-09 22:00 | BZ1: 2026-10-09 22:15 | CA1: 2026-10-09 22:30 | CB1: 2026-10-09 22:45 | CC1: 2026-10-09 23:15 | CD1: 2026-10-09 23:30 | CE1: 2026-10-09 23:45 | CF1: 2026-10-10 00:00
A2: 师途 | B2: 158804066 | C2: 158804066 | D2: 158804066 | E2: 158810189 | F2: 158810189 | G2: 158810189 | H2: 158810189 | I2: 158811661 | J2: 158811661 | K2: 158811661 | L2: 158811661 | M2: 158811661 | N2: 158811661 | O2: 158811661 | P2: 158813081 | Q2: 158813081 | R2: 158813081 | S2: 158813081 | T2: 158813081 | U2: 158813081 | V2: 158813081 | W2: 158813081 | X2: 158813081 | Y2: 158813081 | Z2: 158813081 | AA2: 158814066 | AB2: 158814066 | AC2: 158814066 | AD2: 158814066 | AE2: 158814066 | AF2: 158814066 | AG2: 158814066 | AH2: 158815667 | AI2: 158815667 | AJ2: 158815667 | AK2: 158816935 | AL2: 158816935 | AM2: 158816935 | AN2: 158816935 | AO2: 158818471 | AP2: 158818471 | AQ2: 158818471 | AR2: 158818471 | AS2: 158819917 | AT2: 158819917 | AU2: 158819917 | AV2: 158819917 | AW2: 158821591 | AX2: 158821591 | AY2: 158821591 | AZ2: 158823554 | BA2: 158823554 | BB2: 158823554 | BC2: 158823554 | BD2: 158823554 | BE2: 158823554 | BF2: 158823554 | BG2: 158823554 | BH2: 158823554 | BI2: 158823554 | BJ2: 158829046 | BK2: 158829046 | BL2: 158829046 | BM2: 158830804 | BN2: 158830804 | BO2: 158830804 | BP2: 158830804 | BQ2: 158832601 | BR2: 158832601 | BS2: 158832601 | BT2: 158832601 | BU2: 158834764 | BV2: 158834764 | BW2: 158834764 | BX2: 158834764 | BY2: 158834764 | BZ2: 158834764 | CA2: 158839858 | CB2: 158839858 | CC2: 158839858 | CD2: 158843139 | CE2: 158843139 | CF2: 158843139
A3: 临帝阙 | B3: 140692172 | C3: 140692172 | D3: 140692172 | E3: 140692172 | F3: 140700517 | G3: 140700517 | H3: 140700517 | I3: 140700517 | J3: 140702451 | K3: 140702451 | L3: 140702451 | M3: 140702451 | N3: 140702451 | O3: 140702451 | P3: 140702451 | Q3: 140704351 | R3: 140704351 | S3: 140704351 | T3: 140704351 | U3: 140704351 | V3: 140704351 | W3: 140704351 | X3: 140704351 | Y3: 140704351 | Z3: 140704351 | AA3: 140704351 | AB3: 140705622 | AC3: 140705622 | AD3: 140705622 | AE3: 140705622 | AF3: 140705622 | AG3: 140705622 | AH3: 140707483 | AI3: 140707483 | AJ3: 140707483 | AK3: 140707483 | AL3: 140709013 | AM3: 140709013 | AN3: 140709013 | AO3: 140709013 | AP3: 140710939 | AQ3: 140710939 | AR3: 140710939 | AS3: 140712841 | AT3: 140712841 | AU3: 140712841 | AV3: 140712841 | AW3: 140715326 | AX3: 140715326 | AY3: 140715326 | AZ3: 140715326 | BA3: 140718372 | BB3: 140718372 | BC3: 140718372 | BD3: 140718372 | BE3: 140718372 | BF3: 140718372 | BG3: 140718372 | BH3: 140718372 | BI3: 140718372 | BJ3: 140718372 | BK3: 140718372 | BL3: 140718372 | BM3: 140718372 | BN3: 140730476 | BO3: 140730476 | BP3: 140730476 | BQ3: 140736152 | BR3: 140736152 | BS3: 140736152 | BT3: 140736152 | BU3: 140742096 | BV3: 140742096 | BW3: 140742096 | BX3: 140742096 | BY3: 140742096 | BZ3: 140742096 | CA3: 140755317 | CB3: 140755317 | CC3: 140755317 | CD3: 140763457 | CE3: 140763457 | CF3: 140763457
A4: 仙路漫漫 | B4: 92971639 | C4: 92971639 | D4: 92971639 | E4: 92971639 | F4: 92973816 | G4: 92973816 | H4: 92973816 | I4: 92974326 | J4: 92974326 | K4: 92974326 | L4: 92974326 | M4: 92974326 | N4: 92974326 | O4: 92974326 | P4: 92974857 | Q4: 92974857 | R4: 92974857 | S4: 92974857 | T4: 92974857 | U4: 92974857 | V4: 92974857 | W4: 92974857 | X4: 92974857 | Y4: 92974857 | Z4: 92974857 | AA4: 92975260 | AB4: 92975260 | AC4: 92975260 | AD4: 92975260 | AE4: 92975260 | AF4: 92975260 | AG4: 92975260 | AH4: 92975928 | AI4: 92975928 | AJ4: 92975928 | AK4: 92976315 | AL4: 92976315 | AM4: 92976315 | AN4: 92976315 | AO4: 92976315 | AP4: 92976857 | AQ4: 92976857 | AR4: 92976857 | AS4: 92977345 | AT4: 92977345 | AU4: 92977345 | AV4: 92977345 | AW4: 92977903 | AX4: 92977903 | AY4: 92977903 | AZ4: 92978531 | BA4: 92978531 | BB4: 92978531 | BC4: 92978531 | BD4: 92978531 | BE4: 92978531 | BF4: 92978531 | BG4: 92978531 | BH4: 92978531 | BI4: 92978531 | BJ4: 92980392 | BK4: 92980392 | BL4: 92980392 | BM4: 92980969 | BN4: 92980969 | BO4: 92980969 | BP4: 92980969 | BQ4: 92981515 | BR4: 92981515 | BS4: 92981515 | BT4: 92981515 | BU4: 92982125 | BV4: 92982125 | BW4: 92982125 | BX4: 92982125 | BY4: 92982125 | BZ4: 92982125 | CA4: 92983713 | CB4: 92983713 | CC4: 92983713 | CD4: 92984686 | CE4: 92984686 | CF4: 92984686
A5: 宫斗这件小事新版 | B5: 83831882 | C5: 83831882 | D5: 83831882 | E5: 83832455 | F5: 83832455 | G5: 83832455 | H5: 83832455 | I5: 83832612 | J5: 83832612 | K5: 83832612 | L5: 83832612 | M5: 83832612 | N5: 83832612 | O5: 83832612 | P5: 83832779 | Q5: 83832779 | R5: 83832779 | S5: 83832779 | T5: 83832779 | U5: 83832779 | V5: 83832779 | W5: 83832779 | X5: 83832779 | Y5: 83832779 | Z5: 83832779 | AA5: 83832890 | AB5: 83832890 | AC5: 83832890 | AD5: 83832890 | AE5: 83832890 | AF5: 83832890 | AG5: 83832890 | AH5: 83832997 | AI5: 83832997 | AJ5: 83832997 | AK5: 83833128 | AL5: 83833128 | AM5: 83833128 | AN5: 83833128 | AO5: 83833271 | AP5: 83833271 | AQ5: 83833271 | AR5: 83833271 | AS5: 83833446 | AT5: 83833446 | AU5: 83833446 | AV5: 83833608 | AW5: 83833608 | AX5: 83833608 | AY5: 83833608 | AZ5: 83833756 | BA5: 83833756 | BB5: 83833756 | BC5: 83833756 | BD5: 83833756 | BE5: 83833756 | BF5: 83833756 | BG5: 83833756 | BH5: 83833756 | BI5: 83833756 | BJ5: 83834301 | BK5: 83834301 | BL5: 83834301 | BM5: 83834460 | BN5: 83834460 | BO5: 83834460 | BP5: 83834460 | BQ5: 83834609 | BR5: 83834609 | BS5: 83834609 | BT5: 83834609 | BU5: 83834805 | BV5: 83834805 | BW5: 83834805 | BX5: 83834805 | BY5: 83834805 | BZ5: 83834805 | CA5: 83835296 | CB5: 83835296 | CC5: 83835296 | CD5: 83835598 | CE5: 83835598 | CF5: 83835598
A6: 怪我过分美丽 | B6: 62383200 | C6: 62383200 | D6: 62383200 | E6: 62383200 | F6: 62387108 | G6: 62387108 | H6: 62387108 | I6: 62387108 | J6: 62387904 | K6: 62387904 | L6: 62387904 | M6: 62387904 | N6: 62387904 | O6: 62387904 | P6: 62387904 | Q6: 62388677 | R6: 62388677 | S6: 62388677 | T6: 62388677 | U6: 62388677 | V6: 62388677 | W6: 62388677 | X6: 62388677 | Y6: 62388677 | Z6: 62388677 | AA6: 62388677 | AB6: 62389288 | AC6: 62389288 | AD6: 62389288 | AE6: 62389288 | AF6: 62389288 | AG6: 62389288 | AH6: 62390489 | AI6: 62390489 | AJ6: 62390489 | AK6: 62390489 | AL6: 62391398 | AM6: 62391398 | AN6: 62391398 | AO6: 62391398 | AP6: 62392432 | AQ6: 62392432 | AR6: 62392432 | AS6: 62393491 | AT6: 62393491 | AU6: 62393491 | AV6: 62393491 | AW6: 62394676 | AX6: 62394676 | AY6: 62394676 | AZ6: 62396035 | BA6: 62396035 | BB6: 62396035 | BC6: 62396035 | BD6: 62396035 | BE6: 62396035 | BF6: 62396035 | BG6: 62396035 | BH6: 62396035 | BI6: 62396035 | BJ6: 62399656 | BK6: 62399656 | BL6: 62399656 | BM6: 62403659 | BN6: 62403659 | BO6: 62403659 | BP6: 62403659 | BQ6: 62409632 | BR6: 62409632 | BS6: 62409632 | BT6: 62409632 | BU6: 62413236 | BV6: 62413236 | BW6: 62413236 | BX6: 62413236 | BY6: 62413236 | BZ6: 62413236 | CA6: 62416601 | CB6: 62416601 | CC6: 62416601 | CD6: 62418635 | CE6: 62418635 | CF6: 62418635
A7: 幼主本纪 | B7: 46976723 | C7: 46976723 | D7: 46976723 | E7: 46976723 | F7: 46977077 | G7: 46977077 | H7: 46977077 | I7: 46977186 | J7: 46977186 | K7: 46977186 | L7: 46977186 | M7: 46977186 | N7: 46977186 | O7: 46977186 | P7: 46977270 | Q7: 46977270 | R7: 46977270 | S7: 46977270 | T7: 46977270 | U7: 46977270 | V7: 46977270 | W7: 46977270 | X7: 46977270 | Y7: 46977270 | Z7: 46977270 | AA7: 46977270 | AB7: 46977331 | AC7: 46977331 | AF7: 46977331 | AG7: 46977331 | AH7: 46977404 | AI7: 46977404 | AJ7: 46977404 | AK7: 46977404 | AL7: 46977459 | AM7: 46977459 | AN7: 46977459 | AO7: 46977459 | AP7: 46977530 | AQ7: 46977530 | AR7: 46977530 | AS7: 46977619 | AT7: 46977619 | AU7: 46977619 | AV7: 46977619 | AW7: 46977714 | AX7: 46977714 | AY7: 46977714 | AZ7: 46977807 | BA7: 46977807 | BB7: 46977807 | BC7: 46977807 | BD7: 46977807 | BE7: 46977807 | BF7: 46977807 | BG7: 46977807 | BH7: 46977807 | BI7: 46977807 | BJ7: 46978194 | BK7: 46978194 | BL7: 46978194 | BM7: 46978290 | BN7: 46978290 | BO7: 46978290 | BP7: 46978290 | BQ7: 46978393 | BR7: 46978393 | BS7: 46978393 | BT7: 46978393 | BU7: 46978523 | BV7: 46978523 | BW7: 46978523 | BX7: 46978523 | BY7: 46978523 | BZ7: 46978523 | CA7: 46978813 | CB7: 46978813 | CC7: 46978813 | CD7: 46978989 | CE7: 46978989 | CF7: 46978989
A8: 神也梦春秋 | B8: 41985635 | C8: 41985635 | D8: 41985635 | E8: 41985635 | F8: 41985635 | G8: 41989476 | H8: 41989476 | I8: 41989476 | J8: 41990282 | K8: 41990282 | L8: 41990282 | M8: 41990282 | N8: 41990282 | O8: 41990282 | P8: 41990282 | Q8: 41991044 | R8: 41991044 | S8: 41991044 | T8: 41991044 | U8: 41991044 | V8: 41991044 | W8: 41991044 | X8: 41991044 | Y8: 41991044 | Z8: 41991044 | AA8: 41991044 | AB8: 41991044 | AC8: 41991554 | AD8: 41991554 | AE8: 41991554 | AF8: 41991554 | AG8: 41991554 | AH8: 41991554 | AI8: 41992512 | AJ8: 41992512 | AK8: 41992512 | AL8: 41992512 | AM8: 41993117 | AN8: 41993117 | AO8: 41993117 | AP8: 41993117 | AQ8: 41993117 | AR8: 41993117 | AS8: 41993117 | AT8: 41994597 | AU8: 41994597 | AV8: 41994597 | AW8: 41994597 | AX8: 41995441 | AY8: 41995441 | AZ8: 41995441 | BA8: 41996268 | BB8: 41996268 | BC8: 41996268 | BD8: 41996268 | BE8: 41996268 | BF8: 41996268 | BG8: 41996268 | BH8: 41996268 | BI8: 41996268 | BJ8: 41996268 | BK8: 41996268 | BL8: 41996268 | BM8: 41996268 | BN8: 41999246 | BO8: 41999246 | BP8: 41999246 | BQ8: 41999246 | BR8: 42000068 | BS8: 42000068 | BT8: 42000068 | BU8: 42000068 | BV8: 42001001 | BW8: 42001001 | BX8: 42001001 | BY8: 42001001 | BZ8: 42001001 | CA8: 42001001 | CB8: 42003286 | CC8: 42003286 | CD8: 42003286 | CE8: 42004890 | CF8: 42004890
A9: 宫妃 | B9: 38247601 | C9: 38247601 | D9: 38247601 | E9: 38248681 | F9: 38248681 | G9: 38248681 | H9: 38248681 | I9: 38248983 | J9: 38248983 | K9: 38248983 | L9: 38248983 | M9: 38248983 | N9: 38248983 | O9: 38248983 | P9: 38249255 | Q9: 38249255 | R9: 38249255 | S9: 38249255 | T9: 38249255 | U9: 38249255 | V9: 38249255 | W9: 38249255 | X9: 38249255 | Y9: 38249255 | Z9: 38249255 | AA9: 38249438 | AB9: 38249438 | AC9: 38249438 | AD9: 38249438 | AE9: 38249438 | AF9: 38249438 | AG9: 38249438 | AH9: 38249660 | AI9: 38249660 | AJ9: 38249660 | AK9: 38249860 | AL9: 38249860 | AM9: 38249860 | AN9: 38249860 | AO9: 38250185 | AP9: 38250185 | AQ9: 38250185 | AR9: 38250185 | AS9: 38250481 | AT9: 38250481 | AU9: 38250481 | AV9: 38250802 | AW9: 38250802 | AX9: 38250802 | AY9: 38250802 | AZ9: 38251132 | BA9: 38251132 | BB9: 38251132 | BC9: 38251132 | BD9: 38251132 | BE9: 38251132 | BF9: 38251132 | BG9: 38251132 | BH9: 38251132 | BI9: 38251132 | BJ9: 38252328 | BK9: 38252328 | BL9: 38252328 | BM9: 38252690 | BN9: 38252690 | BO9: 38252690 | BP9: 38252690 | BQ9: 38253099 | BR9: 38253099 | BS9: 38253099 | BT9: 38253099 | BU9: 38253576 | BV9: 38253576 | BW9: 38253576 | BX9: 38253576 | BY9: 38253576 | BZ9: 38253576 | CA9: 38254614 | CB9: 38254614 | CC9: 38254614 | CD9: 38255265 | CE9: 38255265 | CF9: 38255265
